Source,Target,Type,kind,weight
com.mojang.blaze3d.audio,net.minecraft.client.sounds,Directed,calls,1
com.mojang.blaze3d.audio,net.minecraft.util.Mth,Directed,calls,3
com.mojang.blaze3d.audio,net.minecraft.world.level,Directed,calls,1
com.mojang.blaze3d.audio,net.neoforged.neoforge.client,Directed,calls,1
com.mojang.blaze3d.audio,net.minecraft.util.valueproviders,Directed,calls,1
com.mojang.blaze3d.Blaze3D,com.mojang.blaze3d.pipeline,Directed,calls,2
com.mojang.blaze3d.font,net.minecraft.client.gui,Directed,calls,4
com.mojang.blaze3d.font,net.minecraft.world.level,Directed,calls,1
com.mojang.blaze3d.font,com.mojang.blaze3d.platform,Directed,calls,1
com.mojang.blaze3d.pipeline,com.mojang.blaze3d.platform,Directed,calls,79
com.mojang.blaze3d.pipeline,com.mojang.blaze3d.systems,Directed,calls,25
com.mojang.blaze3d.pipeline,net.minecraft.core.NonNullList,Directed,calls,2
com.mojang.blaze3d.pipeline,net.minecraft.client.Minecraft,Directed,calls,1
com.mojang.blaze3d.pipeline,com.mojang.blaze3d.vertex,Directed,calls,2
com.mojang.blaze3d.platform,net.minecraft.util.StringDecomposer,Directed,calls,1
com.mojang.blaze3d.platform,net.minecraft.world.level,Directed,calls,6
com.mojang.blaze3d.platform,com.mojang.blaze3d.vertex,Directed,calls,7
com.mojang.blaze3d.platform,net.minecraft.server.rcon,Directed,calls,2
com.mojang.blaze3d.platform,com.mojang.realmsclient.dto,Directed,calls,1
com.mojang.blaze3d.platform,net.minecraft.client.gui,Directed,calls,9
com.mojang.blaze3d.platform,net.minecraft.network.chat,Directed,calls,2
com.mojang.blaze3d.platform,com.mojang.blaze3d.systems,Directed,calls,168
com.mojang.blaze3d.platform,com.mojang.blaze3d.shaders,Directed,calls,4
com.mojang.blaze3d.platform,net.minecraft.server.packs,Directed,calls,8
com.mojang.blaze3d.platform,net.minecraft.client.StringSplitter,Directed,calls,2
com.mojang.blaze3d.platform,net.minecraft.core.NonNullList,Directed,calls,1
com.mojang.blaze3d.platform,net.minecraft.client.searchtree,Directed,calls,1
com.mojang.blaze3d.platform,net.minecraft.util.valueproviders,Directed,calls,2
com.mojang.blaze3d.platform,net.minecraft.world.entity,Directed,calls,2
com.mojang.blaze3d.platform,net.minecraft.core.Holder,Directed,calls,1
com.mojang.blaze3d.platform,net.minecraft.commands.arguments,Directed,calls,2
com.mojang.blaze3d.platform,net.minecraft.client.main,Directed,calls,1
com.mojang.blaze3d.preprocessor,net.minecraft.client.gui,Directed,calls,5
com.mojang.blaze3d.preprocessor,net.minecraft.server.commands,Directed,calls,9
com.mojang.blaze3d.preprocessor,net.minecraft.util.StringUtil,Directed,calls,4
com.mojang.blaze3d.preprocessor,net.minecraft.FileUtil,Directed,calls,1
com.mojang.blaze3d.preprocessor,net.neoforged.neoforge.common,Directed,calls,1
com.mojang.blaze3d.shaders,com.mojang.blaze3d.systems,Directed,calls,27
com.mojang.blaze3d.shaders,net.minecraft.util.ArrayListDeque,Directed,calls,4
com.mojang.blaze3d.shaders,com.mojang.blaze3d.platform,Directed,calls,16
com.mojang.blaze3d.shaders,com.mojang.realmsclient.util,Directed,calls,1
com.mojang.blaze3d.shaders,com.mojang.blaze3d.preprocessor,Directed,calls,1
com.mojang.blaze3d.shaders,net.minecraft.server.packs,Directed,calls,4
com.mojang.blaze3d.systems,net.minecraft.server.commands,Directed,calls,1
com.mojang.blaze3d.systems,net.minecraft.Util,Directed,calls,2
com.mojang.blaze3d.systems,net.minecraft.server.bossevents,Directed,calls,2
com.mojang.blaze3d.systems,com.mojang.blaze3d.vertex,Directed,calls,1
com.mojang.blaze3d.systems,net.minecraft.util.thread,Directed,calls,5
com.mojang.blaze3d.systems,com.mojang.blaze3d.platform,Directed,calls,83
com.mojang.blaze3d.systems,net.minecraft.client.StringSplitter,Directed,calls,3
com.mojang.blaze3d.systems,com.mojang.math.Transformation,Directed,calls,6
com.mojang.blaze3d.systems,net.minecraft.world.level,Directed,calls,1
com.mojang.blaze3d.systems,net.minecraft.client.Minecraft,Directed,calls,3
com.mojang.blaze3d.systems,net.minecraft.server.packs,Directed,calls,2
com.mojang.blaze3d.systems,net.minecraft.util.Mth,Directed,calls,2
com.mojang.blaze3d.systems,net.minecraft.nbt.CompoundTag,Directed,calls,1
com.mojang.blaze3d.vertex,net.minecraft.util.Mth,Directed,calls,1
com.mojang.blaze3d.vertex,com.mojang.blaze3d.systems,Directed,calls,24
com.mojang.blaze3d.vertex,net.minecraft.world.level,Directed,calls,1
com.mojang.blaze3d.vertex,com.mojang.math.MatrixUtil,Directed,calls,2
com.mojang.blaze3d.vertex,net.minecraft.core.Direction,Directed,calls,2
com.mojang.blaze3d.vertex,com.mojang.blaze3d.platform,Directed,calls,11
com.mojang.blaze3d.vertex,net.minecraft.client.renderer,Directed,calls,5
com.mojang.blaze3d.vertex,net.minecraft.client.Minecraft,Directed,calls,1
com.mojang.blaze3d.vertex,net.minecraft.core.Vec3i,Directed,calls,3
com.mojang.blaze3d.vertex,net.neoforged.neoforge.client,Directed,calls,2
com.mojang.blaze3d.vertex,net.neoforged.neoforge.common,Directed,calls,2
com.mojang.blaze3d.vertex,net.minecraft.core.SectionPos,Directed,calls,6
com.mojang.blaze3d.vertex,net.minecraft.client.telemetry,Directed,calls,2
com.mojang.math.MatrixUtil,net.minecraft.world.level,Directed,calls,9
com.mojang.math.OctahedralGroup,net.minecraft.client.gui,Directed,calls,1
com.mojang.math.OctahedralGroup,net.minecraft.core.Direction,Directed,calls,2
com.mojang.math.OctahedralGroup,net.minecraft.core.FrontAndTop,Directed,calls,3
com.mojang.math.Transformation,net.minecraft.world.level,Directed,calls,2
com.mojang.math.Transformation,com.mojang.math.MatrixUtil,Directed,calls,1
com.mojang.realmsclient.client,com.mojang.realmsclient.exception,Directed,calls,6
com.mojang.realmsclient.client,net.minecraft.util.ArrayListDeque,Directed,calls,1
com.mojang.realmsclient.client,net.minecraft.data.worldgen,Directed,calls,1
com.mojang.realmsclient.client,net.minecraft.world.level,Directed,calls,8
com.mojang.realmsclient.client,net.minecraft.client.Minecraft,Directed,calls,5
com.mojang.realmsclient.client,net.minecraft.util.eventlog,Directed,calls,1
com.mojang.realmsclient.client,net.minecraft.server.rcon,Directed,calls,1
com.mojang.realmsclient.client,net.minecraft.client.User,Directed,calls,2
com.mojang.realmsclient.client,net.minecraft.client.gui,Directed,calls,2
com.mojang.realmsclient.client,com.mojang.realmsclient.gui,Directed,calls,2
com.mojang.realmsclient.client,com.mojang.realmsclient.util,Directed,calls,1
com.mojang.realmsclient.client,net.minecraft.client.main,Directed,calls,2
com.mojang.realmsclient.client,net.minecraft.Util,Directed,calls,1
com.mojang.realmsclient.client,com.mojang.realmsclient.RealmsMainScreen,Directed,calls,2
com.mojang.realmsclient.client,com.mojang.realmsclient.dto,Directed,calls,20
com.mojang.realmsclient.client,net.minecraft.nbt.StringTag,Directed,calls,27
com.mojang.realmsclient.client,com.mojang.blaze3d.vertex,Directed,calls,1
com.mojang.realmsclient.client,net.minecraft.nbt.LongTag,Directed,calls,1
com.mojang.realmsclient.client,net.minecraft.world.flag,Directed,calls,1
com.mojang.realmsclient.client,net.minecraft.SharedConstants,Directed,calls,1
com.mojang.realmsclient.client,net.minecraft.network.chat,Directed,calls,8
com.mojang.realmsclient.client,net.minecraft.client.multiplayer,Directed,calls,1
com.mojang.realmsclient.client,net.minecraft.util.GsonHelper,Directed,calls,3
com.mojang.realmsclient.client,net.minecraft.client.resources,Directed,calls,2
com.mojang.realmsclient.dto,net.minecraft.util.GsonHelper,Directed,calls,3
com.mojang.realmsclient.dto,com.mojang.realmsclient.util,Directed,calls,94
com.mojang.realmsclient.dto,net.minecraft.CrashReportCategory,Directed,calls,5
com.mojang.realmsclient.dto,com.mojang.realmsclient.exception,Directed,calls,15
com.mojang.realmsclient.dto,net.minecraft.util.ArrayListDeque,Directed,calls,8
com.mojang.realmsclient.dto,net.minecraft.client.multiplayer,Directed,calls,3
com.mojang.realmsclient.dto,net.minecraft.client.gui,Directed,calls,14
com.mojang.realmsclient.dto,net.minecraft.resources.ResourceLocation,Directed,calls,1
com.mojang.realmsclient.dto,net.minecraft.client.Minecraft,Directed,calls,6
com.mojang.realmsclient.dto,net.minecraft.Util,Directed,calls,1
com.mojang.realmsclient.dto,net.minecraft.network.chat,Directed,calls,3
com.mojang.realmsclient.dto,net.minecraft.client.telemetry,Directed,calls,2
com.mojang.realmsclient.dto,com.mojang.blaze3d.vertex,Directed,calls,1
com.mojang.realmsclient.dto,net.minecraft.core.NonNullList,Directed,calls,1
com.mojang.realmsclient.dto,net.minecraft.client.resources,Directed,calls,3
com.mojang.realmsclient.dto,net.minecraft.util.StringUtil,Directed,calls,1
com.mojang.realmsclient.dto,net.minecraft.server.packs,Directed,calls,1
com.mojang.realmsclient.gui,com.mojang.realmsclient.client,Directed,calls,39
com.mojang.realmsclient.gui,com.mojang.realmsclient.RealmsMainScreen,Directed,calls,7
com.mojang.realmsclient.gui,net.minecraft.core.NonNullList,Directed,calls,5
com.mojang.realmsclient.gui,net.minecraft.world.level,Directed,calls,7
com.mojang.realmsclient.gui,net.minecraft.server.players,Directed,calls,1
com.mojang.realmsclient.gui,net.minecraft.client.gui,Directed,calls,307
com.mojang.realmsclient.gui,net.minecraft.network.chat,Directed,calls,146
com.mojang.realmsclient.gui,com.mojang.blaze3d.platform,Directed,calls,5
com.mojang.realmsclient.gui,com.mojang.realmsclient.util,Directed,calls,22
com.mojang.realmsclient.gui,net.minecraft.nbt.StringTag,Directed,calls,5
com.mojang.realmsclient.gui,com.mojang.blaze3d.systems,Directed,calls,3
com.mojang.realmsclient.gui,net.minecraft.client.Minecraft,Directed,calls,4
com.mojang.realmsclient.gui,com.mojang.realmsclient.dto,Directed,calls,12
com.mojang.realmsclient.gui,net.minecraft.server.packs,Directed,calls,4
com.mojang.realmsclient.gui,net.minecraft.realms.RealmsScreen,Directed,calls,67
com.mojang.realmsclient.gui,mcp.client.Start,Directed,calls,1
com.mojang.realmsclient.gui,net.minecraft.network.codec,Directed,calls,2
com.mojang.realmsclient.gui,net.minecraft.CrashReportCategory,Directed,calls,17
com.mojang.realmsclient.gui,net.minecraft.util.Mth,Directed,calls,4
com.mojang.realmsclient.gui,net.minecraft.SharedConstants,Directed,calls,2
com.mojang.realmsclient.gui,net.minecraft.util.StringUtil,Directed,calls,4
com.mojang.realmsclient.gui,com.mojang.realmsclient.Unit,Directed,calls,12
com.mojang.realmsclient.gui,net.minecraft.Util,Directed,calls,9
com.mojang.realmsclient.gui,net.minecraft.server.rcon,Directed,calls,1
com.mojang.realmsclient.gui,net.minecraft.realms.RepeatedNarrator,Directed,calls,1
com.mojang.realmsclient.gui,net.minecraft.advancements.AdvancementTree,Directed,calls,1
com.mojang.realmsclient.gui,net.minecraft.client.telemetry,Directed,calls,1
com.mojang.realmsclient.gui,net.neoforged.neoforge.common,Directed,calls,4
com.mojang.realmsclient.gui,com.mojang.realmsclient.exception,Directed,calls,1
com.mojang.realmsclient.gui,net.minecraft.client.resources,Directed,calls,3
com.mojang.realmsclient.gui,net.minecraft.util.ArrayListDeque,Directed,calls,1
com.mojang.realmsclient.gui,net.minecraft.util.CommonLinks,Directed,calls,1
com.mojang.realmsclient.gui,net.minecraft.util.eventlog,Directed,calls,1
com.mojang.realmsclient.RealmsAvailability,net.minecraft.client.Minecraft,Directed,calls,1
com.mojang.realmsclient.RealmsAvailability,net.minecraft.client.User,Directed,calls,1
com.mojang.realmsclient.RealmsAvailability,com.mojang.realmsclient.client,Directed,calls,3
com.mojang.realmsclient.RealmsAvailability,net.minecraft.Util,Directed,calls,1
com.mojang.realmsclient.RealmsAvailability,net.minecraft.network.chat,Directed,calls,2
com.mojang.realmsclient.RealmsMainScreen,net.minecraft.network.chat,Directed,calls,45
com.mojang.realmsclient.RealmsMainScreen,net.minecraft.client.gui,Directed,calls,70
com.mojang.realmsclient.RealmsMainScreen,com.mojang.realmsclient.util,Directed,calls,4
com.mojang.realmsclient.RealmsMainScreen,net.minecraft.core.NonNullList,Directed,calls,5
com.mojang.realmsclient.RealmsMainScreen,com.mojang.realmsclient.RealmsAvailability,Directed,calls,1
com.mojang.realmsclient.RealmsMainScreen,com.mojang.realmsclient.dto,Directed,calls,10
com.mojang.realmsclient.RealmsMainScreen,net.minecraft.client.Minecraft,Directed,calls,11
com.mojang.realmsclient.RealmsMainScreen,com.mojang.realmsclient.gui,Directed,calls,5
com.mojang.realmsclient.RealmsMainScreen,com.mojang.realmsclient.client,Directed,calls,8
com.mojang.realmsclient.RealmsMainScreen,net.minecraft.util.Mth,Directed,calls,1
com.mojang.realmsclient.RealmsMainScreen,net.minecraft.util.CommonLinks,Directed,calls,1
com.mojang.realmsclient.RealmsMainScreen,net.minecraft.Util,Directed,calls,3
com.mojang.realmsclient.RealmsMainScreen,net.minecraft.SharedConstants,Directed,calls,4
com.mojang.realmsclient.RealmsMainScreen,net.minecraft.util.StringUtil,Directed,calls,1
com.mojang.realmsclient.RealmsMainScreen,net.minecraft.client.resources,Directed,calls,3
com.mojang.realmsclient.RealmsMainScreen,com.mojang.blaze3d.platform,Directed,calls,3
com.mojang.realmsclient.Unit,net.minecraft.nbt.StringTag,Directed,calls,1
com.mojang.realmsclient.Unit,net.minecraft.nbt.ByteTag,Directed,calls,1
com.mojang.realmsclient.util,net.minecraft.network.chat,Directed,calls,11
com.mojang.realmsclient.util,net.minecraft.resources.ResourceKey,Directed,calls,1
com.mojang.realmsclient.util,net.minecraft.util.GsonHelper,Directed,calls,1
com.mojang.realmsclient.util,net.minecraft.server.rcon,Directed,calls,1
com.mojang.realmsclient.util,net.minecraft.client.Minecraft,Directed,calls,14
com.mojang.realmsclient.util,net.minecraft.client.renderer,Directed,calls,1
com.mojang.realmsclient.util,net.minecraft.resources.ResourceLocation,Directed,calls,1
com.mojang.realmsclient.util,com.mojang.blaze3d.platform,Directed,calls,1
com.mojang.realmsclient.util,net.minecraft.client.resources,Directed,calls,2
com.mojang.realmsclient.util,net.minecraft.client.gui,Directed,calls,5
com.mojang.realmsclient.util,com.mojang.realmsclient.client,Directed,calls,18
com.mojang.realmsclient.util,net.minecraft.client.multiplayer,Directed,calls,1
com.mojang.realmsclient.util,com.mojang.realmsclient.RealmsMainScreen,Directed,calls,2
com.mojang.realmsclient.util,net.minecraft.world.level,Directed,calls,1
com.mojang.realmsclient.util,com.mojang.realmsclient.gui,Directed,calls,1
com.mojang.realmsclient.util,com.mojang.realmsclient.exception,Directed,calls,1
mcp.client.Start,net.minecraft.client.main,Directed,calls,1
net.minecraft.advancements.Advancement,net.minecraft.server.level,Directed,calls,1
net.minecraft.advancements.Advancement,net.minecraft.world.InteractionResultHolder,Directed,calls,1
net.minecraft.advancements.Advancement,net.minecraft.client.gui,Directed,calls,3
net.minecraft.advancements.Advancement,net.minecraft.network.codec,Directed,calls,1
net.minecraft.advancements.Advancement,net.minecraft.commands.arguments,Directed,calls,1
net.minecraft.advancements.Advancement,net.minecraft.advancements.DisplayInfo,Directed,calls,3
net.minecraft.advancements.Advancement,net.minecraft.network.chat,Directed,calls,6
net.minecraft.advancements.Advancement,net.minecraft.network.FriendlyByteBuf,Directed,calls,3
net.minecraft.advancements.Advancement,net.minecraft.util.ProblemReporter,Directed,calls,1
net.minecraft.advancements.Advancement,net.minecraft.client.resources,Directed,calls,1
net.minecraft.advancements.Advancement,net.minecraft.client.main,Directed,calls,2
net.minecraft.advancements.Advancement,com.mojang.blaze3d.vertex,Directed,calls,1
net.minecraft.advancements.Advancement,net.minecraft.resources.ResourceLocation,Directed,calls,1
net.minecraft.advancements.AdvancementProgress,net.minecraft.core.HolderSet,Directed,calls,1
net.minecraft.advancements.AdvancementProgress,net.minecraft.advancements.CriterionProgress,Directed,calls,1
net.minecraft.advancements.AdvancementProgress,net.minecraft.network.chat,Directed,calls,1
net.minecraft.advancements.AdvancementProgress,net.minecraft.CrashReportCategory,Directed,calls,4
net.minecraft.advancements.AdvancementProgress,net.minecraft.client.gui,Directed,calls,2
net.minecraft.advancements.AdvancementRequirements,net.minecraft.core.NonNullList,Directed,calls,3
net.minecraft.advancements.AdvancementRequirements,net.minecraft.network.FriendlyByteBuf,Directed,calls,2
net.minecraft.advancements.AdvancementRequirements,net.minecraft.advancements.critereon,Directed,calls,1
net.minecraft.advancements.AdvancementRequirements,com.mojang.realmsclient.gui,Directed,calls,1
net.minecraft.advancements.AdvancementRequirements,net.minecraft.server.level,Directed,calls,4
net.minecraft.advancements.AdvancementRequirements,net.neoforged.neoforge.common,Directed,calls,2
net.minecraft.advancements.AdvancementRequirements,net.minecraft.world.InteractionResultHolder,Directed,calls,1
net.minecraft.advancements.AdvancementRewards,net.minecraft.client.gui,Directed,calls,1
net.minecraft.advancements.AdvancementRewards,net.minecraft.resources.ResourceKey,Directed,calls,1
net.minecraft.advancements.AdvancementRewards,net.minecraft.core.NonNullList,Directed,calls,4
net.minecraft.advancements.AdvancementRewards,net.minecraft.world.entity,Directed,calls,6
net.minecraft.advancements.AdvancementRewards,net.minecraft.server.level,Directed,calls,1
net.minecraft.advancements.AdvancementRewards,net.minecraft.network.protocol,Directed,calls,3
net.minecraft.advancements.AdvancementTree,net.minecraft.advancements.AdvancementNode,Directed,calls,4
net.minecraft.advancements.AdvancementTree,net.minecraft.world.level,Directed,calls,2
net.minecraft.advancements.AdvancementTree,com.mojang.realmsclient.gui,Directed,calls,1
net.minecraft.advancements.AdvancementTree,net.minecraft.util.ArrayListDeque,Directed,calls,1
net.minecraft.advancements.AdvancementType,net.minecraft.network.chat,Directed,calls,2
net.minecraft.advancements.AdvancementType,net.minecraft.world.entity,Directed,calls,1
net.minecraft.advancements.critereon,net.minecraft.server.level,Directed,calls,12
net.minecraft.advancements.critereon,net.minecraft.core.BlockPos,Directed,calls,6
net.minecraft.advancements.critereon,net.minecraft.world.level,Directed,calls,37
net.minecraft.advancements.critereon,net.minecraft.world.inventory,Directed,calls,5
net.minecraft.advancements.critereon,net.minecraft.client.gui,Directed,calls,42
net.minecraft.advancements.critereon,net.minecraft.core.RegistryCodecs,Directed,calls,13
net.minecraft.advancements.critereon,net.minecraft.network.codec,Directed,calls,17
net.minecraft.advancements.critereon,net.minecraft.commands.arguments,Directed,calls,3
net.minecraft.advancements.critereon,net.minecraft.world.entity,Directed,calls,48
net.minecraft.advancements.critereon,net.minecraft.core.HolderSet,Directed,calls,12
net.minecraft.advancements.critereon,net.neoforged.neoforge.common,Directed,calls,2
net.minecraft.advancements.critereon,net.minecraft.core.NonNullList,Directed,calls,14
net.minecraft.advancements.critereon,net.minecraft.util.ArrayListDeque,Directed,calls,8
net.minecraft.advancements.critereon,com.mojang.realmsclient.gui,Directed,calls,5
net.minecraft.advancements.critereon,net.minecraft.world.item,Directed,calls,13
net.minecraft.advancements.critereon,net.minecraft.Util,Directed,calls,2
net.minecraft.advancements.critereon,net.minecraft.commands.CommandSourceStack,Directed,calls,2
net.minecraft.advancements.critereon,net.minecraft.core.component,Directed,calls,2
net.minecraft.advancements.critereon,net.minecraft.world.damagesource,Directed,calls,3
net.minecraft.advancements.critereon,net.minecraft.network.syncher,Directed,calls,4
net.minecraft.advancements.critereon,net.minecraft.util.Mth,Directed,calls,5
net.minecraft.advancements.critereon,net.minecraft.world.InteractionResultHolder,Directed,calls,2
net.minecraft.advancements.critereon,com.mojang.blaze3d.vertex,Directed,calls,1
net.minecraft.advancements.critereon,net.minecraft.world.phys,Directed,calls,4
net.minecraft.advancements.critereon,net.minecraft.world.scores,Directed,calls,1
net.minecraft.advancements.critereon,com.mojang.math.Transformation,Directed,calls,1
net.minecraft.advancements.critereon,net.minecraft.core.Registry,Directed,calls,5
net.minecraft.advancements.critereon,net.minecraft.client.telemetry,Directed,calls,1
net.minecraft.advancements.critereon,net.minecraft.client.resources,Directed,calls,1
net.minecraft.advancements.critereon,net.minecraft.core.Holder,Directed,calls,1
net.minecraft.advancements.critereon,net.minecraft.client.renderer,Directed,calls,3
net.minecraft.advancements.critereon,net.minecraft.network.protocol,Directed,calls,5
net.minecraft.advancements.critereon,net.minecraft.resources.ResourceKey,Directed,calls,2
net.minecraft.advancements.critereon,net.minecraft.network.chat,Directed,calls,3
net.minecraft.advancements.critereon,net.minecraft.util.Crypt,Directed,calls,1
net.minecraft.advancements.critereon,net.minecraft.server.commands,Directed,calls,1
net.minecraft.advancements.critereon,net.minecraft.CrashReportCategory,Directed,calls,6
net.minecraft.advancements.critereon,net.minecraft.world.effect,Directed,calls,4
net.minecraft.advancements.critereon,net.minecraft.nbt.NbtUtils,Directed,calls,1
net.minecraft.advancements.critereon,net.minecraft.util.ExtraCodecs,Directed,calls,2
net.minecraft.advancements.critereon,net.minecraft.server.PlayerAdvancements,Directed,calls,1
net.minecraft.advancements.critereon,net.minecraft.advancements.AdvancementProgress,Directed,calls,2
net.minecraft.advancements.critereon,net.minecraft.stats.StatType,Directed,calls,1
net.minecraft.advancements.critereon,net.minecraft.stats.StatsCounter,Directed,calls,1
net.minecraft.advancements.critereon,net.minecraft.stats.RecipeBookSettings,Directed,calls,1
net.minecraft.advancements.critereon,net.minecraft.util.SortedArraySet,Directed,calls,1
net.minecraft.advancements.critereon,net.minecraft.world.flag,Directed,calls,2
net.minecraft.advancements.critereon,net.minecraft.util.GsonHelper,Directed,calls,5
net.minecraft.advancements.CriteriaTriggers,net.minecraft.core.Registry,Directed,calls,1
net.minecraft.advancements.CriterionProgress,com.mojang.realmsclient.client,Directed,calls,1
net.minecraft.advancements.CriterionTrigger,net.minecraft.server.PlayerAdvancements,Directed,calls,1
net.minecraft.advancements.DisplayInfo,net.minecraft.network.FriendlyByteBuf,Directed,calls,6
net.minecraft.advancements.TreeNodePosition,net.minecraft.advancements.AdvancementNode,Directed,calls,3
net.minecraft.BlockUtil,net.minecraft.core.BlockPos,Directed,calls,4
net.minecraft.BlockUtil,net.minecraft.core.Direction,Directed,calls,2
net.minecraft.BlockUtil,net.minecraft.client.gui,Directed,calls,1
net.minecraft.BlockUtil,net.minecraft.advancements.critereon,Directed,calls,1
net.minecraft.BlockUtil,net.minecraft.world.level,Directed,calls,1
net.minecraft.CharPredicate,net.minecraft.advancements.critereon,Directed,calls,2
net.minecraft.ChatFormatting,net.minecraft.client.OptionInstance,Directed,calls,3
net.minecraft.ChatFormatting,net.minecraft.client.gui,Directed,calls,1
net.minecraft.client.animation,net.minecraft.client.model,Directed,calls,1
net.minecraft.client.animation,net.minecraft.CrashReportCategory,Directed,calls,2
net.minecraft.client.animation,net.minecraft.util.ArrayListDeque,Directed,calls,1
net.minecraft.client.animation,net.minecraft.util.Mth,Directed,calls,2
net.minecraft.client.Camera,net.minecraft.world.entity,Directed,calls,5
net.minecraft.client.Camera,net.neoforged.neoforge.client,Directed,calls,2
net.minecraft.client.Camera,net.minecraft.util.Mth,Directed,calls,6
net.minecraft.client.Camera,net.minecraft.core.Direction,Directed,calls,1
net.minecraft.client.Camera,net.minecraft.world.phys,Directed,calls,1
net.minecraft.client.Camera,net.minecraft.client.Minecraft,Directed,calls,3
net.minecraft.client.Camera,net.minecraft.core.BlockPos,Directed,calls,1
net.minecraft.client.ClientRecipeBook,net.minecraft.util.random,Directed,calls,1
net.minecraft.client.ClientRecipeBook,net.minecraft.client.gui,Directed,calls,4
net.minecraft.client.ClientRecipeBook,net.minecraft.core.NonNullList,Directed,calls,2
net.minecraft.client.ClientRecipeBook,com.mojang.blaze3d.vertex,Directed,calls,1
net.minecraft.client.ClientRecipeBook,net.minecraft.data.loot,Directed,calls,1
net.minecraft.client.ClientRecipeBook,net.minecraft.world.item,Directed,calls,6
net.minecraft.client.color,net.minecraft.client.renderer,Directed,calls,6
net.minecraft.client.color,net.minecraft.world.level,Directed,calls,12
net.minecraft.client.color,net.minecraft.commands.arguments,Directed,calls,2
net.minecraft.client.color,net.minecraft.world.flag,Directed,calls,2
net.minecraft.client.color,net.minecraft.core.SectionPos,Directed,calls,2
net.minecraft.client.color,net.minecraft.core.BlockPos,Directed,calls,5
net.minecraft.client.color,net.minecraft.core.NonNullList,Directed,calls,1
net.minecraft.client.color,net.minecraft.world.item,Directed,calls,2
net.minecraft.client.color,net.neoforged.neoforge.client,Directed,calls,1
net.minecraft.client.CommandHistory,net.minecraft.server.packs,Directed,calls,1
net.minecraft.client.CommandHistory,net.minecraft.client.renderer,Directed,calls,1
net.minecraft.client.CommandHistory,net.minecraft.server.commands,Directed,calls,1
net.minecraft.client.ComponentCollector,net.minecraft.network.chat,Directed,calls,1
net.minecraft.client.GameNarrator,net.minecraft.util.ArrayListDeque,Directed,calls,1
net.minecraft.client.GameNarrator,net.minecraft.network.chat,Directed,calls,5
net.minecraft.client.GameNarrator,net.minecraft.client.multiplayer,Directed,calls,2
net.minecraft.client.GameNarrator,net.minecraft.client.Minecraft,Directed,calls,1
net.minecraft.client.GameNarrator,net.minecraft.client.gui,Directed,calls,3
net.minecraft.client.gui,net.minecraft.client.Minecraft,Directed,calls,136
net.minecraft.client.gui,com.mojang.blaze3d.systems,Directed,calls,141
net.minecraft.client.gui,net.minecraft.util.Mth,Directed,calls,201
net.minecraft.client.gui,net.minecraft.advancements.critereon,Directed,calls,3
net.minecraft.client.gui,net.minecraft.util.ArrayListDeque,Directed,calls,21
net.minecraft.client.gui,net.minecraft.network.chat,Directed,calls,504
net.minecraft.client.gui,net.minecraft.Util,Directed,calls,89
net.minecraft.client.gui,net.minecraft.client.resources,Directed,calls,29
net.minecraft.client.gui,net.minecraft.client.StringSplitter,Directed,calls,15
net.minecraft.client.gui,net.neoforged.neoforge.client,Directed,calls,34
net.minecraft.client.gui,net.minecraft.world.BossEvent,Directed,calls,5
net.minecraft.client.gui,net.minecraft.network.protocol,Directed,calls,5
net.minecraft.client.gui,net.minecraft.world.level,Directed,calls,133
net.minecraft.client.gui,net.minecraft.world.item,Directed,calls,93
net.minecraft.client.gui,net.minecraft.client.GuiMessageTag,Directed,calls,1
net.minecraft.client.gui,net.minecraft.client.multiplayer,Directed,calls,62
net.minecraft.client.gui,net.minecraft.Optionull,Directed,calls,5
net.minecraft.client.gui,net.minecraft.world.phys,Directed,calls,6
net.minecraft.client.gui,net.minecraft.server.packs,Directed,calls,43
net.minecraft.client.gui,net.minecraft.core.NonNullList,Directed,calls,46
net.minecraft.client.gui,net.minecraft.client.OptionInstance,Directed,calls,7
net.minecraft.client.gui,net.neoforged.neoforge.common,Directed,calls,9
net.minecraft.client.gui,net.minecraft.commands.SharedSuggestionProvider,Directed,calls,1
net.minecraft.client.gui,net.minecraft.CrashReportCategory,Directed,calls,10
net.minecraft.client.gui,net.minecraft.commands.Commands,Directed,calls,1
net.minecraft.client.gui,net.minecraft.util.FormattedCharSequence,Directed,calls,11
net.minecraft.client.gui,com.mojang.realmsclient.gui,Directed,calls,10
net.minecraft.client.gui,net.minecraft.commands.arguments,Directed,calls,9
net.minecraft.client.gui,net.minecraft.resources.ResourceLocation,Directed,calls,16
net.minecraft.client.gui,net.minecraft.ChatFormatting,Directed,calls,2
net.minecraft.client.gui,net.minecraft.client.ComponentCollector,Directed,calls,1
net.minecraft.client.gui,net.minecraft.locale.Language,Directed,calls,11
net.minecraft.client.gui,net.minecraft.client.renderer,Directed,calls,95
net.minecraft.client.gui,net.minecraft.world.entity,Directed,calls,49
net.minecraft.client.gui,net.minecraft.network.Connection,Directed,calls,5
net.minecraft.client.gui,net.minecraft.world.TickRateManager,Directed,calls,2
net.minecraft.client.gui,net.minecraft.server.MinecraftServer,Directed,calls,5
net.minecraft.client.gui,net.minecraft.SharedConstants,Directed,calls,9
net.minecraft.client.gui,net.minecraft.client.ClientBrandRetriever,Directed,calls,2
net.minecraft.client.gui,net.minecraft.core.SectionPos,Directed,calls,1
net.minecraft.client.gui,net.minecraft.world.DifficultyInstance,Directed,calls,2
net.minecraft.client.gui,net.minecraft.server.level,Directed,calls,11
net.minecraft.client.gui,net.minecraft.network.codec,Directed,calls,2
net.minecraft.client.gui,net.minecraft.core.Holder,Directed,calls,9
net.minecraft.client.gui,net.minecraft.client.main,Directed,calls,8
net.minecraft.client.gui,com.mojang.blaze3d.platform,Directed,calls,72
net.minecraft.client.gui,net.minecraft.nbt.StringTag,Directed,calls,8
net.minecraft.client.gui,net.minecraft.util.StringUtil,Directed,calls,20
net.minecraft.client.gui,net.minecraft.util.valueproviders,Directed,calls,3
net.minecraft.client.gui,net.minecraft.client.model,Directed,calls,3
net.minecraft.client.gui,net.minecraft.world.scores,Directed,calls,21
net.minecraft.client.gui,net.minecraft.core.HolderSet,Directed,calls,8
net.minecraft.client.gui,net.minecraft.util.random,Directed,calls,2
net.minecraft.client.gui,com.mojang.blaze3d.vertex,Directed,calls,38
net.minecraft.client.gui,net.minecraft.server.commands,Directed,calls,9
net.minecraft.client.gui,net.minecraft.world.flag,Directed,calls,7
net.minecraft.client.gui,net.minecraft.util.profiling,Directed,calls,8
net.minecraft.client.gui,net.minecraft.resources.FileToIdConverter,Directed,calls,2
net.minecraft.client.gui,net.minecraft.util.DependencySorter,Directed,calls,1
net.minecraft.client.gui,net.minecraft.client.Options,Directed,calls,88
net.minecraft.client.gui,net.minecraft.util.GsonHelper,Directed,calls,2
net.minecraft.client.gui,net.minecraft.client.telemetry,Directed,calls,11
net.minecraft.client.gui,com.mojang.blaze3d.font,Directed,calls,14
net.minecraft.client.gui,net.minecraft.util.RandomSource,Directed,calls,3
net.minecraft.client.gui,net.minecraft.world.InteractionResultHolder,Directed,calls,2
net.minecraft.client.gui,net.minecraft.server.rcon,Directed,calls,3
net.minecraft.client.gui,net.minecraft.nbt.FloatTag,Directed,calls,3
net.minecraft.client.gui,net.minecraft.nbt.CompoundTag,Directed,calls,1
net.minecraft.client.gui,net.minecraft.client.sounds,Directed,calls,1
net.minecraft.client.gui,net.minecraft.util.StringDecomposer,Directed,calls,1
net.minecraft.client.gui,net.minecraft.client.DeltaTracker,Directed,calls,6
net.minecraft.client.gui,net.minecraft.client.Camera,Directed,calls,2
net.minecraft.client.gui,net.minecraft.world.effect,Directed,calls,8
net.minecraft.client.gui,net.minecraft.resources.RegistryOps,Directed,calls,1
net.minecraft.client.gui,net.minecraft.world.food,Directed,calls,1
net.minecraft.client.gui,net.minecraft.core.BlockPos,Directed,calls,2
net.minecraft.client.gui,net.minecraft.util.thread,Directed,calls,1
net.minecraft.client.gui,net.minecraft.CrashReport,Directed,calls,5
net.minecraft.client.gui,com.mojang.math.Divisor,Directed,calls,3
net.minecraft.client.gui,net.minecraft.network.ProtocolInfo,Directed,calls,2
net.minecraft.client.gui,net.minecraft.world.inventory,Directed,calls,61
net.minecraft.client.gui,com.mojang.realmsclient.util,Directed,calls,7
net.minecraft.client.gui,net.minecraft.stats.Stat,Directed,calls,2
net.minecraft.client.gui,net.minecraft.util.SortedArraySet,Directed,calls,2
net.minecraft.client.gui,net.minecraft.advancements.AdvancementNode,Directed,calls,9
net.minecraft.client.gui,net.minecraft.advancements.DisplayInfo,Directed,calls,7
net.minecraft.client.gui,net.minecraft.advancements.Advancement,Directed,calls,2
net.minecraft.client.gui,com.mojang.realmsclient.client,Directed,calls,1
net.minecraft.client.gui,com.mojang.realmsclient.exception,Directed,calls,4
net.minecraft.client.gui,net.minecraft.client.player,Directed,calls,4
net.minecraft.client.gui,net.minecraft.util.datafix,Directed,calls,1
net.minecraft.client.gui,net.minecraft.core.Vec3i,Directed,calls,3
net.minecraft.client.gui,net.minecraft.nbt.LongArrayTag,Directed,calls,2
net.minecraft.client.gui,net.minecraft.nbt.LongTag,Directed,calls,1
net.minecraft.client.gui,net.minecraft.client.server,Directed,calls,1
net.minecraft.client.gui,net.minecraft.client.KeyMapping,Directed,calls,3
net.minecraft.client.gui,mcp.client.Start,Directed,calls,1
net.minecraft.client.gui,net.minecraft.world.Difficulty,Directed,calls,1
net.minecraft.client.gui,net.minecraft.resources.ResourceKey,Directed,calls,2
net.minecraft.client.gui,net.minecraft.core.HolderGetter,Directed,calls,1
net.minecraft.client.gui,net.minecraft.core.RegistryAccess,Directed,calls,2
net.minecraft.client.gui,net.minecraft.recipebook.PlaceRecipe,Directed,calls,2
net.minecraft.client.gui,net.minecraft.stats.RecipeBook,Directed,calls,3
net.minecraft.client.gui,net.minecraft.client.ClientRecipeBook,Directed,calls,1
net.minecraft.client.gui,net.minecraft.ReportedException,Directed,calls,1
net.minecraft.client.gui,net.minecraft.server.ChainedJsonException,Directed,calls,1
net.minecraft.client.gui,net.minecraft.util.parsing,Directed,calls,1
net.minecraft.client.gui,net.minecraft.util.HttpUtil,Directed,calls,3
net.minecraft.client.gui,net.minecraft.server.WorldLoader,Directed,calls,3
net.minecraft.client.gui,net.minecraft.core.LayeredRegistryAccess,Directed,calls,1
net.minecraft.client.gui,net.minecraft.server.players,Directed,calls,1
net.minecraft.client.gui,net.minecraft.FileUtil,Directed,calls,4
net.minecraft.client.gui,net.minecraft.data.DataProvider,Directed,calls,1
net.minecraft.client.gui,net.minecraft.core.Registry,Directed,calls,3
net.minecraft.client.gui,net.minecraft.commands.execution,Directed,calls,1
net.minecraft.client.gui,net.minecraft.data.structures,Directed,calls,1
net.minecraft.client.gui,net.minecraft.util.MemoryReserve,Directed,calls,1
net.minecraft.client.gui,net.minecraft.data.worldgen,Directed,calls,1
net.minecraft.client.GuiMessageTag,net.minecraft.network.chat,Directed,calls,7
net.minecraft.client.GuiMessageTag,net.minecraft.client.gui,Directed,calls,1
net.minecraft.client.HotbarManager,net.minecraft.nbt.NbtIo,Directed,calls,2
net.minecraft.client.HotbarManager,net.minecraft.nbt.NbtUtils,Directed,calls,2
net.minecraft.client.HotbarManager,net.minecraft.nbt.StringTag,Directed,calls,2
net.minecraft.client.KeyboardHandler,net.minecraft.client.gui,Directed,calls,13
net.minecraft.client.KeyboardHandler,net.minecraft.network.chat,Directed,calls,22
net.minecraft.client.KeyboardHandler,com.mojang.blaze3d.platform,Directed,calls,7
net.minecraft.client.KeyboardHandler,net.minecraft.Util,Directed,calls,5
net.minecraft.client.KeyboardHandler,net.minecraft.server.packs,Directed,calls,2
net.minecraft.client.KeyboardHandler,net.minecraft.world.level,Directed,calls,4
net.minecraft.client.KeyboardHandler,net.minecraft.world.entity,Directed,calls,6
net.minecraft.client.KeyboardHandler,net.minecraft.commands.arguments,Directed,calls,1
net.minecraft.client.KeyboardHandler,net.minecraft.core.BlockPos,Directed,calls,3
net.minecraft.client.KeyboardHandler,net.minecraft.nbt.CompoundTag,Directed,calls,3
net.minecraft.client.KeyboardHandler,net.minecraft.nbt.NbtUtils,Directed,calls,1
net.minecraft.client.KeyboardHandler,net.minecraft.client.Minecraft,Directed,calls,3
net.minecraft.client.KeyboardHandler,net.minecraft.client.Screenshot,Directed,calls,1
net.minecraft.client.KeyboardHandler,net.minecraft.client.NarratorStatus,Directed,calls,1
net.minecraft.client.KeyboardHandler,net.minecraft.client.KeyMapping,Directed,calls,4
net.minecraft.client.KeyboardHandler,com.mojang.blaze3d.Blaze3D,Directed,calls,1
net.minecraft.client.KeyboardHandler,net.minecraft.util.NativeModuleLister,Directed,calls,1
net.minecraft.client.KeyboardHandler,net.minecraft.util.Mth,Directed,calls,1
net.minecraft.client.KeyMapping,com.mojang.blaze3d.platform,Directed,calls,4
net.minecraft.client.KeyMapping,net.minecraft.client.Minecraft,Directed,calls,1
net.minecraft.client.KeyMapping,net.minecraft.client.gui,Directed,calls,6
net.minecraft.client.KeyMapping,net.neoforged.neoforge.client,Directed,calls,4
net.minecraft.client.KeyMapping,net.minecraft.client.resources,Directed,calls,4
net.minecraft.client.KeyMapping,net.minecraft.network.chat,Directed,calls,1
net.minecraft.client.main,net.minecraft.client.resources,Directed,calls,1
net.minecraft.client.main,net.minecraft.util.StringUtil,Directed,calls,3
net.minecraft.client.main,net.minecraft.SharedConstants,Directed,calls,1
net.minecraft.client.main,net.minecraft.util.datafix,Directed,calls,1
net.minecraft.client.main,net.minecraft.CrashReport,Directed,calls,3
net.minecraft.client.main,net.minecraft.server.Bootstrap,Directed,calls,2
net.minecraft.client.main,com.mojang.realmsclient.gui,Directed,calls,2
net.minecraft.client.main,net.minecraft.world.level,Directed,calls,1
net.minecraft.client.main,net.neoforged.neoforge.server,Directed,calls,1
net.minecraft.client.main,net.minecraft.util.GsonHelper,Directed,calls,2
net.minecraft.client.main,net.minecraft.core.UUIDUtil,Directed,calls,1
net.minecraft.client.main,net.minecraft.Util,Directed,calls,2
net.minecraft.client.main,net.minecraft.util.NativeModuleLister,Directed,calls,2
net.minecraft.client.main,net.minecraft.client.Minecraft,Directed,calls,8
net.minecraft.client.main,com.mojang.blaze3d.systems,Directed,calls,3
net.minecraft.client.main,com.mojang.blaze3d.vertex,Directed,calls,1
net.minecraft.client.main,net.minecraft.world.item,Directed,calls,1
net.minecraft.client.main,net.minecraft.util.valueproviders,Directed,calls,1
net.minecraft.client.main,net.minecraft.client.gui,Directed,calls,1
net.minecraft.client.Minecraft,net.minecraft.world.level,Directed,calls,17
net.minecraft.client.Minecraft,net.minecraft.server.packs,Directed,calls,9
net.minecraft.client.Minecraft,net.minecraft.Util,Directed,calls,20
net.minecraft.client.Minecraft,net.minecraft.network.chat,Directed,calls,19
net.minecraft.client.Minecraft,net.minecraft.util.datafix,Directed,calls,1
net.minecraft.client.Minecraft,com.mojang.blaze3d.systems,Directed,calls,22
net.minecraft.client.Minecraft,net.minecraft.SharedConstants,Directed,calls,3
net.minecraft.client.Minecraft,net.minecraft.client.color,Directed,calls,2
net.minecraft.client.Minecraft,com.mojang.blaze3d.vertex,Directed,calls,9
net.minecraft.client.Minecraft,com.mojang.realmsclient.client,Directed,calls,3
net.minecraft.client.Minecraft,com.mojang.blaze3d.platform,Directed,calls,6
net.minecraft.client.Minecraft,net.minecraft.client.multiplayer,Directed,calls,6
net.minecraft.client.Minecraft,net.minecraft.client.gui,Directed,calls,27
net.minecraft.client.Minecraft,net.minecraft.client.quickplay,Directed,calls,2
net.minecraft.client.Minecraft,net.minecraft.util.thread,Directed,calls,5
net.minecraft.client.Minecraft,net.minecraft.world.phys,Directed,calls,1
net.minecraft.client.Minecraft,net.minecraft.network.protocol,Directed,calls,2
net.minecraft.client.Minecraft,net.minecraft.core.HolderSet,Directed,calls,2
net.minecraft.client.Minecraft,net.minecraft.client.resources,Directed,calls,5
net.minecraft.client.Minecraft,net.minecraft.util.profiling,Directed,calls,8
net.minecraft.client.Minecraft,net.minecraft.server.Bootstrap,Directed,calls,4
net.minecraft.client.Minecraft,net.minecraft.CrashReport,Directed,calls,9
net.minecraft.client.Minecraft,net.minecraft.world.item,Directed,calls,6
net.minecraft.client.Minecraft,net.minecraft.client.renderer,Directed,calls,4
net.minecraft.client.Minecraft,net.neoforged.neoforge.client,Directed,calls,7
net.minecraft.client.Minecraft,net.minecraft.client.KeyMapping,Directed,calls,1
net.minecraft.client.Minecraft,com.mojang.realmsclient.gui,Directed,calls,2
net.minecraft.client.Minecraft,net.minecraft.util.MemoryReserve,Directed,calls,1
net.minecraft.client.Minecraft,net.minecraft.core.NonNullList,Directed,calls,2
net.minecraft.client.Minecraft,net.minecraft.client.StringSplitter,Directed,calls,1
net.minecraft.client.Minecraft,net.minecraft.FileUtil,Directed,calls,1
net.minecraft.client.Minecraft,net.minecraft.SystemReport,Directed,calls,1
net.minecraft.client.Minecraft,net.minecraft.util.ArrayListDeque,Directed,calls,1
net.minecraft.client.Minecraft,net.minecraft.util.Mth,Directed,calls,5
net.minecraft.client.Minecraft,net.minecraft.world.entity,Directed,calls,6
net.minecraft.client.Minecraft,net.minecraft.world.InteractionResult,Directed,calls,3
net.minecraft.client.Minecraft,net.minecraft.client.tutorial,Directed,calls,1
net.minecraft.client.Minecraft,net.minecraft.client.CameraType,Directed,calls,1
net.minecraft.client.Minecraft,net.minecraft.server.players,Directed,calls,2
net.minecraft.client.Minecraft,net.minecraft.server.MinecraftServer,Directed,calls,2
net.minecraft.client.Minecraft,net.minecraft.server.level,Directed,calls,3
net.minecraft.client.Minecraft,net.minecraft.network.Connection,Directed,calls,3
net.minecraft.client.Minecraft,net.neoforged.neoforge.common,Directed,calls,1
net.minecraft.client.Minecraft,net.minecraft.CrashReportCategory,Directed,calls,24
net.minecraft.client.Minecraft,net.minecraft.server.rcon,Directed,calls,1
net.minecraft.client.Minecraft,net.minecraft.client.Options,Directed,calls,3
net.minecraft.client.Minecraft,net.minecraft.nbt.StringTag,Directed,calls,1
net.minecraft.client.Minecraft,net.minecraft.Optionull,Directed,calls,2
net.minecraft.client.Minecraft,net.minecraft.core.Holder,Directed,calls,2
net.minecraft.client.Minecraft,com.mojang.blaze3d.pipeline,Directed,calls,2
net.minecraft.client.Minecraft,net.minecraft.client.Screenshot,Directed,calls,4
net.minecraft.client.Minecraft,com.mojang.realmsclient.exception,Directed,calls,2
net.minecraft.client.Minecraft,net.minecraft.util.SignatureValidator,Directed,calls,1
net.minecraft.client.Minecraft,net.minecraft.world.TickRateManager,Directed,calls,2
net.minecraft.client.model,com.mojang.blaze3d.vertex,Directed,calls,75
net.minecraft.client.model,net.minecraft.util.Mth,Directed,calls,321
net.minecraft.client.model,net.minecraft.world.entity,Directed,calls,173
net.minecraft.client.model,net.minecraft.world.item,Directed,calls,5
net.minecraft.client.model,mcp.client.Start,Directed,calls,4
net.minecraft.client.model,net.minecraft.core.NonNullList,Directed,calls,38
net.minecraft.client.model,net.minecraft.client.gui,Directed,calls,20
net.minecraft.client.model,net.minecraft.core.component,Directed,calls,1
net.minecraft.client.model,net.minecraft.world.phys,Directed,calls,1
net.minecraft.client.model,net.minecraft.Util,Directed,calls,1
net.minecraft.client.model,net.minecraft.client.telemetry,Directed,calls,182
net.minecraft.client.model,net.minecraft.client.renderer,Directed,calls,19
net.minecraft.client.model,com.mojang.realmsclient.gui,Directed,calls,1
net.minecraft.client.model,net.minecraft.resources.ResourceLocation,Directed,calls,13
net.minecraft.client.model,com.mojang.blaze3d.shaders,Directed,calls,4
net.minecraft.client.model,net.minecraft.util.RandomSource,Directed,calls,3
net.minecraft.client.model,net.minecraft.network.codec,Directed,calls,1
net.minecraft.client.model,net.neoforged.neoforge.common,Directed,calls,1
net.minecraft.client.model,net.minecraft.core.Direction,Directed,calls,1
net.minecraft.client.model,net.minecraft.client.Minecraft,Directed,calls,1
net.minecraft.client.model,net.neoforged.neoforge.client,Directed,calls,4
net.minecraft.client.model,net.minecraft.client.animation,Directed,calls,3
net.minecraft.client.MouseHandler,com.mojang.blaze3d.Blaze3D,Directed,calls,2
net.minecraft.client.MouseHandler,net.minecraft.client.gui,Directed,calls,11
net.minecraft.client.MouseHandler,com.mojang.realmsclient.gui,Directed,calls,2
net.minecraft.client.MouseHandler,net.minecraft.client.KeyMapping,Directed,calls,3
net.minecraft.client.MouseHandler,net.minecraft.client.Minecraft,Directed,calls,2
net.minecraft.client.MouseHandler,net.minecraft.util.Mth,Directed,calls,1
net.minecraft.client.MouseHandler,com.mojang.blaze3d.platform,Directed,calls,3
net.minecraft.client.MouseHandler,net.neoforged.neoforge.client,Directed,calls,2
net.minecraft.client.multiplayer,com.mojang.realmsclient.client,Directed,calls,10
net.minecraft.client.multiplayer,net.minecraft.client.main,Directed,calls,1
net.minecraft.client.multiplayer,net.minecraft.Util,Directed,calls,23
net.minecraft.client.multiplayer,net.minecraft.server.rcon,Directed,calls,1
net.minecraft.client.multiplayer,net.minecraft.server.MinecraftServer,Directed,calls,1
net.minecraft.client.multiplayer,net.minecraft.util.Crypt,Directed,calls,6
net.minecraft.client.multiplayer,net.minecraft.network.FriendlyByteBuf,Directed,calls,4
net.minecraft.client.multiplayer,net.minecraft.network.chat,Directed,calls,64
net.minecraft.client.multiplayer,net.minecraft.util.StringDecomposer,Directed,calls,1
net.minecraft.client.multiplayer,net.minecraft.server.level,Directed,calls,7
net.minecraft.client.multiplayer,net.minecraft.world.InteractionResultHolder,Directed,calls,1
net.minecraft.client.multiplayer,net.minecraft.client.gui,Directed,calls,25
net.minecraft.client.multiplayer,net.minecraft.util.StringRepresentable,Directed,calls,1
net.minecraft.client.multiplayer,com.mojang.realmsclient.exception,Directed,calls,1
net.minecraft.client.multiplayer,net.minecraft.world.phys,Directed,calls,14
net.minecraft.client.multiplayer,net.minecraft.commands.arguments,Directed,calls,8
net.minecraft.client.multiplayer,net.minecraft.Optionull,Directed,calls,1
net.minecraft.client.multiplayer,net.minecraft.world.level,Directed,calls,63
net.minecraft.client.multiplayer,net.minecraft.util.ArrayListDeque,Directed,calls,14
net.minecraft.client.multiplayer,com.mojang.realmsclient.util,Directed,calls,3
net.minecraft.client.multiplayer,net.minecraft.nbt.StringTag,Directed,calls,2
net.minecraft.client.multiplayer,net.minecraft.client.Minecraft,Directed,calls,19
net.minecraft.client.multiplayer,net.minecraft.util.Mth,Directed,calls,17
net.minecraft.client.multiplayer,net.minecraft.network.protocol,Directed,calls,471
net.minecraft.client.multiplayer,net.minecraft.CrashReportCategory,Directed,calls,10
net.minecraft.client.multiplayer,net.minecraft.core.SectionPos,Directed,calls,7
net.minecraft.client.multiplayer,net.minecraft.CrashReport,Directed,calls,3
net.minecraft.client.multiplayer,net.minecraft.server.packs,Directed,calls,2
net.minecraft.client.multiplayer,net.minecraft.core.NonNullList,Directed,calls,6
net.minecraft.client.multiplayer,com.mojang.blaze3d.systems,Directed,calls,1
net.minecraft.client.multiplayer,com.mojang.blaze3d.vertex,Directed,calls,3
net.minecraft.client.multiplayer,net.minecraft.network.RegistryFriendlyByteBuf,Directed,calls,2
net.minecraft.client.multiplayer,net.neoforged.neoforge.network,Directed,calls,1
net.minecraft.client.multiplayer,net.minecraft.network.PacketSendListener,Directed,calls,1
net.minecraft.client.multiplayer,net.minecraft.client.ClientBrandRetriever,Directed,calls,1
net.minecraft.client.multiplayer,net.minecraft.client.renderer,Directed,calls,7
net.minecraft.client.multiplayer,net.minecraft.world.entity,Directed,calls,95
net.minecraft.client.multiplayer,net.minecraft.util.thread,Directed,calls,3
net.minecraft.client.multiplayer,net.minecraft.client.resources,Directed,calls,7
net.minecraft.client.multiplayer,net.minecraft.client.color,Directed,calls,2
net.minecraft.client.multiplayer,net.minecraft.util.RandomSource,Directed,calls,2
net.minecraft.client.multiplayer,net.minecraft.core.BlockPos,Directed,calls,30
net.minecraft.client.multiplayer,net.neoforged.neoforge.event,Directed,calls,14
net.minecraft.client.multiplayer,net.minecraft.world.ticks,Directed,calls,2
net.minecraft.client.multiplayer,net.minecraft.client.particle,Directed,calls,3
net.minecraft.client.multiplayer,net.minecraft.util.CubicSampler,Directed,calls,1
net.minecraft.client.multiplayer,net.minecraft.core.Cursor3D,Directed,calls,4
net.minecraft.client.multiplayer,net.neoforged.neoforge.client,Directed,calls,1
net.minecraft.client.multiplayer,net.minecraft.world.item,Directed,calls,9
net.minecraft.client.multiplayer,net.minecraft.client.Options,Directed,calls,3
net.minecraft.client.multiplayer,net.minecraft.world.TickRateManager,Directed,calls,1
net.minecraft.client.multiplayer,net.minecraft.advancements.critereon,Directed,calls,1
net.minecraft.client.multiplayer,net.minecraft.client.player,Directed,calls,6
net.minecraft.client.multiplayer,net.minecraft.world.inventory,Directed,calls,5
net.minecraft.client.multiplayer,net.neoforged.neoforge.common,Directed,calls,3
net.minecraft.client.multiplayer,net.minecraft.commands.CommandBuildContext,Directed,calls,1
net.minecraft.client.multiplayer,net.minecraft.data.info,Directed,calls,4
net.minecraft.client.multiplayer,net.minecraft.client.ClientRecipeBook,Directed,calls,3
net.minecraft.client.multiplayer,net.minecraft.stats.RecipeBook,Directed,calls,1
net.minecraft.client.multiplayer,net.minecraft.world.effect,Directed,calls,1
net.minecraft.client.multiplayer,net.minecraft.server.network,Directed,calls,4
net.minecraft.client.multiplayer,net.minecraft.util.profiling,Directed,calls,2
net.minecraft.client.multiplayer,net.minecraft.world.scores,Directed,calls,11
net.minecraft.client.multiplayer,net.minecraft.resources.RegistryOps,Directed,calls,2
net.minecraft.client.multiplayer,net.minecraft.core.RegistrySetBuilder,Directed,calls,1
net.minecraft.client.multiplayer,net.minecraft.server.commands,Directed,calls,1
net.minecraft.client.multiplayer,net.minecraft.world.flag,Directed,calls,1
net.minecraft.client.multiplayer,net.minecraft.commands.SharedSuggestionProvider,Directed,calls,2
net.minecraft.client.multiplayer,net.minecraft.nbt.LongTag,Directed,calls,1
net.minecraft.client.multiplayer,net.minecraft.client.telemetry,Directed,calls,2
net.minecraft.client.multiplayer,net.minecraft.network.Connection,Directed,calls,13
net.minecraft.client.multiplayer,net.minecraft.commands.execution,Directed,calls,2
net.minecraft.client.multiplayer,net.minecraft.client.User,Directed,calls,2
net.minecraft.client.multiplayer,net.minecraft.core.LayeredRegistryAccess,Directed,calls,1
net.minecraft.client.multiplayer,net.minecraft.resources.RegistryDataLoader,Directed,calls,1
net.minecraft.client.multiplayer,net.minecraft.client.server,Directed,calls,3
net.minecraft.client.multiplayer,net.minecraft.nbt.CompoundTag,Directed,calls,13
net.minecraft.client.multiplayer,net.minecraft.nbt.NbtIo,Directed,calls,2
net.minecraft.client.multiplayer,net.minecraft.ChatFormatting,Directed,calls,1
net.minecraft.client.multiplayer,net.minecraft.core.RegistryAccess,Directed,calls,3
net.minecraft.client.multiplayer,net.minecraft.core.Registry,Directed,calls,1
net.minecraft.client.multiplayer,net.minecraft.network.codec,Directed,calls,1
net.minecraft.client.multiplayer,net.minecraft.tags.TagNetworkSerialization,Directed,calls,1
net.minecraft.client.NarratorStatus,net.minecraft.network.chat,Directed,calls,1
net.minecraft.client.OptionInstance,net.minecraft.network.chat,Directed,calls,1
net.minecraft.client.OptionInstance,com.mojang.realmsclient.dto,Directed,calls,1
net.minecraft.client.OptionInstance,net.minecraft.client.gui,Directed,calls,4
net.minecraft.client.OptionInstance,net.minecraft.util.OptionEnum,Directed,calls,1
net.minecraft.client.OptionInstance,net.minecraft.client.Minecraft,Directed,calls,1
net.minecraft.client.OptionInstance,net.minecraft.util.Mth,Directed,calls,4
net.minecraft.client.OptionInstance,net.minecraft.world.InteractionResultHolder,Directed,calls,1
net.minecraft.client.OptionInstance,net.minecraft.server.level,Directed,calls,1
net.minecraft.client.OptionInstance,net.minecraft.world.level,Directed,calls,1
net.minecraft.client.OptionInstance,net.minecraft.client.Options,Directed,calls,1
net.minecraft.client.OptionInstance,net.minecraft.data.structures,Directed,calls,1
net.minecraft.client.OptionInstance,net.minecraft.world.entity,Directed,calls,1
net.minecraft.client.OptionInstance,net.minecraft.Util,Directed,calls,2
net.minecraft.client.Options,net.minecraft.core.NonNullList,Directed,calls,2
net.minecraft.client.Options,net.minecraft.server.packs,Directed,calls,10
net.minecraft.client.Options,net.minecraft.util.Mth,Directed,calls,1
net.minecraft.client.Options,net.minecraft.client.Minecraft,Directed,calls,6
net.minecraft.client.Options,net.minecraft.client.OptionInstance,Directed,calls,5
net.minecraft.client.Options,net.minecraft.network.chat,Directed,calls,6
net.minecraft.client.Options,net.minecraft.Util,Directed,calls,1
net.minecraft.client.Options,net.minecraft.client.KeyMapping,Directed,calls,16
net.minecraft.client.Options,com.mojang.blaze3d.platform,Directed,calls,2
net.minecraft.client.Options,net.minecraft.client.renderer,Directed,calls,2
net.minecraft.client.Options,net.minecraft.world.entity,Directed,calls,1
net.minecraft.client.Options,net.minecraft.nbt.CompoundTag,Directed,calls,1
net.minecraft.client.Options,net.minecraft.util.ArrayListDeque,Directed,calls,6
net.minecraft.client.Options,net.minecraft.SharedConstants,Directed,calls,1
net.minecraft.client.Options,net.minecraft.world.level,Directed,calls,2
net.minecraft.client.Options,net.minecraft.server.commands,Directed,calls,2
net.minecraft.client.Options,com.mojang.realmsclient.gui,Directed,calls,1
net.minecraft.client.Options,net.minecraft.util.GsonHelper,Directed,calls,1
net.minecraft.client.Options,net.minecraft.client.gui,Directed,calls,8
net.minecraft.client.Options,net.minecraft.nbt.StringTag,Directed,calls,1
net.minecraft.client.Options,net.minecraft.core.HolderSet,Directed,calls,1
net.minecraft.client.particle,net.minecraft.util.Mth,Directed,calls,66
net.minecraft.client.particle,net.minecraft.client.Minecraft,Directed,calls,11
net.minecraft.client.particle,net.minecraft.client.renderer,Directed,calls,9
net.minecraft.client.particle,net.minecraft.core.BlockPos,Directed,calls,15
net.minecraft.client.particle,net.minecraft.world.level,Directed,calls,8
net.minecraft.client.particle,net.minecraft.core.particles,Directed,calls,11
net.minecraft.client.particle,net.minecraft.client.resources,Directed,calls,3
net.minecraft.client.particle,net.minecraft.core.NonNullList,Directed,calls,4
net.minecraft.client.particle,net.neoforged.neoforge.client,Directed,calls,4
net.minecraft.client.particle,net.minecraft.Util,Directed,calls,3
net.minecraft.client.particle,net.minecraft.world.entity,Directed,calls,9
net.minecraft.client.particle,net.minecraft.commands.arguments,Directed,calls,3
net.minecraft.client.particle,net.minecraft.world.phys,Directed,calls,15
net.minecraft.client.particle,net.minecraft.util.GsonHelper,Directed,calls,3
net.minecraft.client.particle,net.minecraft.advancements.critereon,Directed,calls,2
net.minecraft.client.particle,net.minecraft.resources.FileToIdConverter,Directed,calls,2
net.minecraft.client.particle,net.minecraft.client.gui,Directed,calls,5
net.minecraft.client.particle,net.minecraft.util.profiling,Directed,calls,5
net.minecraft.client.particle,com.mojang.realmsclient.gui,Directed,calls,1
net.minecraft.client.particle,net.minecraft.world.flag,Directed,calls,1
net.minecraft.client.particle,net.minecraft.core.HolderSet,Directed,calls,1
net.minecraft.client.particle,net.minecraft.server.packs,Directed,calls,1
net.minecraft.client.particle,net.minecraft.util.ArrayListDeque,Directed,calls,3
net.minecraft.client.particle,net.minecraft.CrashReport,Directed,calls,2
net.minecraft.client.particle,com.mojang.blaze3d.systems,Directed,calls,23
net.minecraft.client.particle,net.minecraft.util.thread,Directed,calls,1
net.minecraft.client.particle,com.mojang.blaze3d.vertex,Directed,calls,3
net.minecraft.client.particle,net.minecraft.nbt.StringTag,Directed,calls,1
net.minecraft.client.particle,net.minecraft.util.RandomSource,Directed,calls,3
net.minecraft.client.particle,net.minecraft.network.protocol,Directed,calls,1
net.minecraft.client.particle,net.minecraft.client.Camera,Directed,calls,1
net.minecraft.client.PeriodicNotificationManager,net.minecraft.server.packs,Directed,calls,1
net.minecraft.client.PeriodicNotificationManager,com.mojang.realmsclient.gui,Directed,calls,1
net.minecraft.client.PeriodicNotificationManager,net.minecraft.core.HolderSet,Directed,calls,1
net.minecraft.client.PeriodicNotificationManager,net.minecraft.Util,Directed,calls,1
net.minecraft.client.PeriodicNotificationManager,net.minecraft.client.renderer,Directed,calls,1
net.minecraft.client.PeriodicNotificationManager,net.minecraft.client.gui,Directed,calls,1
net.minecraft.client.PeriodicNotificationManager,net.minecraft.client.Minecraft,Directed,calls,1
net.minecraft.client.PeriodicNotificationManager,net.minecraft.network.chat,Directed,calls,2
net.minecraft.client.player,net.minecraft.world.level,Directed,calls,3
net.minecraft.client.player,net.minecraft.client.Minecraft,Directed,calls,5
net.minecraft.client.player,net.minecraft.nbt.CompoundTag,Directed,calls,2
net.minecraft.client.player,net.minecraft.world.entity,Directed,calls,150
net.minecraft.client.player,net.minecraft.client.resources,Directed,calls,20
net.minecraft.client.player,net.minecraft.server.commands,Directed,calls,2
net.minecraft.client.player,net.minecraft.resources.RegistryOps,Directed,calls,1
net.minecraft.client.player,net.minecraft.core.HolderLookup,Directed,calls,1
net.minecraft.client.player,com.mojang.blaze3d.vertex,Directed,calls,2
net.minecraft.client.player,net.minecraft.network.chat,Directed,calls,1
net.minecraft.client.player,net.minecraft.client.multiplayer,Directed,calls,1
net.minecraft.client.player,net.minecraft.client.Camera,Directed,calls,20
net.minecraft.client.player,net.minecraft.client.gui,Directed,calls,31
net.minecraft.client.player,net.minecraft.util.Mth,Directed,calls,21
net.minecraft.client.player,net.minecraft.server.ServerTickRateManager,Directed,calls,4
net.minecraft.client.player,net.minecraft.client.KeyMapping,Directed,calls,1
net.minecraft.client.player,net.minecraft.server.level,Directed,calls,3
net.minecraft.client.player,net.minecraft.network.protocol,Directed,calls,4
net.minecraft.client.player,net.minecraft.core.BlockPos,Directed,calls,7
net.minecraft.client.player,net.minecraft.core.Direction,Directed,calls,2
net.minecraft.client.player,net.minecraft.client.particle,Directed,calls,3
net.minecraft.client.player,net.neoforged.neoforge.event,Directed,calls,3
net.minecraft.client.player,net.minecraft.core.component,Directed,calls,3
net.minecraft.client.player,net.minecraft.util.datafix,Directed,calls,1
net.minecraft.client.player,net.minecraft.client.model,Directed,calls,1
net.minecraft.client.player,net.neoforged.neoforge.common,Directed,calls,10
net.minecraft.client.player,net.minecraft.advancements.critereon,Directed,calls,4
net.minecraft.client.player,net.neoforged.neoforge.fluids,Directed,calls,1
net.minecraft.client.player,net.minecraft.client.renderer,Directed,calls,2
net.minecraft.client.player,net.minecraft.world.effect,Directed,calls,1
net.minecraft.client.player,net.minecraft.world.phys,Directed,calls,7
net.minecraft.client.player,net.minecraft.util.ArrayListDeque,Directed,calls,2
net.minecraft.client.profiling,net.minecraft.util.profiling,Directed,calls,9
net.minecraft.client.profiling,com.mojang.blaze3d.systems,Directed,calls,1
net.minecraft.client.profiling,net.minecraft.client.Minecraft,Directed,calls,1
net.minecraft.client.quickplay,net.minecraft.util.StringUtil,Directed,calls,3
net.minecraft.client.quickplay,net.minecraft.client.Minecraft,Directed,calls,9
net.minecraft.client.quickplay,net.minecraft.client.resources,Directed,calls,1
net.minecraft.client.quickplay,net.minecraft.client.multiplayer,Directed,calls,1
net.minecraft.client.quickplay,net.minecraft.client.gui,Directed,calls,1
net.minecraft.client.quickplay,com.mojang.realmsclient.client,Directed,calls,2
net.minecraft.client.quickplay,net.minecraft.Util,Directed,calls,2
net.minecraft.client.quickplay,net.minecraft.core.NonNullList,Directed,calls,1
net.minecraft.client.quickplay,net.minecraft.server.rcon,Directed,calls,1
net.minecraft.client.RecipeBookCategories,net.minecraft.core.NonNullList,Directed,calls,2
net.minecraft.client.renderer,net.minecraft.client.multiplayer,Directed,calls,22
net.minecraft.client.renderer,net.minecraft.commands.arguments,Directed,calls,41
net.minecraft.client.renderer,net.minecraft.world.level,Directed,calls,335
net.minecraft.client.renderer,net.minecraft.CrashReportCategory,Directed,calls,39
net.minecraft.client.renderer,net.minecraft.client.gui,Directed,calls,121
net.minecraft.client.renderer,net.minecraft.CrashReport,Directed,calls,17
net.minecraft.client.renderer,net.minecraft.util.RandomSource,Directed,calls,30
net.minecraft.client.renderer,com.mojang.blaze3d.vertex,Directed,calls,986
net.minecraft.client.renderer,net.minecraft.client.Minecraft,Directed,calls,74
net.minecraft.client.renderer,net.neoforged.neoforge.common,Directed,calls,15
net.minecraft.client.renderer,net.minecraft.world.phys,Directed,calls,54
net.minecraft.client.renderer,net.minecraft.core.BlockPos,Directed,calls,255
net.minecraft.client.renderer,net.minecraft.util.Mth,Directed,calls,448
net.minecraft.client.renderer,net.minecraft.util.GsonHelper,Directed,calls,112
net.minecraft.client.renderer,net.minecraft.core.component,Directed,calls,5
net.minecraft.client.renderer,net.minecraft.core.Direction,Directed,calls,40
net.minecraft.client.renderer,net.neoforged.neoforge.client,Directed,calls,34
net.minecraft.client.renderer,net.minecraft.core.HolderSet,Directed,calls,11
net.minecraft.client.renderer,net.minecraft.server.players,Directed,calls,1
net.minecraft.client.renderer,net.minecraft.client.StringSplitter,Directed,calls,2
net.minecraft.client.renderer,net.minecraft.client.telemetry,Directed,calls,24
net.minecraft.client.renderer,net.minecraft.resources.ResourceLocation,Directed,calls,70
net.minecraft.client.renderer,net.minecraft.client.OptionInstance,Directed,calls,1
net.minecraft.client.renderer,net.minecraft.client.Options,Directed,calls,1
net.minecraft.client.renderer,net.minecraft.core.BlockMath,Directed,calls,1
net.minecraft.client.renderer,net.minecraft.util.SegmentedAnglePrecision,Directed,calls,1
net.minecraft.client.renderer,com.mojang.math.Transformation,Directed,calls,3
net.minecraft.client.renderer,net.minecraft.core.SectionPos,Directed,calls,89
net.minecraft.client.renderer,net.minecraft.core.Vec3i,Directed,calls,18
net.minecraft.client.renderer,net.minecraft.core.NonNullList,Directed,calls,11
net.minecraft.client.renderer,net.minecraft.client.resources,Directed,calls,37
net.minecraft.client.renderer,net.minecraft.world.item,Directed,calls,76
net.minecraft.client.renderer,com.mojang.realmsclient.gui,Directed,calls,9
net.minecraft.client.renderer,net.minecraft.CharPredicate,Directed,calls,1
net.minecraft.client.renderer,net.minecraft.world.flag,Directed,calls,4
net.minecraft.client.renderer,com.mojang.realmsclient.util,Directed,calls,3
net.minecraft.client.renderer,net.minecraft.client.model,Directed,calls,236
net.minecraft.client.renderer,net.minecraft.client.Camera,Directed,calls,73
net.minecraft.client.renderer,net.minecraft.core.FrontAndTop,Directed,calls,1
net.minecraft.client.renderer,net.minecraft.world.entity,Directed,calls,438
net.minecraft.client.renderer,net.minecraft.gametest.framework,Directed,calls,3
net.minecraft.client.renderer,net.minecraft.util.datafix,Directed,calls,8
net.minecraft.client.renderer,net.minecraft.util.thread,Directed,calls,3
net.minecraft.client.renderer,net.minecraft.Util,Directed,calls,24
net.minecraft.client.renderer,com.mojang.blaze3d.systems,Directed,calls,217
net.minecraft.client.renderer,net.minecraft.network.protocol,Directed,calls,15
net.minecraft.client.renderer,net.minecraft.server.packs,Directed,calls,32
net.minecraft.client.renderer,mcp.client.Start,Directed,calls,1
net.minecraft.client.renderer,net.minecraft.client.main,Directed,calls,1
net.minecraft.client.renderer,net.minecraft.server.level,Directed,calls,5
net.minecraft.client.renderer,net.minecraft.nbt.StringTag,Directed,calls,5
net.minecraft.client.renderer,com.mojang.realmsclient.client,Directed,calls,1
net.minecraft.client.renderer,net.minecraft.util.ArrayListDeque,Directed,calls,19
net.minecraft.client.renderer,net.minecraft.server.ChainedJsonException,Directed,calls,30
net.minecraft.client.renderer,com.mojang.blaze3d.shaders,Directed,calls,55
net.minecraft.client.renderer,com.mojang.blaze3d.platform,Directed,calls,69
net.minecraft.client.renderer,net.minecraft.network.codec,Directed,calls,2
net.minecraft.client.renderer,net.minecraft.server.PlayerAdvancements,Directed,calls,1
net.minecraft.client.renderer,net.minecraft.network.syncher,Directed,calls,7
net.minecraft.client.renderer,net.minecraft.client.player,Directed,calls,16
net.minecraft.client.renderer,net.minecraft.data.models,Directed,calls,1
net.minecraft.client.renderer,net.minecraft.core.particles,Directed,calls,3
net.minecraft.client.renderer,com.mojang.math.MatrixUtil,Directed,calls,2
net.minecraft.client.renderer,net.minecraft.core.DefaultedMappedRegistry,Directed,calls,1
net.minecraft.client.renderer,net.minecraft.world.scores,Directed,calls,9
net.minecraft.client.renderer,net.minecraft.ChatFormatting,Directed,calls,2
net.minecraft.client.renderer,net.minecraft.network.chat,Directed,calls,2
net.minecraft.client.renderer,net.minecraft.util.CubicSampler,Directed,calls,1
net.minecraft.client.renderer,net.minecraft.core.Holder,Directed,calls,1
net.minecraft.client.renderer,net.minecraft.world.effect,Directed,calls,6
net.minecraft.client.renderer,net.minecraft.client.DeltaTracker,Directed,calls,10
net.minecraft.client.renderer,net.minecraft.server.MinecraftServer,Directed,calls,1
net.minecraft.client.renderer,net.minecraft.client.Screenshot,Directed,calls,1
net.minecraft.client.renderer,net.minecraft.util.profiling,Directed,calls,6
net.minecraft.client.renderer,net.minecraft.data.BlockFamily,Directed,calls,2
net.minecraft.client.renderer,net.minecraft.stats.StatType,Directed,calls,1
net.minecraft.client.renderer,net.neoforged.neoforge.event,Directed,calls,1
net.minecraft.client.renderer,net.minecraft.core.Position,Directed,calls,3
net.minecraft.client.renderer,net.minecraft.world.TickRateManager,Directed,calls,1
net.minecraft.client.renderer,net.minecraft.client.particle,Directed,calls,8
net.minecraft.client.renderer,net.minecraft.util.SortedArraySet,Directed,calls,1
net.minecraft.client.renderer,net.minecraft.util.ParticleUtils,Directed,calls,11
net.minecraft.client.renderer,net.minecraft.util.valueproviders,Directed,calls,7
net.minecraft.client.renderer,net.minecraft.stats.RecipeBookSettings,Directed,calls,1
net.minecraft.client.renderer,com.mojang.blaze3d.pipeline,Directed,calls,5
net.minecraft.client.renderer,net.minecraft.server.commands,Directed,calls,3
net.minecraft.client.renderer,net.minecraft.FileUtil,Directed,calls,1
net.minecraft.client.renderer,net.minecraft.resources.FileToIdConverter,Directed,calls,7
net.minecraft.client.renderer,net.minecraft.util.random,Directed,calls,1
net.minecraft.client.ResourceLoadStateTracker,net.minecraft.core.NonNullList,Directed,calls,1
net.minecraft.client.ResourceLoadStateTracker,net.minecraft.CrashReport,Directed,calls,1
net.minecraft.client.ResourceLoadStateTracker,net.minecraft.CrashReportCategory,Directed,calls,5
net.minecraft.client.resources,net.minecraft.server.packs,Directed,calls,24
net.minecraft.client.resources,net.minecraft.network.chat,Directed,calls,8
net.minecraft.client.resources,net.minecraft.resources.ResourceLocation,Directed,calls,14
net.minecraft.client.resources,net.minecraft.world.level,Directed,calls,23
net.minecraft.client.resources,net.minecraft.util.GsonHelper,Directed,calls,31
net.minecraft.client.resources,net.minecraft.CrashReportCategory,Directed,calls,10
net.minecraft.client.resources,net.minecraft.client.telemetry,Directed,calls,2
net.minecraft.client.resources,net.minecraft.server.ChainedJsonException,Directed,calls,1
net.minecraft.client.resources,net.minecraft.locale.Language,Directed,calls,4
net.minecraft.client.resources,net.minecraft.core.component,Directed,calls,2
net.minecraft.client.resources,net.neoforged.neoforge.common,Directed,calls,1
net.minecraft.client.resources,net.minecraft.util.FormattedCharSequence,Directed,calls,1
net.minecraft.client.resources,net.minecraft.client.gui,Directed,calls,33
net.minecraft.client.resources,com.mojang.blaze3d.platform,Directed,calls,2
net.minecraft.client.resources,net.minecraft.util.random,Directed,calls,5
net.minecraft.client.resources,com.mojang.blaze3d.vertex,Directed,calls,2
net.minecraft.client.resources,net.minecraft.server.level,Directed,calls,2
net.minecraft.client.resources,net.minecraft.world.InteractionResultHolder,Directed,calls,1
net.minecraft.client.resources,net.minecraft.util.valueproviders,Directed,calls,3
net.minecraft.client.resources,net.minecraft.Util,Directed,calls,6
net.minecraft.client.resources,net.minecraft.client.renderer,Directed,calls,25
net.minecraft.client.resources,net.minecraft.util.Mth,Directed,calls,13
net.minecraft.client.resources,net.minecraft.core.NonNullList,Directed,calls,10
net.minecraft.client.resources,net.minecraft.util.StaticCache2D,Directed,calls,1
net.minecraft.client.resources,net.minecraft.resources.FileToIdConverter,Directed,calls,3
net.minecraft.client.resources,net.minecraft.util.ArrayListDeque,Directed,calls,7
net.minecraft.client.resources,net.minecraft.world.entity,Directed,calls,5
net.minecraft.client.resources,com.mojang.realmsclient.exception,Directed,calls,1
net.minecraft.client.resources,net.minecraft.commands.arguments,Directed,calls,1
net.minecraft.client.resources,net.minecraft.client.Minecraft,Directed,calls,3
net.minecraft.client.resources,net.minecraft.util.profiling,Directed,calls,20
net.minecraft.client.resources,net.minecraft.client.model,Directed,calls,3
net.minecraft.client.resources,mcp.client.Start,Directed,calls,1
net.minecraft.client.resources,net.minecraft.network.codec,Directed,calls,1
net.minecraft.client.resources,net.minecraft.util.CrudeIncrementalIntIdentityHashBiMap,Directed,calls,1
net.minecraft.client.resources,com.mojang.math.Transformation,Directed,calls,1
net.minecraft.client.resources,net.minecraft.util.RandomSource,Directed,calls,7
net.minecraft.client.resources,net.minecraft.util.datafix,Directed,calls,2
net.minecraft.client.resources,com.mojang.realmsclient.Unit,Directed,calls,1
net.minecraft.client.resources,net.minecraft.SharedConstants,Directed,calls,2
net.minecraft.client.resources,net.minecraft.client.User,Directed,calls,2
net.minecraft.client.resources,net.minecraft.nbt.StringTag,Directed,calls,1
net.minecraft.client.resources,net.minecraft.world.phys,Directed,calls,1
net.minecraft.client.resources,net.minecraft.network.Connection,Directed,calls,2
net.minecraft.client.resources,com.mojang.realmsclient.gui,Directed,calls,1
net.minecraft.client.resources,net.minecraft.core.HolderSet,Directed,calls,1
net.minecraft.client.resources,net.minecraft.client.multiplayer,Directed,calls,2
net.minecraft.client.resources,net.minecraft.Optionull,Directed,calls,1
net.minecraft.client.resources,net.minecraft.sounds.SoundEvent,Directed,calls,2
net.minecraft.client.resources,net.minecraft.core.BlockPos,Directed,calls,1
net.minecraft.client.resources,net.minecraft.core.Holder,Directed,calls,1
net.minecraft.client.resources,net.minecraft.client.sounds,Directed,calls,1
net.minecraft.client.resources,net.minecraft.client.OptionInstance,Directed,calls,1
net.minecraft.client.Screenshot,com.mojang.blaze3d.systems,Directed,calls,3
net.minecraft.client.Screenshot,net.minecraft.client.StringSplitter,Directed,calls,4
net.minecraft.client.Screenshot,net.neoforged.neoforge.client,Directed,calls,4
net.minecraft.client.Screenshot,net.minecraft.Util,Directed,calls,3
net.minecraft.client.Screenshot,net.minecraft.network.chat,Directed,calls,4
net.minecraft.client.Screenshot,net.minecraft.world.level,Directed,calls,1
net.minecraft.client.Screenshot,com.mojang.realmsclient.exception,Directed,calls,1
net.minecraft.client.Screenshot,com.mojang.blaze3d.pipeline,Directed,calls,1
net.minecraft.client.Screenshot,com.mojang.blaze3d.platform,Directed,calls,2
net.minecraft.client.searchtree,net.minecraft.core.NonNullList,Directed,calls,5
net.minecraft.client.searchtree,com.mojang.realmsclient.gui,Directed,calls,2
net.minecraft.client.searchtree,net.minecraft.Util,Directed,calls,1
net.minecraft.client.searchtree,net.minecraft.world.item,Directed,calls,2
net.minecraft.client.searchtree,net.minecraft.client.gui,Directed,calls,1
net.minecraft.client.searchtree,net.minecraft.client.StringSplitter,Directed,calls,2
net.minecraft.client.searchtree,net.minecraft.client.renderer,Directed,calls,1
net.minecraft.client.server,net.minecraft.client.renderer,Directed,calls,1
net.minecraft.client.server,net.minecraft.world.entity,Directed,calls,2
net.minecraft.client.server,net.minecraft.server.players,Directed,calls,1
net.minecraft.client.server,net.minecraft.client.gui,Directed,calls,4
net.minecraft.client.server,net.minecraft.network.chat,Directed,calls,1
net.minecraft.client.server,net.minecraft.client.Minecraft,Directed,calls,10
net.minecraft.client.server,net.minecraft.server.MinecraftServer,Directed,calls,15
net.minecraft.client.server,net.minecraft.core.RegistryAccess,Directed,calls,1
net.minecraft.client.server,net.minecraft.world.level,Directed,calls,5
net.minecraft.client.server,net.minecraft.SharedConstants,Directed,calls,1
net.minecraft.client.server,net.minecraft.server.dedicated,Directed,calls,9
net.minecraft.client.server,net.minecraft.CrashReportCategory,Directed,calls,3
net.minecraft.client.server,net.minecraft.client.multiplayer,Directed,calls,2
net.minecraft.client.server,net.minecraft.util.thread,Directed,calls,1
net.minecraft.client.server,net.minecraft.Util,Directed,calls,2
net.minecraft.client.server,net.minecraft.core.NonNullList,Directed,calls,1
net.minecraft.client.sounds,net.minecraft.client.StringSplitter,Directed,calls,2
net.minecraft.client.sounds,net.minecraft.util.ArrayListDeque,Directed,calls,7
net.minecraft.client.sounds,net.minecraft.util.Mth,Directed,calls,5
net.minecraft.client.sounds,net.minecraft.client.gui,Directed,calls,4
net.minecraft.client.sounds,net.minecraft.core.HolderLookup,Directed,calls,1
net.minecraft.client.sounds,net.minecraft.sounds.Music,Directed,calls,6
net.minecraft.client.sounds,net.minecraft.client.resources,Directed,calls,39
net.minecraft.client.sounds,net.minecraft.Util,Directed,calls,4
net.minecraft.client.sounds,net.minecraft.world.level,Directed,calls,4
net.minecraft.client.sounds,com.mojang.blaze3d.audio,Directed,calls,11
net.minecraft.client.sounds,net.minecraft.CrashReportCategory,Directed,calls,7
net.minecraft.client.sounds,net.minecraft.client.Camera,Directed,calls,1
net.minecraft.client.sounds,net.minecraft.server.rcon,Directed,calls,1
net.minecraft.client.sounds,net.minecraft.server.level,Directed,calls,1
net.minecraft.client.sounds,net.minecraft.util.thread,Directed,calls,1
net.minecraft.client.sounds,net.minecraft.server.packs,Directed,calls,8
net.minecraft.client.sounds,net.minecraft.util.profiling,Directed,calls,11
net.minecraft.client.sounds,net.minecraft.resources.ResourceLocation,Directed,calls,2
net.minecraft.client.sounds,net.minecraft.util.GsonHelper,Directed,calls,1
net.minecraft.client.sounds,net.minecraft.network.chat,Directed,calls,2
net.minecraft.client.sounds,net.minecraft.util.RandomSource,Directed,calls,1
net.minecraft.client.StringSplitter,net.minecraft.util.StringDecomposer,Directed,calls,10
net.minecraft.client.StringSplitter,net.minecraft.network.chat,Directed,calls,7
net.minecraft.client.StringSplitter,net.minecraft.client.gui,Directed,calls,4
net.minecraft.client.StringSplitter,net.minecraft.client.ComponentCollector,Directed,calls,1
net.minecraft.client.StringSplitter,net.neoforged.neoforge.network,Directed,calls,2
net.minecraft.client.telemetry,net.minecraft.client.User,Directed,calls,2
net.minecraft.client.telemetry,net.minecraft.SharedConstants,Directed,calls,1
net.minecraft.client.telemetry,net.minecraft.Util,Directed,calls,4
net.minecraft.client.telemetry,net.minecraft.client.Minecraft,Directed,calls,9
net.minecraft.client.telemetry,com.mojang.realmsclient.client,Directed,calls,8
net.minecraft.client.telemetry,net.minecraft.client.multiplayer,Directed,calls,6
net.minecraft.client.telemetry,net.minecraft.util.thread,Directed,calls,1
net.minecraft.client.telemetry,net.minecraft.network.chat,Directed,calls,2
net.minecraft.client.telemetry,net.minecraft.core.NonNullList,Directed,calls,2
net.minecraft.client.telemetry,net.minecraft.util.eventlog,Directed,calls,2
net.minecraft.client.telemetry,net.minecraft.stats.StatFormatter,Directed,calls,1
net.minecraft.client.telemetry,com.mojang.math.Transformation,Directed,calls,1
net.minecraft.client.telemetry,net.minecraft.client.gui,Directed,calls,1
net.minecraft.client.telemetry,com.mojang.blaze3d.vertex,Directed,calls,1
net.minecraft.client.telemetry,net.minecraft.resources.ResourceKey,Directed,calls,1
net.minecraft.client.telemetry,net.minecraft.world.InteractionResultHolder,Directed,calls,1
net.minecraft.client.telemetry,net.minecraft.world.level,Directed,calls,3
net.minecraft.client.ToggleKeyMapping,net.neoforged.neoforge.client,Directed,calls,2
net.minecraft.client.tutorial,net.minecraft.network.chat,Directed,calls,3
net.minecraft.client.tutorial,net.minecraft.world.item,Directed,calls,2
net.minecraft.client.tutorial,net.minecraft.util.datafix,Directed,calls,5
net.minecraft.client.tutorial,net.minecraft.client.player,Directed,calls,2
net.minecraft.client.tutorial,net.minecraft.core.Holder,Directed,calls,2
net.minecraft.client.tutorial,net.minecraft.world.phys,Directed,calls,1
net.minecraft.client.tutorial,net.minecraft.world.level,Directed,calls,2
net.minecraft.client.tutorial,net.minecraft.world.entity,Directed,calls,1
net.minecraft.client.tutorial,net.minecraft.client.gui,Directed,calls,1
net.minecraft.client.tutorial,net.minecraft.client.OptionInstance,Directed,calls,1
net.minecraft.commands.arguments,net.minecraft.commands.CommandSigningContext,Directed,calls,53
net.minecraft.commands.arguments,net.minecraft.network.FriendlyByteBuf,Directed,calls,21
net.minecraft.commands.arguments,net.minecraft.util.Mth,Directed,calls,12
net.minecraft.commands.arguments,net.minecraft.commands.CommandSourceStack,Directed,calls,31
net.minecraft.commands.arguments,net.minecraft.core.NonNullList,Directed,calls,20
net.minecraft.commands.arguments,net.minecraft.server.commands,Directed,calls,3
net.minecraft.commands.arguments,net.minecraft.world.level,Directed,calls,44
net.minecraft.commands.arguments,net.minecraft.nbt.NbtUtils,Directed,calls,5
net.minecraft.commands.arguments,net.minecraft.world.entity,Directed,calls,14
net.minecraft.commands.arguments,net.minecraft.CrashReportCategory,Directed,calls,14
net.minecraft.commands.arguments,net.minecraft.nbt.StringTag,Directed,calls,28
net.minecraft.commands.arguments,net.minecraft.core.Holder,Directed,calls,10
net.minecraft.commands.arguments,net.minecraft.commands.SharedSuggestionProvider,Directed,calls,32
net.minecraft.commands.arguments,net.minecraft.resources.ResourceLocation,Directed,calls,20
net.minecraft.commands.arguments,net.minecraft.resources.ResourceKey,Directed,calls,16
net.minecraft.commands.arguments,net.minecraft.client.multiplayer,Directed,calls,6
net.minecraft.commands.arguments,net.minecraft.ChatFormatting,Directed,calls,3
net.minecraft.commands.arguments,net.minecraft.commands.ParserUtils,Directed,calls,4
net.minecraft.commands.arguments,net.minecraft.ReportedException,Directed,calls,4
net.minecraft.commands.arguments,com.mojang.realmsclient.exception,Directed,calls,2
net.minecraft.commands.arguments,net.minecraft.client.StringSplitter,Directed,calls,8
net.minecraft.commands.arguments,net.minecraft.commands.Commands,Directed,calls,4
net.minecraft.commands.arguments,net.minecraft.core.BlockPos,Directed,calls,1
net.minecraft.commands.arguments,net.minecraft.network.protocol,Directed,calls,1
net.minecraft.commands.arguments,net.minecraft.client.gui,Directed,calls,17
net.minecraft.commands.arguments,com.mojang.realmsclient.gui,Directed,calls,8
net.minecraft.commands.arguments,mcp.client.Start,Directed,calls,3
net.minecraft.commands.arguments,net.minecraft.util.parsing,Directed,calls,63
net.minecraft.commands.arguments,net.minecraft.util.random,Directed,calls,1
net.minecraft.commands.arguments,net.minecraft.core.component,Directed,calls,9
net.minecraft.commands.arguments,com.mojang.blaze3d.vertex,Directed,calls,3
net.minecraft.commands.arguments,net.minecraft.client.main,Directed,calls,3
net.minecraft.commands.arguments,net.minecraft.Util,Directed,calls,5
net.minecraft.commands.arguments,net.minecraft.tags.TagBuilder,Directed,calls,1
net.minecraft.commands.arguments,net.minecraft.core.HolderLookup,Directed,calls,4
net.minecraft.commands.arguments,net.minecraft.network.codec,Directed,calls,2
net.minecraft.commands.arguments,net.minecraft.network.syncher,Directed,calls,1
net.minecraft.commands.arguments,net.minecraft.world.item,Directed,calls,3
net.minecraft.commands.arguments,net.minecraft.client.renderer,Directed,calls,2
net.minecraft.commands.arguments,net.minecraft.util.ExtraCodecs,Directed,calls,1
net.minecraft.commands.arguments,net.minecraft.server.MinecraftServer,Directed,calls,2
net.minecraft.commands.arguments,net.minecraft.server.level,Directed,calls,1
net.minecraft.commands.arguments,net.minecraft.network.chat,Directed,calls,30
net.minecraft.commands.arguments,net.neoforged.neoforge.common,Directed,calls,2
net.minecraft.commands.arguments,net.minecraft.data.tags,Directed,calls,12
net.minecraft.commands.arguments,net.minecraft.server.packs,Directed,calls,11
net.minecraft.commands.arguments,net.minecraft.nbt.ByteArrayTag,Directed,calls,1
net.minecraft.commands.arguments,net.minecraft.nbt.CompoundTag,Directed,calls,1
net.minecraft.commands.arguments,net.minecraft.nbt.Tag,Directed,calls,2
net.minecraft.commands.arguments,net.minecraft.world.scores,Directed,calls,12
net.minecraft.commands.arguments,net.minecraft.stats.Stat,Directed,calls,1
net.minecraft.commands.arguments,net.minecraft.util.TimeSource,Directed,calls,1
net.minecraft.commands.arguments,net.neoforged.neoforge.client,Directed,calls,1
net.minecraft.commands.arguments,net.minecraft.core.particles,Directed,calls,1
net.minecraft.commands.arguments,net.minecraft.advancements.critereon,Directed,calls,12
net.minecraft.commands.arguments,net.minecraft.core.RegistryAccess,Directed,calls,1
net.minecraft.commands.arguments,net.minecraft.client.telemetry,Directed,calls,1
net.minecraft.commands.arguments,net.minecraft.advancements.AdvancementProgress,Directed,calls,1
net.minecraft.commands.arguments,net.minecraft.world.inventory,Directed,calls,4
net.minecraft.commands.CacheableFunction,net.minecraft.server.ServerFunctionManager,Directed,calls,1
net.minecraft.commands.CommandBuildContext,net.minecraft.core.HolderLookup,Directed,calls,2
net.minecraft.commands.CommandBuildContext,net.minecraft.core.HolderGetter,Directed,calls,1
net.minecraft.commands.Commands,net.minecraft.server.commands,Directed,calls,85
net.minecraft.commands.Commands,net.minecraft.gametest.framework,Directed,calls,1
net.minecraft.commands.Commands,net.minecraft.commands.ExecutionCommandSource,Directed,calls,1
net.minecraft.commands.Commands,net.minecraft.commands.CommandSourceStack,Directed,calls,7
net.minecraft.commands.Commands,net.minecraft.commands.arguments,Directed,calls,6
net.minecraft.commands.Commands,net.minecraft.server.packs,Directed,calls,1
net.minecraft.commands.Commands,net.neoforged.neoforge.event,Directed,calls,4
net.minecraft.commands.Commands,net.minecraft.network.chat,Directed,calls,10
net.minecraft.commands.Commands,net.minecraft.Util,Directed,calls,2
net.minecraft.commands.Commands,net.minecraft.commands.execution,Directed,calls,2
net.minecraft.commands.Commands,com.mojang.realmsclient.exception,Directed,calls,2
net.minecraft.commands.Commands,net.minecraft.nbt.StringTag,Directed,calls,1
net.minecraft.commands.Commands,net.minecraft.world.level,Directed,calls,1
net.minecraft.commands.Commands,net.minecraft.client.multiplayer,Directed,calls,4
net.minecraft.commands.Commands,net.minecraft.client.gui,Directed,calls,1
net.minecraft.commands.Commands,net.minecraft.commands.synchronization,Directed,calls,4
net.minecraft.commands.Commands,net.minecraft.client.renderer,Directed,calls,2
net.minecraft.commands.Commands,net.minecraft.core.HolderLookup,Directed,calls,1
net.minecraft.commands.Commands,net.minecraft.core.HolderGetter,Directed,calls,2
net.minecraft.commands.Commands,net.minecraft.advancements.Advancement,Directed,calls,2
net.minecraft.commands.Commands,net.minecraft.core.HolderSet,Directed,calls,2
net.minecraft.commands.Commands,net.minecraft.data.registries,Directed,calls,1
net.minecraft.commands.CommandSourceStack,net.minecraft.util.TaskChainer,Directed,calls,1
net.minecraft.commands.CommandSourceStack,net.minecraft.world.entity,Directed,calls,2
net.minecraft.commands.CommandSourceStack,net.minecraft.world.level,Directed,calls,1
net.minecraft.commands.CommandSourceStack,net.minecraft.commands.arguments,Directed,calls,1
net.minecraft.commands.CommandSourceStack,net.minecraft.util.Mth,Directed,calls,5
net.minecraft.commands.CommandSourceStack,net.minecraft.advancements.critereon,Directed,calls,1
net.minecraft.commands.CommandSourceStack,net.minecraft.client.resources,Directed,calls,1
net.minecraft.commands.CommandSourceStack,net.minecraft.network.chat,Directed,calls,5
net.minecraft.commands.CommandSourceStack,net.minecraft.server.packs,Directed,calls,1
net.minecraft.commands.CommandSourceStack,net.minecraft.commands.execution,Directed,calls,1
net.minecraft.commands.execution,net.minecraft.commands.CommandSourceStack,Directed,calls,5
net.minecraft.commands.execution,net.minecraft.world.level,Directed,calls,1
net.minecraft.commands.execution,com.mojang.realmsclient.gui,Directed,calls,2
net.minecraft.commands.execution,net.neoforged.neoforge.client,Directed,calls,2
net.minecraft.commands.execution,net.minecraft.client.gui,Directed,calls,1
net.minecraft.commands.execution,net.minecraft.commands.CommandResultCallback,Directed,calls,1
net.minecraft.commands.execution,net.minecraft.core.NonNullList,Directed,calls,3
net.minecraft.commands.execution,net.minecraft.nbt.visitors,Directed,calls,5
net.minecraft.commands.execution,net.minecraft.commands.ExecutionCommandSource,Directed,calls,1
net.minecraft.commands.FunctionInstantiationException,net.minecraft.network.chat,Directed,calls,1
net.minecraft.commands.functions,net.minecraft.client.StringSplitter,Directed,calls,3
net.minecraft.commands.functions,net.minecraft.commands.Commands,Directed,calls,1
net.minecraft.commands.functions,net.minecraft.commands.arguments,Directed,calls,1
net.minecraft.commands.functions,net.minecraft.client.gui,Directed,calls,4
net.minecraft.commands.functions,net.minecraft.network.chat,Directed,calls,6
net.minecraft.commands.functions,com.mojang.blaze3d.platform,Directed,calls,2
net.minecraft.commands.functions,net.minecraft.nbt.StringTag,Directed,calls,3
net.minecraft.commands.functions,net.minecraft.nbt.Tag,Directed,calls,1
net.minecraft.commands.functions,net.minecraft.util.random,Directed,calls,2
net.minecraft.commands.functions,com.mojang.blaze3d.vertex,Directed,calls,3
net.minecraft.commands.ParserUtils,net.minecraft.core.HolderLookup,Directed,calls,1
net.minecraft.commands.ParserUtils,net.minecraft.advancements.critereon,Directed,calls,1
net.minecraft.commands.SharedSuggestionProvider,net.minecraft.core.Registry,Directed,calls,2
net.minecraft.commands.SharedSuggestionProvider,com.mojang.blaze3d.vertex,Directed,calls,5
net.minecraft.commands.SharedSuggestionProvider,net.minecraft.client.StringSplitter,Directed,calls,2
net.minecraft.commands.SharedSuggestionProvider,net.minecraft.client.gui,Directed,calls,9
net.minecraft.commands.SharedSuggestionProvider,net.minecraft.server.packs,Directed,calls,1
net.minecraft.commands.synchronization,net.minecraft.core.Registry,Directed,calls,1
net.minecraft.commands.synchronization,net.minecraft.commands.arguments,Directed,calls,3
net.minecraft.commands.synchronization,net.minecraft.network.FriendlyByteBuf,Directed,calls,12
net.minecraft.commands.synchronization,net.minecraft.util.parsing,Directed,calls,1
net.minecraft.core.BlockMath,net.minecraft.world.level,Directed,calls,2
net.minecraft.core.BlockMath,com.mojang.math.Transformation,Directed,calls,5
net.minecraft.core.BlockMath,net.minecraft.core.Direction,Directed,calls,1
net.minecraft.core.BlockMath,net.minecraft.client.renderer,Directed,calls,2
net.minecraft.core.BlockPos,net.minecraft.core.Direction,Directed,calls,15
net.minecraft.core.BlockPos,net.minecraft.util.Mth,Directed,calls,21
net.minecraft.core.BlockPos,net.minecraft.core.Position,Directed,calls,3
net.minecraft.core.BlockPos,net.minecraft.world.phys,Directed,calls,2
net.minecraft.core.BlockPos,net.minecraft.network.protocol,Directed,calls,4
net.minecraft.core.BlockPos,net.minecraft.network.codec,Directed,calls,1
net.minecraft.core.BlockPos,net.minecraft.util.RandomSource,Directed,calls,3
net.minecraft.core.BlockPos,net.minecraft.world.level,Directed,calls,13
net.minecraft.core.BlockPos,net.minecraft.core.component,Directed,calls,3
net.minecraft.core.BlockPos,net.minecraft.client.gui,Directed,calls,4
net.minecraft.core.BlockPos,net.minecraft.server.commands,Directed,calls,2
net.minecraft.core.BlockPos,net.minecraft.util.thread,Directed,calls,1
net.minecraft.core.BlockPos,net.minecraft.advancements.critereon,Directed,calls,1
net.minecraft.core.BlockPos,net.minecraft.client.CameraType,Directed,calls,3
net.minecraft.core.cauldron,net.minecraft.world.level,Directed,calls,12
net.minecraft.core.cauldron,net.minecraft.world.entity,Directed,calls,11
net.minecraft.core.cauldron,net.minecraft.world.item,Directed,calls,10
net.minecraft.core.cauldron,net.minecraft.world.ItemInteractionResult,Directed,calls,8
net.minecraft.core.cauldron,net.minecraft.client.gui,Directed,calls,3
net.minecraft.core.cauldron,net.minecraft.client.multiplayer,Directed,calls,2
net.minecraft.core.Cloner,net.minecraft.core.HolderLookup,Directed,calls,2
net.minecraft.core.component,net.minecraft.world.flag,Directed,calls,1
net.minecraft.core.component,net.minecraft.world.InteractionResultHolder,Directed,calls,3
net.minecraft.core.component,net.minecraft.advancements.critereon,Directed,calls,1
net.minecraft.core.component,net.minecraft.client.renderer,Directed,calls,2
net.minecraft.core.component,net.minecraft.CrashReportCategory,Directed,calls,19
net.minecraft.core.component,net.minecraft.network.chat,Directed,calls,4
net.minecraft.core.component,net.minecraft.core.NonNullList,Directed,calls,2
net.minecraft.core.component,net.minecraft.world.level,Directed,calls,3
net.minecraft.core.component,net.minecraft.core.Registry,Directed,calls,1
net.minecraft.core.component,net.minecraft.network.codec,Directed,calls,3
net.minecraft.core.component,net.minecraft.server.level,Directed,calls,2
net.minecraft.core.component,net.minecraft.Util,Directed,calls,1
net.minecraft.core.component,net.minecraft.client.main,Directed,calls,1
net.minecraft.core.component,net.minecraft.util.SortedArraySet,Directed,calls,1
net.minecraft.core.component,net.minecraft.client.gui,Directed,calls,2
net.minecraft.core.component,net.minecraft.world.entity,Directed,calls,1
net.minecraft.core.component,com.mojang.realmsclient.gui,Directed,calls,1
net.minecraft.core.component,net.minecraft.util.ArrayListDeque,Directed,calls,1
net.minecraft.core.DefaultedMappedRegistry,net.minecraft.resources.ResourceLocation,Directed,calls,1
net.minecraft.core.DefaultedMappedRegistry,net.minecraft.resources.ResourceKey,Directed,calls,1
net.minecraft.core.DefaultedMappedRegistry,net.minecraft.client.main,Directed,calls,2
net.minecraft.core.Direction,net.minecraft.world.entity,Directed,calls,5
net.minecraft.core.Direction,net.minecraft.util.Mth,Directed,calls,9
net.minecraft.core.Direction,net.minecraft.core.Vec3i,Directed,calls,3
net.minecraft.core.Direction,net.minecraft.Util,Directed,calls,6
net.minecraft.core.Direction,net.minecraft.client.OptionInstance,Directed,calls,1
net.minecraft.core.Direction,net.minecraft.network.codec,Directed,calls,1
net.minecraft.core.Direction,net.minecraft.util.StringRepresentable,Directed,calls,2
net.minecraft.core.Direction,net.minecraft.client.gui,Directed,calls,4
net.minecraft.core.Direction,net.minecraft.world.InteractionResultHolder,Directed,calls,1
net.minecraft.core.Direction,net.minecraft.server.level,Directed,calls,1
net.minecraft.core.Direction8,net.minecraft.core.Direction,Directed,calls,3
net.minecraft.core.dispenser,net.neoforged.neoforge.capabilities,Directed,calls,19
net.minecraft.core.dispenser,net.minecraft.world.phys,Directed,calls,3
net.minecraft.core.dispenser,net.minecraft.core.Direction,Directed,calls,9
net.minecraft.core.dispenser,net.minecraft.world.entity,Directed,calls,11
net.minecraft.core.dispenser,net.neoforged.neoforge.common,Directed,calls,5
net.minecraft.core.dispenser,net.minecraft.world.item,Directed,calls,13
net.minecraft.core.dispenser,net.minecraft.world.level,Directed,calls,108
net.minecraft.core.dispenser,net.minecraft.core.Position,Directed,calls,3
net.minecraft.core.dispenser,net.minecraft.server.level,Directed,calls,3
net.minecraft.core.dispenser,com.mojang.realmsclient.gui,Directed,calls,2
net.minecraft.core.dispenser,net.minecraft.client.gui,Directed,calls,2
net.minecraft.core.dispenser,net.minecraft.client.multiplayer,Directed,calls,7
net.minecraft.core.FrontAndTop,net.minecraft.core.HolderLookup,Directed,calls,1
net.minecraft.core.Holder,net.minecraft.network.codec,Directed,calls,1
net.minecraft.core.Holder,net.minecraft.advancements.critereon,Directed,calls,1
net.minecraft.core.Holder,net.minecraft.core.HolderLookup,Directed,calls,1
net.minecraft.core.HolderGetter,net.minecraft.resources.ResourceKey,Directed,calls,1
net.minecraft.core.HolderLookup,net.minecraft.resources.ResourceKey,Directed,calls,1
net.minecraft.core.HolderLookup,net.minecraft.resources.RegistryOps,Directed,calls,1
net.minecraft.core.HolderLookup,net.minecraft.commands.arguments,Directed,calls,1
net.minecraft.core.HolderLookup,net.minecraft.client.gui,Directed,calls,2
net.minecraft.core.HolderLookup,net.minecraft.client.main,Directed,calls,1
net.minecraft.core.HolderLookup,net.minecraft.advancements.critereon,Directed,calls,2
net.minecraft.core.HolderSet,net.minecraft.core.NonNullList,Directed,calls,3
net.minecraft.core.HolderSet,net.minecraft.network.codec,Directed,calls,1
net.minecraft.core.HolderSet,net.minecraft.Util,Directed,calls,1
net.minecraft.core.HolderSet,net.minecraft.util.thread,Directed,calls,1
net.minecraft.core.HolderSet,net.minecraft.core.Holder,Directed,calls,1
net.minecraft.core.LayeredRegistryAccess,net.minecraft.Util,Directed,calls,1
net.minecraft.core.LayeredRegistryAccess,net.minecraft.core.NonNullList,Directed,calls,2
net.minecraft.core.LayeredRegistryAccess,net.minecraft.client.gui,Directed,calls,4
net.minecraft.core.LayeredRegistryAccess,net.neoforged.neoforge.common,Directed,calls,1
net.minecraft.core.MappedRegistry,net.neoforged.neoforge.registries,Directed,calls,7
net.minecraft.core.MappedRegistry,net.minecraft.Util,Directed,calls,3
net.minecraft.core.MappedRegistry,net.minecraft.core.Holder,Directed,calls,7
net.minecraft.core.MappedRegistry,net.minecraft.client.main,Directed,calls,6
net.minecraft.core.MappedRegistry,net.minecraft.client.gui,Directed,calls,12
net.minecraft.core.MappedRegistry,com.mojang.realmsclient.gui,Directed,calls,1
net.minecraft.core.MappedRegistry,net.minecraft.server.level,Directed,calls,1
net.minecraft.core.MappedRegistry,net.minecraft.world.flag,Directed,calls,2
net.minecraft.core.MappedRegistry,net.minecraft.core.HolderSet,Directed,calls,1
net.minecraft.core.MappedRegistry,net.minecraft.core.NonNullList,Directed,calls,1
net.minecraft.core.MappedRegistry,net.minecraft.core.HolderGetter,Directed,calls,2
net.minecraft.core.NonNullList,net.neoforged.neoforge.common,Directed,calls,1
net.minecraft.core.particles,net.minecraft.network.codec,Directed,calls,4
net.minecraft.core.particles,net.minecraft.world.item,Directed,calls,2
net.minecraft.core.particles,net.minecraft.core.Registry,Directed,calls,2
net.minecraft.core.particles,net.minecraft.util.Mth,Directed,calls,1
net.minecraft.core.particles,net.minecraft.client.gui,Directed,calls,1
net.minecraft.core.registries,net.minecraft.server.Bootstrap,Directed,calls,1
net.minecraft.core.registries,net.minecraft.resources.ResourceKey,Directed,calls,6
net.minecraft.core.registries,net.minecraft.world.level,Directed,calls,1
net.minecraft.core.registries,net.minecraft.core.WritableRegistry,Directed,calls,1
net.minecraft.core.registries,net.minecraft.core.MappedRegistry,Directed,calls,1
net.minecraft.core.registries,net.minecraft.core.Registry,Directed,calls,2
net.minecraft.core.registries,net.minecraft.Util,Directed,calls,1
net.minecraft.core.registries,net.minecraft.resources.ResourceLocation,Directed,calls,1
net.minecraft.core.Registry,net.minecraft.server.level,Directed,calls,2
net.minecraft.core.Registry,net.minecraft.util.ExtraCodecs,Directed,calls,1
net.minecraft.core.Registry,net.minecraft.world.InteractionResultHolder,Directed,calls,1
net.minecraft.core.Registry,net.minecraft.nbt.NbtOps,Directed,calls,1
net.minecraft.core.Registry,net.minecraft.client.main,Directed,calls,2
net.minecraft.core.Registry,net.minecraft.core.component,Directed,calls,1
net.minecraft.core.Registry,net.minecraft.core.HolderSet,Directed,calls,1
net.minecraft.core.Registry,net.minecraft.resources.ResourceLocation,Directed,calls,1
net.minecraft.core.Registry,net.minecraft.resources.ResourceKey,Directed,calls,2
net.minecraft.core.Registry,net.minecraft.core.NonNullList,Directed,calls,1
net.minecraft.core.Registry,net.minecraft.client.gui,Directed,calls,1
net.minecraft.core.RegistryAccess,net.minecraft.core.Registry,Directed,calls,1
net.minecraft.core.RegistryAccess,net.minecraft.core.MappedRegistry,Directed,calls,1
net.minecraft.core.RegistryAccess,net.minecraft.commands.arguments,Directed,calls,1
net.minecraft.core.RegistryAccess,net.minecraft.client.main,Directed,calls,1
net.minecraft.core.RegistryAccess,net.neoforged.neoforge.common,Directed,calls,2
net.minecraft.core.RegistryCodecs,net.minecraft.resources.HolderSetCodec,Directed,calls,2
net.minecraft.core.RegistryCodecs,net.minecraft.resources.RegistryFileCodec,Directed,calls,1
net.minecraft.core.RegistryCodecs,net.minecraft.resources.RegistryFixedCodec,Directed,calls,1
net.minecraft.core.RegistrySetBuilder,net.minecraft.client.main,Directed,calls,4
net.minecraft.core.RegistrySetBuilder,net.minecraft.core.RegistryAccess,Directed,calls,3
net.minecraft.core.RegistrySetBuilder,net.minecraft.client.gui,Directed,calls,10
net.minecraft.core.RegistrySetBuilder,net.minecraft.resources.RegistryOps,Directed,calls,1
net.minecraft.core.RegistrySetBuilder,net.minecraft.core.HolderSet,Directed,calls,3
net.minecraft.core.RegistrySetBuilder,net.minecraft.core.Cloner,Directed,calls,3
net.minecraft.core.RegistrySetBuilder,net.minecraft.resources.ResourceKey,Directed,calls,2
net.minecraft.core.RegistrySetBuilder,net.minecraft.core.HolderGetter,Directed,calls,2
net.minecraft.core.RegistrySetBuilder,net.minecraft.core.HolderLookup,Directed,calls,2
net.minecraft.core.RegistrySetBuilder,net.minecraft.client.telemetry,Directed,calls,3
net.minecraft.core.RegistrySetBuilder,com.mojang.blaze3d.vertex,Directed,calls,1
net.minecraft.core.RegistrySetBuilder,net.minecraft.core.Holder,Directed,calls,1
net.minecraft.core.RegistrySetBuilder,net.minecraft.util.ArrayListDeque,Directed,calls,3
net.minecraft.core.RegistrySetBuilder,net.minecraft.CrashReportCategory,Directed,calls,2
net.minecraft.core.RegistrySynchronization,net.minecraft.core.RegistryAccess,Directed,calls,2
net.minecraft.core.RegistrySynchronization,net.minecraft.core.HolderLookup,Directed,calls,1
net.minecraft.core.RegistrySynchronization,net.neoforged.neoforge.common,Directed,calls,1
net.minecraft.core.RegistrySynchronization,net.minecraft.client.gui,Directed,calls,1
net.minecraft.core.RegistrySynchronization,net.minecraft.network.protocol,Directed,calls,1
net.minecraft.core.RegistrySynchronization,net.minecraft.core.LayeredRegistryAccess,Directed,calls,2
net.minecraft.core.RegistrySynchronization,mcp.client.Start,Directed,calls,1
net.minecraft.core.Rotations,net.minecraft.nbt.CompoundTag,Directed,calls,3
net.minecraft.core.Rotations,net.minecraft.nbt.FloatTag,Directed,calls,3
net.minecraft.core.Rotations,net.minecraft.util.Mth,Directed,calls,3
net.minecraft.core.SectionPos,net.minecraft.core.BlockPos,Directed,calls,22
net.minecraft.core.SectionPos,net.minecraft.world.entity,Directed,calls,1
net.minecraft.core.SectionPos,net.minecraft.core.Position,Directed,calls,3
net.minecraft.core.SectionPos,net.minecraft.server.level,Directed,calls,1
net.minecraft.core.SectionPos,net.minecraft.world.level,Directed,calls,1
net.minecraft.core.SectionPos,net.minecraft.core.Direction,Directed,calls,3
net.minecraft.core.SectionPos,net.minecraft.util.Mth,Directed,calls,2
net.minecraft.core.SectionPos,net.minecraft.core.component,Directed,calls,1
net.minecraft.core.SectionPos,net.minecraft.client.StringSplitter,Directed,calls,3
net.minecraft.core.Vec3i,net.minecraft.world.InteractionResultHolder,Directed,calls,1
net.minecraft.core.Vec3i,net.minecraft.server.level,Directed,calls,1
net.minecraft.core.Vec3i,net.minecraft.core.Direction,Directed,calls,4
net.minecraft.core.Vec3i,net.minecraft.util.Mth,Directed,calls,2
net.minecraft.core.Vec3i,net.minecraft.core.Position,Directed,calls,3
net.minecraft.CrashReport,net.minecraft.world.level,Directed,calls,5
net.minecraft.CrashReport,net.minecraft.CrashReportCategory,Directed,calls,2
net.minecraft.CrashReport,net.minecraft.stats.StatFormatter,Directed,calls,1
net.minecraft.CrashReport,com.mojang.realmsclient.client,Directed,calls,1
net.minecraft.CrashReport,net.minecraft.core.NonNullList,Directed,calls,2
net.minecraft.CrashReport,net.minecraft.server.packs,Directed,calls,2
net.minecraft.CrashReport,net.minecraft.FileUtil,Directed,calls,1
net.minecraft.CrashReport,net.minecraft.network.protocol,Directed,calls,1
net.minecraft.CrashReport,net.minecraft.ReportedException,Directed,calls,2
net.minecraft.CrashReport,net.minecraft.util.MemoryReserve,Directed,calls,1
net.minecraft.CrashReportCategory,net.minecraft.core.BlockPos,Directed,calls,4
net.minecraft.CrashReportCategory,net.minecraft.core.SectionPos,Directed,calls,7
net.minecraft.CrashReportCategory,net.minecraft.world.level,Directed,calls,12
net.minecraft.CrashReportCategory,net.minecraft.server.packs,Directed,calls,2
net.minecraft.CrashReportCategory,net.minecraft.data.models,Directed,calls,1
net.minecraft.data.advancements,net.minecraft.data.PackOutput,Directed,calls,1
net.minecraft.data.advancements,net.minecraft.client.renderer,Directed,calls,1
net.minecraft.data.advancements,net.minecraft.client.gui,Directed,calls,1
net.minecraft.data.advancements,net.minecraft.data.DataProvider,Directed,calls,1
net.minecraft.data.advancements,net.neoforged.neoforge.common,Directed,calls,1
net.minecraft.data.advancements,net.minecraft.resources.ResourceLocation,Directed,calls,8
net.minecraft.data.advancements,net.minecraft.core.NonNullList,Directed,calls,6
net.minecraft.data.advancements,net.minecraft.network.chat,Directed,calls,244
net.minecraft.data.advancements,net.minecraft.world.entity,Directed,calls,4
net.minecraft.data.advancements,net.minecraft.core.HolderSet,Directed,calls,4
net.minecraft.data.advancements,net.minecraft.world.level,Directed,calls,6
net.minecraft.data.advancements,net.minecraft.core.Direction,Directed,calls,1
net.minecraft.data.advancements,net.minecraft.advancements.Advancement,Directed,calls,17
net.minecraft.data.advancements,net.minecraft.world.flag,Directed,calls,1
net.minecraft.data.advancements,net.minecraft.data.recipes,Directed,calls,2
net.minecraft.data.advancements,net.minecraft.util.ArrayListDeque,Directed,calls,1
net.minecraft.data.advancements,net.minecraft.advancements.critereon,Directed,calls,4
net.minecraft.data.advancements,net.minecraft.core.component,Directed,calls,1
net.minecraft.data.BlockFamilies,net.minecraft.client.gui,Directed,calls,1
net.minecraft.data.BlockFamily,net.minecraft.util.StringUtil,Directed,calls,2
net.minecraft.data.CachedOutput,net.minecraft.FileUtil,Directed,calls,1
net.minecraft.data.DataGenerator,net.minecraft.data.HashCache,Directed,calls,3
net.minecraft.data.DataGenerator,net.minecraft.world.level,Directed,calls,3
net.minecraft.data.DataGenerator,net.minecraft.data.PackOutput,Directed,calls,1
net.minecraft.data.DataGenerator,net.minecraft.data.DataProvider,Directed,calls,2
net.minecraft.data.DataGenerator,net.minecraft.data.advancements,Directed,calls,1
net.minecraft.data.DataGenerator,net.minecraft.data.loot,Directed,calls,1
net.minecraft.data.DataGenerator,net.minecraft.client.renderer,Directed,calls,1
net.minecraft.data.DataGenerator,net.minecraft.server.Bootstrap,Directed,calls,1
net.minecraft.data.DataProvider,net.minecraft.Util,Directed,calls,2
net.minecraft.data.DataProvider,net.minecraft.core.HolderLookup,Directed,calls,1
net.minecraft.data.DataProvider,net.minecraft.util.GsonHelper,Directed,calls,1
net.minecraft.data.DataProvider,net.minecraft.data.CachedOutput,Directed,calls,1
net.minecraft.data.DataProvider,net.minecraft.server.rcon,Directed,calls,1
net.minecraft.data.HashCache,net.minecraft.DetectedVersion,Directed,calls,1
net.minecraft.data.HashCache,net.minecraft.client.gui,Directed,calls,1
net.minecraft.data.HashCache,com.mojang.realmsclient.client,Directed,calls,1
net.minecraft.data.HashCache,net.neoforged.neoforge.common,Directed,calls,1
net.minecraft.data.HashCache,net.minecraft.util.datafix,Directed,calls,1
net.minecraft.data.HashCache,net.minecraft.client.renderer,Directed,calls,2
net.minecraft.data.HashCache,net.minecraft.core.HolderSet,Directed,calls,2
net.minecraft.data.HashCache,net.minecraft.world.level,Directed,calls,1
net.minecraft.data.HashCache,net.minecraft.server.packs,Directed,calls,2
net.minecraft.data.HashCache,net.minecraft.client.telemetry,Directed,calls,2
net.minecraft.data.HashCache,com.mojang.blaze3d.vertex,Directed,calls,1
net.minecraft.data.HashCache,net.minecraft.server.commands,Directed,calls,2
net.minecraft.data.HashCache,net.minecraft.CrashReportCategory,Directed,calls,2
net.minecraft.data.info,net.minecraft.data.PackOutput,Directed,calls,1
net.minecraft.data.info,net.minecraft.core.HolderLookup,Directed,calls,3
net.minecraft.data.info,net.minecraft.world.level,Directed,calls,5
net.minecraft.data.info,net.minecraft.client.gui,Directed,calls,1
net.minecraft.data.info,net.neoforged.neoforge.common,Directed,calls,1
net.minecraft.data.info,net.minecraft.data.DataProvider,Directed,calls,6
net.minecraft.data.info,net.minecraft.resources.ResourceLocation,Directed,calls,2
net.minecraft.data.info,net.minecraft.Util,Directed,calls,2
net.minecraft.data.info,net.minecraft.commands.Commands,Directed,calls,1
net.minecraft.data.info,net.minecraft.commands.synchronization,Directed,calls,1
net.minecraft.data.info,net.minecraft.network.codec,Directed,calls,1
net.minecraft.data.info,net.minecraft.network.ProtocolInfo,Directed,calls,1
net.minecraft.data.info,net.minecraft.core.Registry,Directed,calls,2
net.minecraft.data.loot,net.minecraft.advancements.critereon,Directed,calls,3
net.minecraft.data.loot,net.minecraft.core.NonNullList,Directed,calls,7
net.minecraft.data.loot,net.minecraft.world.item,Directed,calls,2
net.minecraft.data.loot,net.minecraft.world.level,Directed,calls,2798
net.minecraft.data.loot,net.minecraft.client.renderer,Directed,calls,2
net.minecraft.data.loot,net.minecraft.client.gui,Directed,calls,72
net.minecraft.data.loot,net.minecraft.world.entity,Directed,calls,3
net.minecraft.data.loot,net.minecraft.data.PackOutput,Directed,calls,1
net.minecraft.data.loot,net.minecraft.world.RandomSequence,Directed,calls,1
net.minecraft.data.loot,net.minecraft.Util,Directed,calls,1
net.minecraft.data.loot,net.minecraft.data.DataProvider,Directed,calls,1
net.minecraft.data.loot,net.minecraft.server.level,Directed,calls,1
net.minecraft.data.loot,net.minecraft.world.flag,Directed,calls,1
net.minecraft.data.loot,net.minecraft.network.chat,Directed,calls,3
net.minecraft.data.loot,net.minecraft.core.HolderSet,Directed,calls,5
net.minecraft.data.Main,net.minecraft.SharedConstants,Directed,calls,2
net.minecraft.data.Main,net.minecraft.server.packs,Directed,calls,1
net.minecraft.data.Main,net.minecraft.world.level,Directed,calls,1
net.minecraft.data.Main,net.minecraft.Util,Directed,calls,1
net.minecraft.data.Main,net.minecraft.data.tags,Directed,calls,1
net.minecraft.data.Main,net.minecraft.data.metadata,Directed,calls,2
net.minecraft.data.Main,net.minecraft.network.chat,Directed,calls,2
net.minecraft.data.Main,net.minecraft.world.flag,Directed,calls,2
net.minecraft.data.Main,net.minecraft.data.registries,Directed,calls,1
net.minecraft.data.metadata,net.minecraft.server.packs,Directed,calls,1
net.minecraft.data.metadata,net.minecraft.data.DataProvider,Directed,calls,1
net.minecraft.data.models,net.minecraft.world.level,Directed,calls,33
net.minecraft.data.models,net.minecraft.core.HolderLookup,Directed,calls,3
net.minecraft.data.models,net.minecraft.client.resources,Directed,calls,4
net.minecraft.data.models,net.minecraft.core.Direction,Directed,calls,1
net.minecraft.data.models,net.minecraft.core.NonNullList,Directed,calls,17
net.minecraft.data.models,com.mojang.blaze3d.vertex,Directed,calls,5
net.minecraft.data.models,net.minecraft.Util,Directed,calls,2
net.minecraft.data.models,net.neoforged.neoforge.client,Directed,calls,1
net.minecraft.data.models,net.minecraft.data.BlockFamilies,Directed,calls,1
net.minecraft.data.models,net.minecraft.world.item,Directed,calls,8
net.minecraft.data.models,net.minecraft.data.BlockFamily,Directed,calls,1
net.minecraft.data.models,net.minecraft.network.codec,Directed,calls,5
net.minecraft.data.models,mcp.client.Start,Directed,calls,2
net.minecraft.data.models,com.mojang.realmsclient.gui,Directed,calls,2
net.minecraft.data.models,net.minecraft.util.random,Directed,calls,3
net.minecraft.data.models,net.minecraft.resources.ResourceLocation,Directed,calls,11
net.minecraft.data.models,net.minecraft.client.gui,Directed,calls,2
net.minecraft.data.models,net.minecraft.data.DataProvider,Directed,calls,2
net.minecraft.data.models,net.minecraft.client.model,Directed,calls,1
net.minecraft.data.models,com.mojang.math.Transformation,Directed,calls,1
net.minecraft.data.models,net.minecraft.client.StringSplitter,Directed,calls,1
net.minecraft.data.models,net.minecraft.data.PackOutput,Directed,calls,2
net.minecraft.data.models,net.minecraft.core.HolderSet,Directed,calls,1
net.minecraft.data.models,net.minecraft.commands.arguments,Directed,calls,1
net.minecraft.data.PackOutput,net.minecraft.core.registries,Directed,calls,2
net.minecraft.data.PackOutput,net.minecraft.resources.ResourceLocation,Directed,calls,4
net.minecraft.data.recipes,net.minecraft.world.flag,Directed,calls,2
net.minecraft.data.recipes,net.minecraft.core.NonNullList,Directed,calls,6
net.minecraft.data.recipes,net.minecraft.world.item,Directed,calls,107
net.minecraft.data.recipes,net.minecraft.world.level,Directed,calls,5
net.minecraft.data.recipes,net.minecraft.network.codec,Directed,calls,1
net.minecraft.data.recipes,net.minecraft.resources.ResourceLocation,Directed,calls,13
net.minecraft.data.recipes,net.minecraft.data.PackOutput,Directed,calls,2
net.minecraft.data.recipes,net.minecraft.client.renderer,Directed,calls,1
net.minecraft.data.recipes,net.minecraft.client.gui,Directed,calls,2
net.minecraft.data.recipes,net.minecraft.data.DataProvider,Directed,calls,3
net.minecraft.data.recipes,net.neoforged.neoforge.common,Directed,calls,1
net.minecraft.data.recipes,net.minecraft.data.BlockFamilies,Directed,calls,1
net.minecraft.data.recipes,net.minecraft.data.BlockFamily,Directed,calls,7
net.minecraft.data.recipes,net.minecraft.world.inventory,Directed,calls,6
net.minecraft.data.recipes,net.minecraft.advancements.critereon,Directed,calls,6
net.minecraft.data.registries,net.minecraft.core.HolderLookup,Directed,calls,2
net.minecraft.data.registries,net.neoforged.neoforge.common,Directed,calls,1
net.minecraft.data.registries,net.minecraft.server.ReloadableServerRegistries,Directed,calls,1
net.minecraft.data.registries,net.minecraft.core.Holder,Directed,calls,2
net.minecraft.data.registries,net.minecraft.data.DataProvider,Directed,calls,1
net.minecraft.data.registries,net.minecraft.core.RegistryAccess,Directed,calls,2
net.minecraft.data.registries,net.minecraft.resources.RegistryDataLoader,Directed,calls,1
net.minecraft.data.registries,net.minecraft.core.RegistrySetBuilder,Directed,calls,1
net.minecraft.data.registries,net.minecraft.core.HolderGetter,Directed,calls,2
net.minecraft.data.registries,net.minecraft.core.HolderSet,Directed,calls,1
net.minecraft.data.registries,net.minecraft.Util,Directed,calls,2
net.minecraft.data.registries,net.minecraft.world.level,Directed,calls,1
net.minecraft.data.registries,com.mojang.blaze3d.vertex,Directed,calls,1
net.minecraft.data.structures,net.minecraft.client.gui,Directed,calls,2
net.minecraft.data.structures,net.minecraft.client.renderer,Directed,calls,3
net.minecraft.data.structures,net.minecraft.Util,Directed,calls,5
net.minecraft.data.structures,net.neoforged.neoforge.common,Directed,calls,1
net.minecraft.data.structures,net.minecraft.server.packs,Directed,calls,4
net.minecraft.data.structures,net.minecraft.nbt.NbtUtils,Directed,calls,5
net.minecraft.data.structures,net.minecraft.nbt.NbtIo,Directed,calls,2
net.minecraft.data.structures,net.minecraft.nbt.NbtAccounter,Directed,calls,1
net.minecraft.data.structures,net.minecraft.world.level,Directed,calls,1
net.minecraft.data.structures,net.minecraft.data.CachedOutput,Directed,calls,2
net.minecraft.data.structures,net.minecraft.server.rcon,Directed,calls,2
net.minecraft.data.structures,net.minecraft.SharedConstants,Directed,calls,1
net.minecraft.data.structures,net.minecraft.server.Bootstrap,Directed,calls,1
net.minecraft.data.structures,com.mojang.realmsclient.util,Directed,calls,1
net.minecraft.data.structures,net.minecraft.util.datafix,Directed,calls,1
net.minecraft.data.tags,net.minecraft.world.level,Directed,calls,2
net.minecraft.data.tags,net.minecraft.world.flag,Directed,calls,1
net.minecraft.data.tags,net.minecraft.core.HolderGetter,Directed,calls,2
net.minecraft.data.tags,net.minecraft.core.HolderSet,Directed,calls,2
net.minecraft.data.tags,com.mojang.realmsclient.gui,Directed,calls,1
net.minecraft.data.tags,net.minecraft.network.codec,Directed,calls,1
net.minecraft.data.tags,com.mojang.blaze3d.vertex,Directed,calls,2
net.minecraft.data.tags,net.minecraft.tags.TagBuilder,Directed,calls,3
net.minecraft.data.tags,net.minecraft.data.PackOutput,Directed,calls,1
net.minecraft.data.tags,net.minecraft.resources.ResourceKey,Directed,calls,3
net.minecraft.data.tags,net.minecraft.Util,Directed,calls,1
net.minecraft.data.tags,net.minecraft.client.multiplayer,Directed,calls,1
net.minecraft.data.tags,net.minecraft.tags.TagEntry,Directed,calls,1
net.minecraft.data.tags,net.minecraft.data.DataProvider,Directed,calls,1
net.minecraft.data.tags,net.neoforged.neoforge.common,Directed,calls,2
net.minecraft.data.tags,net.minecraft.client.main,Directed,calls,1
net.minecraft.data.tags,net.minecraft.data.models,Directed,calls,1
net.minecraft.data.worldgen,net.minecraft.core.NonNullList,Directed,calls,341
net.minecraft.data.worldgen,net.minecraft.world.level,Directed,calls,2358
net.minecraft.data.worldgen,net.minecraft.sounds.Musics,Directed,calls,25
net.minecraft.data.worldgen,net.minecraft.util.Mth,Directed,calls,6
net.minecraft.data.worldgen,net.minecraft.resources.ResourceKey,Directed,calls,6
net.minecraft.data.worldgen,net.minecraft.resources.ResourceLocation,Directed,calls,23
net.minecraft.data.worldgen,net.minecraft.util.valueproviders,Directed,calls,158
net.minecraft.data.worldgen,net.minecraft.core.HolderSet,Directed,calls,14
net.minecraft.data.worldgen,net.minecraft.util.random,Directed,calls,27
net.minecraft.data.worldgen,com.mojang.blaze3d.vertex,Directed,calls,16
net.minecraft.data.worldgen,net.minecraft.core.Holder,Directed,calls,2
net.minecraft.data.worldgen,net.minecraft.Util,Directed,calls,2
net.minecraft.data.worldgen,net.minecraft.util.CubicSpline,Directed,calls,37
net.minecraft.DetectedVersion,net.minecraft.SharedConstants,Directed,calls,1
net.minecraft.DetectedVersion,net.minecraft.util.GsonHelper,Directed,calls,11
net.minecraft.DetectedVersion,net.minecraft.commands.arguments,Directed,calls,1
net.minecraft.FileUtil,net.minecraft.util.ArrayListDeque,Directed,calls,1
net.minecraft.FileUtil,net.minecraft.server.packs,Directed,calls,11
net.minecraft.FileUtil,net.minecraft.world.level,Directed,calls,1
net.minecraft.FileUtil,net.minecraft.server.level,Directed,calls,4
net.minecraft.FileUtil,net.minecraft.world.InteractionResultHolder,Directed,calls,2
net.minecraft.FileUtil,net.minecraft.core.NonNullList,Directed,calls,1
net.minecraft.FileUtil,net.minecraft.client.gui,Directed,calls,1
net.minecraft.gametest.framework,net.minecraft.world.level,Directed,calls,92
net.minecraft.gametest.framework,net.minecraft.core.NonNullList,Directed,calls,6
net.minecraft.gametest.framework,net.minecraft.world.phys,Directed,calls,17
net.minecraft.gametest.framework,net.minecraft.util.ArrayListDeque,Directed,calls,6
net.minecraft.gametest.framework,net.minecraft.core.BlockPos,Directed,calls,41
net.minecraft.gametest.framework,net.minecraft.advancements.critereon,Directed,calls,7
net.minecraft.gametest.framework,net.minecraft.world.entity,Directed,calls,32
net.minecraft.gametest.framework,com.mojang.realmsclient.gui,Directed,calls,13
net.minecraft.gametest.framework,net.minecraft.client.gui,Directed,calls,8
net.minecraft.gametest.framework,net.minecraft.commands.arguments,Directed,calls,3
net.minecraft.gametest.framework,net.minecraft.server.level,Directed,calls,9
net.minecraft.gametest.framework,net.minecraft.core.HolderSet,Directed,calls,1
net.minecraft.gametest.framework,net.minecraft.world.item,Directed,calls,6
net.minecraft.gametest.framework,net.minecraft.world.effect,Directed,calls,1
net.minecraft.gametest.framework,net.minecraft.server.commands,Directed,calls,2
net.minecraft.gametest.framework,net.minecraft.CrashReportCategory,Directed,calls,2
net.minecraft.gametest.framework,net.minecraft.util.ClassInstanceMultiMap,Directed,calls,1
net.minecraft.gametest.framework,net.minecraft.Util,Directed,calls,8
net.minecraft.gametest.framework,net.minecraft.network.protocol,Directed,calls,3
net.minecraft.gametest.framework,com.mojang.realmsclient.util,Directed,calls,2
net.minecraft.gametest.framework,net.minecraft.server.packs,Directed,calls,4
net.minecraft.gametest.framework,net.minecraft.server.WorldLoader,Directed,calls,1
net.minecraft.gametest.framework,net.minecraft.util.datafix,Directed,calls,1
net.minecraft.gametest.framework,net.minecraft.server.MinecraftServer,Directed,calls,2
net.minecraft.gametest.framework,net.minecraft.core.RegistryAccess,Directed,calls,1
net.minecraft.gametest.framework,net.minecraft.data.worldgen,Directed,calls,2
net.minecraft.gametest.framework,net.minecraft.client.server,Directed,calls,1
net.minecraft.gametest.framework,net.minecraft.util.thread,Directed,calls,1
net.minecraft.gametest.framework,net.minecraft.CrashReport,Directed,calls,1
net.minecraft.gametest.framework,com.mojang.realmsclient.client,Directed,calls,1
net.minecraft.gametest.framework,net.minecraft.nbt.StringTag,Directed,calls,2
net.minecraft.gametest.framework,net.minecraft.network.chat,Directed,calls,13
net.minecraft.gametest.framework,net.minecraft.resources.ResourceLocation,Directed,calls,6
net.minecraft.gametest.framework,net.minecraft.core.Vec3i,Directed,calls,5
net.minecraft.gametest.framework,net.minecraft.client.multiplayer,Directed,calls,1
net.minecraft.gametest.framework,net.minecraft.commands.CommandSigningContext,Directed,calls,2
net.minecraft.gametest.framework,net.minecraft.commands.SharedSuggestionProvider,Directed,calls,2
net.minecraft.gametest.framework,net.minecraft.commands.Commands,Directed,calls,45
net.minecraft.gametest.framework,net.minecraft.commands.execution,Directed,calls,1
net.minecraft.gametest.framework,net.neoforged.neoforge.server,Directed,calls,4
net.minecraft.gametest.framework,net.minecraft.util.parsing,Directed,calls,4
net.minecraft.gametest.framework,com.mojang.blaze3d.systems,Directed,calls,6
net.minecraft.gametest.framework,net.minecraft.util.Mth,Directed,calls,3
net.minecraft.gametest.framework,net.minecraft.commands.CommandSourceStack,Directed,calls,14
net.minecraft.gametest.framework,net.minecraft.data.structures,Directed,calls,1
net.minecraft.gametest.framework,net.minecraft.FileUtil,Directed,calls,1
net.minecraft.gametest.framework,net.minecraft.nbt.NbtIo,Directed,calls,1
net.minecraft.gametest.framework,net.minecraft.nbt.NbtUtils,Directed,calls,1
net.minecraft.gametest.framework,mcp.client.Start,Directed,calls,2
net.minecraft.gametest.framework,net.neoforged.neoforge.common,Directed,calls,1
net.minecraft.gametest.framework,net.minecraft.network.codec,Directed,calls,1
net.minecraft.locale.Language,net.minecraft.client.telemetry,Directed,calls,1
net.minecraft.locale.Language,com.mojang.blaze3d.vertex,Directed,calls,1
net.minecraft.locale.Language,net.minecraft.core.component,Directed,calls,2
net.minecraft.locale.Language,net.minecraft.nbt.TextComponentTagVisitor,Directed,calls,1
net.minecraft.locale.Language,net.minecraft.util.StringDecomposer,Directed,calls,1
net.minecraft.locale.Language,net.minecraft.util.GsonHelper,Directed,calls,2
net.minecraft.locale.Language,net.minecraft.CrashReportCategory,Directed,calls,8
net.minecraft.locale.Language,net.minecraft.client.gui,Directed,calls,2
net.minecraft.locale.Language,net.minecraft.network.chat,Directed,calls,1
net.minecraft.locale.Language,net.minecraft.client.StringSplitter,Directed,calls,1
net.minecraft.nbt.ByteArrayTag,net.minecraft.client.gui,Directed,calls,3
net.minecraft.nbt.ByteArrayTag,net.minecraft.server.rcon,Directed,calls,2
net.minecraft.nbt.ByteArrayTag,net.minecraft.nbt.StringTag,Directed,calls,1
net.minecraft.nbt.ByteArrayTag,net.minecraft.nbt.SnbtPrinterTagVisitor,Directed,calls,1
net.minecraft.nbt.ByteArrayTag,net.minecraft.nbt.ByteTag,Directed,calls,5
net.minecraft.nbt.ByteArrayTag,net.minecraft.client.searchtree,Directed,calls,2
net.minecraft.nbt.ByteArrayTag,net.minecraft.client.model,Directed,calls,1
net.minecraft.nbt.ByteTag,net.minecraft.util.DelegateDataOutput,Directed,calls,1
net.minecraft.nbt.ByteTag,net.minecraft.nbt.SnbtPrinterTagVisitor,Directed,calls,1
net.minecraft.nbt.ByteTag,net.minecraft.client.model,Directed,calls,1
net.minecraft.nbt.CompoundTag,net.minecraft.util.DelegateDataOutput,Directed,calls,2
net.minecraft.nbt.CompoundTag,net.minecraft.CrashReportCategory,Directed,calls,4
net.minecraft.nbt.CompoundTag,net.minecraft.nbt.ByteTag,Directed,calls,2
net.minecraft.nbt.CompoundTag,net.minecraft.nbt.ShortTag,Directed,calls,1
net.minecraft.nbt.CompoundTag,net.minecraft.nbt.IntTag,Directed,calls,1
net.minecraft.nbt.CompoundTag,net.minecraft.nbt.LongTag,Directed,calls,1
net.minecraft.nbt.CompoundTag,net.minecraft.nbt.NbtUtils,Directed,calls,2
net.minecraft.nbt.CompoundTag,net.minecraft.nbt.Tag,Directed,calls,10
net.minecraft.nbt.CompoundTag,net.minecraft.nbt.FloatTag,Directed,calls,1
net.minecraft.nbt.CompoundTag,net.minecraft.nbt.DoubleTag,Directed,calls,1
net.minecraft.nbt.CompoundTag,net.minecraft.nbt.StringTag,Directed,calls,2
net.minecraft.nbt.CompoundTag,net.minecraft.CrashReport,Directed,calls,2
net.minecraft.nbt.CompoundTag,net.minecraft.nbt.NbtIo,Directed,calls,1
net.minecraft.nbt.CompoundTag,net.minecraft.nbt.TagType,Directed,calls,1
net.minecraft.nbt.CompoundTag,com.mojang.blaze3d.shaders,Directed,calls,1
net.minecraft.nbt.CompoundTag,net.minecraft.nbt.SnbtPrinterTagVisitor,Directed,calls,1
net.minecraft.nbt.CompoundTag,net.minecraft.nbt.StreamTagVisitor,Directed,calls,6
net.minecraft.nbt.DoubleTag,net.minecraft.util.DelegateDataOutput,Directed,calls,1
net.minecraft.nbt.DoubleTag,net.minecraft.nbt.SnbtPrinterTagVisitor,Directed,calls,1
net.minecraft.nbt.DoubleTag,net.minecraft.util.Mth,Directed,calls,3
net.minecraft.nbt.DoubleTag,net.minecraft.client.model,Directed,calls,1
net.minecraft.nbt.EndTag,net.minecraft.nbt.StringTag,Directed,calls,1
net.minecraft.nbt.EndTag,net.minecraft.nbt.SnbtPrinterTagVisitor,Directed,calls,2
net.minecraft.nbt.FloatTag,net.minecraft.server.rcon,Directed,calls,1
net.minecraft.nbt.FloatTag,net.minecraft.nbt.SnbtPrinterTagVisitor,Directed,calls,1
net.minecraft.nbt.FloatTag,net.minecraft.util.Mth,Directed,calls,3
net.minecraft.nbt.FloatTag,net.minecraft.client.model,Directed,calls,1
net.minecraft.nbt.IntArrayTag,net.minecraft.client.gui,Directed,calls,3
net.minecraft.nbt.IntArrayTag,net.minecraft.server.rcon,Directed,calls,2
net.minecraft.nbt.IntArrayTag,net.minecraft.nbt.StringTag,Directed,calls,1
net.minecraft.nbt.IntArrayTag,net.minecraft.nbt.SnbtPrinterTagVisitor,Directed,calls,1
net.minecraft.nbt.IntArrayTag,net.minecraft.nbt.IntTag,Directed,calls,3
net.minecraft.nbt.IntArrayTag,net.minecraft.nbt.ByteTag,Directed,calls,2
net.minecraft.nbt.IntArrayTag,net.minecraft.client.searchtree,Directed,calls,2
net.minecraft.nbt.IntArrayTag,net.minecraft.nbt.ByteArrayTag,Directed,calls,1
net.minecraft.nbt.IntArrayTag,net.minecraft.client.model,Directed,calls,1
net.minecraft.nbt.IntTag,net.minecraft.server.rcon,Directed,calls,1
net.minecraft.nbt.IntTag,net.minecraft.nbt.SnbtPrinterTagVisitor,Directed,calls,1
net.minecraft.nbt.IntTag,net.minecraft.client.model,Directed,calls,1
net.minecraft.nbt.ListTag,net.minecraft.util.DelegateDataOutput,Directed,calls,1
net.minecraft.nbt.ListTag,net.minecraft.server.rcon,Directed,calls,1
net.minecraft.nbt.ListTag,net.minecraft.nbt.Tag,Directed,calls,18
net.minecraft.nbt.ListTag,net.minecraft.nbt.StringTag,Directed,calls,1
net.minecraft.nbt.ListTag,net.minecraft.nbt.TagTypes,Directed,calls,2
net.minecraft.nbt.ListTag,net.minecraft.nbt.SnbtPrinterTagVisitor,Directed,calls,2
net.minecraft.nbt.ListTag,net.minecraft.nbt.StreamTagVisitor,Directed,calls,5
net.minecraft.nbt.LongArrayTag,net.minecraft.client.gui,Directed,calls,3
net.minecraft.nbt.LongArrayTag,net.minecraft.server.rcon,Directed,calls,1
net.minecraft.nbt.LongArrayTag,net.minecraft.util.DelegateDataOutput,Directed,calls,1
net.minecraft.nbt.LongArrayTag,net.minecraft.nbt.StringTag,Directed,calls,1
net.minecraft.nbt.LongArrayTag,net.minecraft.nbt.SnbtPrinterTagVisitor,Directed,calls,1
net.minecraft.nbt.LongArrayTag,net.minecraft.nbt.LongTag,Directed,calls,3
net.minecraft.nbt.LongArrayTag,net.minecraft.nbt.ByteTag,Directed,calls,2
net.minecraft.nbt.LongArrayTag,net.minecraft.client.searchtree,Directed,calls,2
net.minecraft.nbt.LongArrayTag,net.minecraft.nbt.ByteArrayTag,Directed,calls,1
net.minecraft.nbt.LongArrayTag,net.minecraft.client.model,Directed,calls,1
net.minecraft.nbt.LongTag,net.minecraft.util.DelegateDataOutput,Directed,calls,1
net.minecraft.nbt.LongTag,net.minecraft.nbt.SnbtPrinterTagVisitor,Directed,calls,1
net.minecraft.nbt.LongTag,net.minecraft.client.model,Directed,calls,1
net.minecraft.nbt.NbtAccounter,net.minecraft.client.StringSplitter,Directed,calls,1
net.minecraft.nbt.NbtIo,net.minecraft.nbt.NbtAccounter,Directed,calls,6
net.minecraft.nbt.NbtIo,net.minecraft.nbt.TagTypes,Directed,calls,2
net.minecraft.nbt.NbtIo,net.minecraft.network.FriendlyByteBuf,Directed,calls,3
net.minecraft.nbt.NbtIo,net.minecraft.nbt.StreamTagVisitor,Directed,calls,2
net.minecraft.nbt.NbtIo,net.minecraft.nbt.SnbtPrinterTagVisitor,Directed,calls,1
net.minecraft.nbt.NbtIo,net.minecraft.nbt.StringTag,Directed,calls,2
net.minecraft.nbt.NbtIo,net.minecraft.util.DelegateDataOutput,Directed,calls,2
net.minecraft.nbt.NbtIo,net.minecraft.nbt.Tag,Directed,calls,6
net.minecraft.nbt.NbtIo,net.minecraft.CrashReport,Directed,calls,1
net.minecraft.nbt.NbtIo,net.minecraft.Util,Directed,calls,1
net.minecraft.nbt.NbtOps,net.minecraft.nbt.Tag,Directed,calls,5
net.minecraft.nbt.NbtOps,net.minecraft.data.models,Directed,calls,1
net.minecraft.nbt.NbtOps,net.minecraft.world.InteractionResultHolder,Directed,calls,21
net.minecraft.nbt.NbtOps,net.minecraft.server.level,Directed,calls,16
net.minecraft.nbt.NbtOps,net.minecraft.nbt.DoubleTag,Directed,calls,2
net.minecraft.nbt.NbtOps,net.minecraft.nbt.ByteTag,Directed,calls,3
net.minecraft.nbt.NbtOps,net.minecraft.nbt.ShortTag,Directed,calls,1
net.minecraft.nbt.NbtOps,net.minecraft.nbt.IntTag,Directed,calls,2
net.minecraft.nbt.NbtOps,net.minecraft.nbt.LongTag,Directed,calls,2
net.minecraft.nbt.NbtOps,net.minecraft.nbt.FloatTag,Directed,calls,1
net.minecraft.nbt.NbtOps,net.minecraft.nbt.StringTag,Directed,calls,1
net.minecraft.nbt.NbtOps,net.minecraft.nbt.CompoundTag,Directed,calls,6
net.minecraft.nbt.NbtOps,net.minecraft.client.gui,Directed,calls,2
net.minecraft.nbt.NbtOps,com.mojang.realmsclient.gui,Directed,calls,2
net.minecraft.nbt.NbtOps,net.minecraft.CrashReportCategory,Directed,calls,6
net.minecraft.nbt.NbtOps,net.minecraft.nbt.ByteArrayTag,Directed,calls,4
net.minecraft.nbt.NbtOps,net.minecraft.core.RegistrySetBuilder,Directed,calls,1
net.minecraft.nbt.NbtOps,net.minecraft.network.FriendlyByteBuf,Directed,calls,1
net.minecraft.nbt.NbtOps,net.minecraft.nbt.IntArrayTag,Directed,calls,2
net.minecraft.nbt.NbtOps,net.minecraft.nbt.LongArrayTag,Directed,calls,2
net.minecraft.nbt.NbtOps,net.minecraft.data.tags,Directed,calls,1
net.minecraft.nbt.NbtUtils,net.minecraft.nbt.CompoundTag,Directed,calls,37
net.minecraft.nbt.NbtUtils,net.minecraft.nbt.ByteArrayTag,Directed,calls,5
net.minecraft.nbt.NbtUtils,net.minecraft.core.UUIDUtil,Directed,calls,2
net.minecraft.nbt.NbtUtils,net.minecraft.nbt.Tag,Directed,calls,3
net.minecraft.nbt.NbtUtils,net.minecraft.core.BlockPos,Directed,calls,3
net.minecraft.nbt.NbtUtils,net.minecraft.data.tags,Directed,calls,8
net.minecraft.nbt.NbtUtils,net.minecraft.resources.ResourceLocation,Directed,calls,1
net.minecraft.nbt.NbtUtils,net.minecraft.client.resources,Directed,calls,1
net.minecraft.nbt.NbtUtils,net.minecraft.resources.ResourceKey,Directed,calls,1
net.minecraft.nbt.NbtUtils,net.minecraft.world.level,Directed,calls,10
net.minecraft.nbt.NbtUtils,net.minecraft.commands.arguments,Directed,calls,1
net.minecraft.nbt.NbtUtils,net.minecraft.core.component,Directed,calls,2
net.minecraft.nbt.NbtUtils,net.minecraft.CrashReportCategory,Directed,calls,4
net.minecraft.nbt.NbtUtils,net.minecraft.nbt.NbtOps,Directed,calls,24
net.minecraft.nbt.NbtUtils,net.minecraft.nbt.TagTypes,Directed,calls,1
net.minecraft.nbt.NbtUtils,net.minecraft.core.HolderSet,Directed,calls,1
net.minecraft.nbt.NbtUtils,net.minecraft.client.gui,Directed,calls,6
net.minecraft.nbt.NbtUtils,com.mojang.realmsclient.gui,Directed,calls,1
net.minecraft.nbt.NbtUtils,net.minecraft.nbt.IntArrayTag,Directed,calls,1
net.minecraft.nbt.NbtUtils,net.minecraft.nbt.LongArrayTag,Directed,calls,1
net.minecraft.nbt.NbtUtils,net.minecraft.nbt.TagParser,Directed,calls,1
net.minecraft.nbt.NbtUtils,com.mojang.math.Transformation,Directed,calls,1
net.minecraft.nbt.NbtUtils,net.minecraft.world.entity,Directed,calls,1
net.minecraft.nbt.NbtUtils,net.minecraft.SharedConstants,Directed,calls,1
net.minecraft.nbt.NumericTag,net.minecraft.nbt.StringTag,Directed,calls,1
net.minecraft.nbt.ShortTag,net.minecraft.server.rcon,Directed,calls,1
net.minecraft.nbt.ShortTag,net.minecraft.nbt.SnbtPrinterTagVisitor,Directed,calls,1
net.minecraft.nbt.ShortTag,net.minecraft.client.model,Directed,calls,1
net.minecraft.nbt.SnbtPrinterTagVisitor,net.minecraft.nbt.Tag,Directed,calls,2
net.minecraft.nbt.SnbtPrinterTagVisitor,net.minecraft.nbt.StringTag,Directed,calls,3
net.minecraft.nbt.SnbtPrinterTagVisitor,net.minecraft.nbt.ByteTag,Directed,calls,6
net.minecraft.nbt.SnbtPrinterTagVisitor,net.minecraft.nbt.ByteArrayTag,Directed,calls,3
net.minecraft.nbt.SnbtPrinterTagVisitor,net.minecraft.nbt.IntArrayTag,Directed,calls,1
net.minecraft.nbt.SnbtPrinterTagVisitor,net.minecraft.nbt.LongArrayTag,Directed,calls,1
net.minecraft.nbt.SnbtPrinterTagVisitor,net.minecraft.nbt.CompoundTag,Directed,calls,3
net.minecraft.nbt.SnbtPrinterTagVisitor,net.minecraft.core.RegistrySetBuilder,Directed,calls,2
net.minecraft.nbt.SnbtPrinterTagVisitor,net.minecraft.util.ArrayListDeque,Directed,calls,3
net.minecraft.nbt.SnbtPrinterTagVisitor,net.minecraft.util.SortedArraySet,Directed,calls,1
net.minecraft.nbt.SnbtPrinterTagVisitor,net.minecraft.client.gui,Directed,calls,1
net.minecraft.nbt.SnbtPrinterTagVisitor,net.minecraft.world.flag,Directed,calls,1
net.minecraft.nbt.SnbtPrinterTagVisitor,net.minecraft.core.HolderSet,Directed,calls,1
net.minecraft.nbt.SnbtPrinterTagVisitor,net.neoforged.neoforge.common,Directed,calls,1
net.minecraft.nbt.StringTag,net.minecraft.network.FriendlyByteBuf,Directed,calls,2
net.minecraft.nbt.StringTag,net.minecraft.core.component,Directed,calls,1
net.minecraft.nbt.StringTag,net.minecraft.nbt.NbtIo,Directed,calls,1
net.minecraft.nbt.StringTag,net.minecraft.nbt.Tag,Directed,calls,1
net.minecraft.nbt.StringTag,net.minecraft.nbt.SnbtPrinterTagVisitor,Directed,calls,1
net.minecraft.nbt.StringTag,net.minecraft.client.StringSplitter,Directed,calls,1
net.minecraft.nbt.StringTag,net.minecraft.client.model,Directed,calls,1
net.minecraft.nbt.StringTagVisitor,net.minecraft.nbt.Tag,Directed,calls,2
net.minecraft.nbt.StringTagVisitor,net.minecraft.nbt.StringTag,Directed,calls,2
net.minecraft.nbt.StringTagVisitor,net.minecraft.nbt.ByteTag,Directed,calls,6
net.minecraft.nbt.StringTagVisitor,net.minecraft.nbt.ByteArrayTag,Directed,calls,2
net.minecraft.nbt.StringTagVisitor,net.minecraft.nbt.IntArrayTag,Directed,calls,1
net.minecraft.nbt.StringTagVisitor,net.minecraft.nbt.LongArrayTag,Directed,calls,1
net.minecraft.nbt.StringTagVisitor,net.minecraft.core.RegistrySetBuilder,Directed,calls,2
net.minecraft.nbt.StringTagVisitor,net.minecraft.nbt.CompoundTag,Directed,calls,1
net.minecraft.nbt.Tag,net.minecraft.nbt.StreamTagVisitor,Directed,calls,1
net.minecraft.nbt.TagParser,net.minecraft.nbt.StringTag,Directed,calls,3
net.minecraft.nbt.TagParser,net.minecraft.nbt.FloatTag,Directed,calls,1
net.minecraft.nbt.TagParser,net.minecraft.nbt.ByteTag,Directed,calls,1
net.minecraft.nbt.TagParser,net.minecraft.nbt.LongTag,Directed,calls,1
net.minecraft.nbt.TagParser,net.minecraft.nbt.ShortTag,Directed,calls,1
net.minecraft.nbt.TagParser,net.minecraft.nbt.IntTag,Directed,calls,1
net.minecraft.nbt.TagParser,net.minecraft.nbt.DoubleTag,Directed,calls,2
net.minecraft.nbt.TagParser,net.minecraft.commands.arguments,Directed,calls,2
net.minecraft.nbt.TagParser,net.minecraft.nbt.Tag,Directed,calls,2
net.minecraft.nbt.TagParser,net.minecraft.nbt.TagType,Directed,calls,4
net.minecraft.nbt.TagParser,net.minecraft.client.gui,Directed,calls,3
net.minecraft.nbt.TagType,net.minecraft.nbt.StreamTagVisitor,Directed,calls,1
net.minecraft.nbt.TagType,net.minecraft.network.FriendlyByteBuf,Directed,calls,2
net.minecraft.nbt.TagTypes,net.minecraft.nbt.TagType,Directed,calls,1
net.minecraft.nbt.TextComponentTagVisitor,net.minecraft.nbt.Tag,Directed,calls,3
net.minecraft.nbt.TextComponentTagVisitor,net.minecraft.nbt.StringTag,Directed,calls,11
net.minecraft.nbt.TextComponentTagVisitor,net.minecraft.network.chat,Directed,calls,13
net.minecraft.nbt.TextComponentTagVisitor,net.minecraft.nbt.ByteTag,Directed,calls,6
net.minecraft.nbt.TextComponentTagVisitor,net.minecraft.nbt.ByteArrayTag,Directed,calls,7
net.minecraft.nbt.TextComponentTagVisitor,net.minecraft.nbt.IntArrayTag,Directed,calls,1
net.minecraft.nbt.TextComponentTagVisitor,net.minecraft.nbt.LongArrayTag,Directed,calls,1
net.minecraft.nbt.TextComponentTagVisitor,net.minecraft.nbt.CompoundTag,Directed,calls,4
net.minecraft.nbt.TextComponentTagVisitor,net.minecraft.core.RegistrySetBuilder,Directed,calls,3
net.minecraft.nbt.TextComponentTagVisitor,net.minecraft.util.ArrayListDeque,Directed,calls,3
net.minecraft.nbt.visitors,net.minecraft.world.level,Directed,calls,1
net.minecraft.nbt.visitors,com.mojang.blaze3d.vertex,Directed,calls,3
net.minecraft.nbt.visitors,net.minecraft.nbt.StringTag,Directed,calls,1
net.minecraft.nbt.visitors,net.minecraft.nbt.ByteTag,Directed,calls,1
net.minecraft.nbt.visitors,net.minecraft.nbt.ShortTag,Directed,calls,1
net.minecraft.nbt.visitors,net.minecraft.nbt.IntTag,Directed,calls,1
net.minecraft.nbt.visitors,net.minecraft.nbt.LongTag,Directed,calls,1
net.minecraft.nbt.visitors,net.minecraft.nbt.FloatTag,Directed,calls,1
net.minecraft.nbt.visitors,net.minecraft.nbt.DoubleTag,Directed,calls,1
net.minecraft.nbt.visitors,net.minecraft.core.NonNullList,Directed,calls,3
net.minecraft.nbt.visitors,net.minecraft.network.chat,Directed,calls,1
net.minecraft.nbt.visitors,net.minecraft.stats.RecipeBookSettings,Directed,calls,1
net.minecraft.network.chat,net.minecraft.client.gui,Directed,calls,20
net.minecraft.network.chat,net.minecraft.network.codec,Directed,calls,14
net.minecraft.network.chat,net.minecraft.resources.ResourceKey,Directed,calls,1
net.minecraft.network.chat,net.minecraft.resources.ResourceLocation,Directed,calls,2
net.minecraft.network.chat,net.minecraft.data.worldgen,Directed,calls,7
net.minecraft.network.chat,net.minecraft.world.entity,Directed,calls,2
net.minecraft.network.chat,net.minecraft.commands.CommandSourceStack,Directed,calls,6
net.minecraft.network.chat,net.minecraft.core.RegistryAccess,Directed,calls,1
net.minecraft.network.chat,net.minecraft.core.Registry,Directed,calls,4
net.minecraft.network.chat,net.minecraft.core.NonNullList,Directed,calls,12
net.minecraft.network.chat,net.minecraft.server.level,Directed,calls,13
net.minecraft.network.chat,net.minecraft.world.InteractionResultHolder,Directed,calls,5
net.minecraft.network.chat,net.minecraft.nbt.StringTag,Directed,calls,1
net.minecraft.network.chat,net.minecraft.client.model,Directed,calls,1
net.minecraft.network.chat,net.minecraft.world.level,Directed,calls,5
net.minecraft.network.chat,net.minecraft.core.HolderLookup,Directed,calls,2
net.minecraft.network.chat,net.minecraft.client.multiplayer,Directed,calls,7
net.minecraft.network.chat,net.minecraft.util.GsonHelper,Directed,calls,1
net.minecraft.network.chat,net.minecraft.resources.RegistryOps,Directed,calls,3
net.minecraft.network.chat,net.minecraft.util.StringRepresentable,Directed,calls,1
net.minecraft.network.chat,net.minecraft.util.ExtraCodecs,Directed,calls,3
net.minecraft.network.chat,net.neoforged.neoforge.common,Directed,calls,3
net.minecraft.network.chat,mcp.client.Start,Directed,calls,1
net.minecraft.network.chat,net.minecraft.core.component,Directed,calls,2
net.minecraft.network.chat,com.mojang.math.Transformation,Directed,calls,1
net.minecraft.network.chat,net.minecraft.locale.Language,Directed,calls,7
net.minecraft.network.chat,net.minecraft.commands.arguments,Directed,calls,4
net.minecraft.network.chat,net.minecraft.core.HolderSet,Directed,calls,2
net.minecraft.network.chat,com.mojang.realmsclient.gui,Directed,calls,1
net.minecraft.network.chat,net.minecraft.world.scores,Directed,calls,4
net.minecraft.network.chat,net.minecraft.util.random,Directed,calls,1
net.minecraft.network.chat,com.mojang.blaze3d.vertex,Directed,calls,1
net.minecraft.network.chat,net.minecraft.client.StringSplitter,Directed,calls,4
net.minecraft.network.chat,com.mojang.realmsclient.dto,Directed,calls,1
net.minecraft.network.chat,net.minecraft.network.FriendlyByteBuf,Directed,calls,16
net.minecraft.network.chat,net.minecraft.client.main,Directed,calls,4
net.minecraft.network.chat,net.minecraft.nbt.TagParser,Directed,calls,2
net.minecraft.network.chat,com.mojang.realmsclient.exception,Directed,calls,1
net.minecraft.network.chat,net.minecraft.world.item,Directed,calls,3
net.minecraft.network.chat,net.minecraft.util.SignatureUpdater,Directed,calls,10
net.minecraft.network.chat,net.minecraft.server.rcon,Directed,calls,6
net.minecraft.network.chat,net.minecraft.util.Signer,Directed,calls,1
net.minecraft.network.chat,net.minecraft.advancements.critereon,Directed,calls,1
net.minecraft.network.chat,net.minecraft.util.ArrayListDeque,Directed,calls,3
net.minecraft.network.chat,net.neoforged.neoforge.client,Directed,calls,2
net.minecraft.network.chat,net.neoforged.neoforge.server,Directed,calls,1
net.minecraft.network.chat,com.mojang.realmsclient.client,Directed,calls,2
net.minecraft.network.chat,net.minecraft.util.datafix,Directed,calls,1
net.minecraft.network.chat,net.minecraft.core.UUIDUtil,Directed,calls,2
net.minecraft.network.chat,com.mojang.realmsclient.util,Directed,calls,3
net.minecraft.network.chat,net.minecraft.util.FormattedCharSequence,Directed,calls,4
net.minecraft.network.chat,net.minecraft.world.phys,Directed,calls,1
net.minecraft.network.chat,net.minecraft.util.StringDecomposer,Directed,calls,1
net.minecraft.network.chat,net.minecraft.client.renderer,Directed,calls,1
net.minecraft.network.chat,net.minecraft.server.packs,Directed,calls,1
net.minecraft.network.CipherBase,net.minecraft.network.FriendlyByteBuf,Directed,calls,6
net.minecraft.network.codec,net.minecraft.network.FriendlyByteBuf,Directed,calls,22
net.minecraft.network.codec,net.minecraft.network.VarInt,Directed,calls,17
net.minecraft.network.codec,net.minecraft.network.VarLong,Directed,calls,2
net.minecraft.network.codec,net.minecraft.nbt.NbtAccounter,Directed,calls,4
net.minecraft.network.codec,net.minecraft.client.main,Directed,calls,1
net.minecraft.network.codec,net.minecraft.network.Utf8String,Directed,calls,10
net.minecraft.network.codec,net.minecraft.world.level,Directed,calls,1
net.minecraft.network.codec,net.minecraft.network.chat,Directed,calls,16
net.minecraft.network.codec,net.minecraft.core.Registry,Directed,calls,2
net.minecraft.network.codec,net.minecraft.core.Holder,Directed,calls,1
net.minecraft.network.codec,net.minecraft.client.multiplayer,Directed,calls,1
net.minecraft.network.codec,net.minecraft.client.gui,Directed,calls,1
net.minecraft.network.codec,net.minecraft.core.HolderSet,Directed,calls,1
net.minecraft.network.codec,net.neoforged.neoforge.registries,Directed,calls,2
net.minecraft.network.codec,net.minecraft.core.NonNullList,Directed,calls,1
net.minecraft.network.codec,net.minecraft.network.CipherDecoder,Directed,calls,2
net.minecraft.network.codec,net.minecraft.network.CipherEncoder,Directed,calls,2
net.minecraft.network.codec,net.minecraft.commands.arguments,Directed,calls,1
net.minecraft.network.codec,net.minecraft.util.Crypt,Directed,calls,1
net.minecraft.network.codec,net.minecraft.commands.execution,Directed,calls,1
net.minecraft.network.CompressionDecoder,net.minecraft.network.FriendlyByteBuf,Directed,calls,9
net.minecraft.network.CompressionDecoder,net.minecraft.network.VarInt,Directed,calls,1
net.minecraft.network.CompressionEncoder,net.minecraft.network.FriendlyByteBuf,Directed,calls,6
net.minecraft.network.CompressionEncoder,net.minecraft.network.VarInt,Directed,calls,2
net.minecraft.network.Connection,net.minecraft.network.chat,Directed,calls,7
net.minecraft.network.Connection,net.minecraft.ReportedException,Directed,calls,1
net.minecraft.network.Connection,net.minecraft.network.PacketSendListener,Directed,calls,3
net.minecraft.network.Connection,net.minecraft.network.protocol,Directed,calls,2
net.minecraft.network.Connection,net.minecraft.network.PacketListener,Directed,calls,4
net.minecraft.network.Connection,net.minecraft.network.ProtocolInfo,Directed,calls,8
net.minecraft.network.Connection,net.minecraft.world.level,Directed,calls,1
net.minecraft.network.Connection,net.minecraft.network.UnconfiguredPipelineHandler,Directed,calls,2
net.minecraft.network.Connection,net.minecraft.network.ConnectionProtocol,Directed,calls,3
net.minecraft.network.Connection,net.minecraft.SharedConstants,Directed,calls,1
net.minecraft.network.Connection,net.minecraft.client.StringSplitter,Directed,calls,1
net.minecraft.network.Connection,net.minecraft.util.Mth,Directed,calls,2
net.minecraft.network.Connection,net.minecraft.client.server,Directed,calls,2
net.minecraft.network.Connection,net.minecraft.client.multiplayer,Directed,calls,1
net.minecraft.network.Connection,net.minecraft.util.debugchart,Directed,calls,1
net.minecraft.network.FriendlyByteBuf,net.minecraft.nbt.NbtAccounter,Directed,calls,2
net.minecraft.network.FriendlyByteBuf,net.minecraft.util.GsonHelper,Directed,calls,1
net.minecraft.network.FriendlyByteBuf,com.mojang.blaze3d.vertex,Directed,calls,1
net.minecraft.network.FriendlyByteBuf,net.minecraft.client.gui,Directed,calls,4
net.minecraft.network.FriendlyByteBuf,net.minecraft.util.ArrayListDeque,Directed,calls,1
net.minecraft.network.FriendlyByteBuf,net.neoforged.neoforge.common,Directed,calls,1
net.minecraft.network.FriendlyByteBuf,net.minecraft.core.component,Directed,calls,1
net.minecraft.network.FriendlyByteBuf,net.minecraft.core.HolderSet,Directed,calls,1
net.minecraft.network.FriendlyByteBuf,net.minecraft.network.VarInt,Directed,calls,4
net.minecraft.network.FriendlyByteBuf,net.minecraft.core.BlockPos,Directed,calls,3
net.minecraft.network.FriendlyByteBuf,net.minecraft.world.level,Directed,calls,1
net.minecraft.network.FriendlyByteBuf,net.minecraft.core.SectionPos,Directed,calls,2
net.minecraft.network.FriendlyByteBuf,net.minecraft.world.phys,Directed,calls,7
net.minecraft.network.FriendlyByteBuf,net.minecraft.network.VarLong,Directed,calls,2
net.minecraft.network.FriendlyByteBuf,net.minecraft.nbt.NbtIo,Directed,calls,2
net.minecraft.network.FriendlyByteBuf,net.minecraft.nbt.Tag,Directed,calls,1
net.minecraft.network.FriendlyByteBuf,net.minecraft.network.Utf8String,Directed,calls,2
net.minecraft.network.FriendlyByteBuf,net.minecraft.resources.ResourceLocation,Directed,calls,2
net.minecraft.network.FriendlyByteBuf,net.minecraft.resources.ResourceKey,Directed,calls,3
net.minecraft.network.FriendlyByteBuf,com.mojang.blaze3d.Blaze3D,Directed,calls,1
net.minecraft.network.FriendlyByteBuf,net.minecraft.util.Crypt,Directed,calls,1
net.minecraft.network.FriendlyByteBuf,net.minecraft.util.Mth,Directed,calls,2
net.minecraft.network.FriendlyByteBuf,net.minecraft.server.rcon,Directed,calls,1
net.minecraft.network.MonitorFrameDecoder,net.minecraft.network.FriendlyByteBuf,Directed,calls,1
net.minecraft.network.PacketBundlePacker,net.minecraft.network.protocol,Directed,calls,2
net.minecraft.network.PacketBundleUnpacker,net.minecraft.network.protocol,Directed,calls,1
net.minecraft.network.PacketDecoder,net.minecraft.network.FriendlyByteBuf,Directed,calls,3
net.minecraft.network.PacketDecoder,net.minecraft.network.protocol,Directed,calls,1
net.minecraft.network.PacketDecoder,net.minecraft.network.Connection,Directed,calls,1
net.minecraft.network.PacketDecoder,net.minecraft.network.ProtocolSwapHandler,Directed,calls,1
net.minecraft.network.PacketEncoder,net.minecraft.network.FriendlyByteBuf,Directed,calls,1
net.minecraft.network.PacketEncoder,net.minecraft.network.Connection,Directed,calls,1
net.minecraft.network.PacketEncoder,net.minecraft.network.ProtocolSwapHandler,Directed,calls,1
net.minecraft.network.PacketListener,net.minecraft.network.protocol,Directed,calls,1
net.minecraft.network.PacketListener,net.minecraft.CrashReport,Directed,calls,1
net.minecraft.network.PacketSendListener,net.minecraft.server.packs,Directed,calls,1
net.minecraft.network.protocol,net.minecraft.Util,Directed,calls,4
net.minecraft.network.protocol,net.minecraft.core.NonNullList,Directed,calls,18
net.minecraft.network.protocol,net.neoforged.neoforge.common,Directed,calls,57
net.minecraft.network.protocol,net.minecraft.network.codec,Directed,calls,52
net.minecraft.network.protocol,net.minecraft.network.FriendlyByteBuf,Directed,calls,598
net.minecraft.network.protocol,net.neoforged.neoforge.network,Directed,calls,4
net.minecraft.network.protocol,net.minecraft.resources.ResourceLocation,Directed,calls,16
net.minecraft.network.protocol,net.minecraft.client.gui,Directed,calls,16
net.minecraft.network.protocol,net.minecraft.client.telemetry,Directed,calls,2
net.minecraft.network.protocol,net.minecraft.world.level,Directed,calls,60
net.minecraft.network.protocol,net.minecraft.world.entity,Directed,calls,38
net.minecraft.network.protocol,net.minecraft.server.level,Directed,calls,12
net.minecraft.network.protocol,net.minecraft.core.BlockPos,Directed,calls,6
net.minecraft.network.protocol,net.minecraft.util.Mth,Directed,calls,22
net.minecraft.network.protocol,net.minecraft.world.phys,Directed,calls,3
net.minecraft.network.protocol,net.minecraft.resources.RegistryDataLoader,Directed,calls,1
net.minecraft.network.protocol,net.minecraft.world.BossEvent,Directed,calls,17
net.minecraft.network.protocol,net.minecraft.world.Difficulty,Directed,calls,2
net.minecraft.network.protocol,net.minecraft.server.commands,Directed,calls,2
net.minecraft.network.protocol,net.minecraft.CrashReportCategory,Directed,calls,6
net.minecraft.network.protocol,net.neoforged.neoforge.server,Directed,calls,2
net.minecraft.network.protocol,net.minecraft.commands.synchronization,Directed,calls,3
net.minecraft.network.protocol,net.minecraft.commands.arguments,Directed,calls,4
net.minecraft.network.protocol,net.minecraft.commands.Commands,Directed,calls,2
net.minecraft.network.protocol,net.minecraft.client.main,Directed,calls,4
net.minecraft.network.protocol,net.minecraft.data.tags,Directed,calls,1
net.minecraft.network.protocol,net.minecraft.world.item,Directed,calls,3
net.minecraft.network.protocol,net.minecraft.world.damagesource,Directed,calls,5
net.minecraft.network.protocol,net.minecraft.core.SectionPos,Directed,calls,9
net.minecraft.network.protocol,net.minecraft.data.BlockFamily,Directed,calls,1
net.minecraft.network.protocol,net.minecraft.network.chat,Directed,calls,3
net.minecraft.network.protocol,net.minecraft.world.flag,Directed,calls,2
net.minecraft.network.protocol,net.minecraft.client.multiplayer,Directed,calls,2
net.minecraft.network.protocol,net.minecraft.Optionull,Directed,calls,1
net.minecraft.network.protocol,net.minecraft.stats.RecipeBookSettings,Directed,calls,1
net.minecraft.network.protocol,net.minecraft.client.StringSplitter,Directed,calls,1
net.minecraft.network.protocol,net.minecraft.world.scores,Directed,calls,14
net.minecraft.network.protocol,net.minecraft.world.TickRateManager,Directed,calls,3
net.minecraft.network.protocol,net.minecraft.client.renderer,Directed,calls,3
net.minecraft.network.protocol,net.minecraft.world.effect,Directed,calls,5
net.minecraft.network.protocol,net.minecraft.util.RandomSource,Directed,calls,1
net.minecraft.network.protocol,com.mojang.realmsclient.dto,Directed,calls,2
net.minecraft.network.protocol,net.minecraft.nbt.ListTag,Directed,calls,1
net.minecraft.network.protocol,net.minecraft.core.Direction,Directed,calls,1
net.minecraft.network.protocol,net.minecraft.util.Crypt,Directed,calls,5
net.minecraft.network.protocol,net.minecraft.util.thread,Directed,calls,1
net.minecraft.network.protocol,net.minecraft.CrashReport,Directed,calls,2
net.minecraft.network.protocol,net.minecraft.network.PacketListener,Directed,calls,1
net.minecraft.network.protocol,net.minecraft.network.ClientboundPacketListener,Directed,calls,1
net.minecraft.network.protocol,net.minecraft.server.packs,Directed,calls,1
net.minecraft.network.protocol,net.minecraft.world.InteractionResultHolder,Directed,calls,1
net.minecraft.network.protocol,net.minecraft.SharedConstants,Directed,calls,1
net.minecraft.network.ProtocolSwapHandler,net.minecraft.network.protocol,Directed,calls,2
net.minecraft.network.ProtocolSwapHandler,net.minecraft.network.Connection,Directed,calls,1
net.minecraft.network.RateKickingConnection,net.minecraft.network.Connection,Directed,calls,4
net.minecraft.network.RateKickingConnection,net.minecraft.network.PacketSendListener,Directed,calls,1
net.minecraft.network.syncher,net.minecraft.util.ClassTreeIdRegistry,Directed,calls,1
net.minecraft.network.syncher,net.minecraft.client.gui,Directed,calls,2
net.minecraft.network.syncher,net.neoforged.neoforge.registries,Directed,calls,1
net.minecraft.network.syncher,net.minecraft.network.FriendlyByteBuf,Directed,calls,2
net.minecraft.network.syncher,net.minecraft.world.item,Directed,calls,1
net.minecraft.network.UnconfiguredPipelineHandler,net.minecraft.network.Connection,Directed,calls,1
net.minecraft.network.UnconfiguredPipelineHandler,net.minecraft.core.dispenser,Directed,calls,2
net.minecraft.network.UnconfiguredPipelineHandler,com.mojang.realmsclient.util,Directed,calls,2
net.minecraft.network.Utf8String,net.minecraft.network.VarInt,Directed,calls,2
net.minecraft.network.Utf8String,net.minecraft.network.FriendlyByteBuf,Directed,calls,2
net.minecraft.network.VarInt,net.minecraft.network.FriendlyByteBuf,Directed,calls,1
net.minecraft.network.Varint21FrameDecoder,net.minecraft.network.FriendlyByteBuf,Directed,calls,5
net.minecraft.network.Varint21FrameDecoder,net.minecraft.network.VarInt,Directed,calls,3
net.minecraft.network.Varint21LengthFieldPrepender,net.minecraft.network.FriendlyByteBuf,Directed,calls,1
net.minecraft.network.Varint21LengthFieldPrepender,net.minecraft.network.VarInt,Directed,calls,2
net.minecraft.network.VarLong,net.minecraft.network.FriendlyByteBuf,Directed,calls,1
net.minecraft.Optionull,net.minecraft.server.packs,Directed,calls,2
net.minecraft.Optionull,net.minecraft.util.ArrayListDeque,Directed,calls,6
net.minecraft.realms.DisconnectedRealmsScreen,net.minecraft.client.gui,Directed,calls,4
net.minecraft.realms.DisconnectedRealmsScreen,net.minecraft.network.chat,Directed,calls,1
net.minecraft.realms.DisconnectedRealmsScreen,net.minecraft.client.Minecraft,Directed,calls,1
net.minecraft.realms.RealmsConnect,net.minecraft.client.Minecraft,Directed,calls,11
net.minecraft.realms.RealmsConnect,net.minecraft.network.chat,Directed,calls,3
net.minecraft.realms.RealmsConnect,net.minecraft.client.multiplayer,Directed,calls,3
net.minecraft.realms.RealmsConnect,net.minecraft.network.Connection,Directed,calls,1
net.minecraft.realms.RealmsConnect,com.mojang.realmsclient.dto,Directed,calls,2
net.minecraft.realms.RealmsConnect,net.minecraft.nbt.StringTag,Directed,calls,1
net.minecraft.realms.RealmsConnect,net.minecraft.server.ChainedJsonException,Directed,calls,1
net.minecraft.realms.RealmsConnect,net.minecraft.util.ArrayListDeque,Directed,calls,1
net.minecraft.realms.RealmsLabel,net.minecraft.client.gui,Directed,calls,1
net.minecraft.realms.RealmsLabel,net.minecraft.client.Minecraft,Directed,calls,1
net.minecraft.realms.RealmsObjectSelectionList,net.minecraft.client.Minecraft,Directed,calls,1
net.minecraft.realms.RealmsObjectSelectionList,net.minecraft.client.gui,Directed,calls,4
net.minecraft.realms.RealmsScreen,net.minecraft.client.gui,Directed,calls,1
net.minecraft.realms.RealmsScreen,net.minecraft.network.chat,Directed,calls,1
net.minecraft.realms.RepeatedNarrator,net.minecraft.client.gui,Directed,calls,1
net.minecraft.realms.RepeatedNarrator,net.minecraft.client.GameNarrator,Directed,calls,1
net.minecraft.recipebook.PlaceRecipe,net.minecraft.util.Mth,Directed,calls,2
net.minecraft.recipebook.ServerPlaceRecipe,net.minecraft.client.player,Directed,calls,1
net.minecraft.recipebook.ServerPlaceRecipe,net.minecraft.world.entity,Directed,calls,6
net.minecraft.recipebook.ServerPlaceRecipe,net.minecraft.recipebook.PlaceRecipe,Directed,calls,1
net.minecraft.recipebook.ServerPlaceRecipe,net.minecraft.world.inventory,Directed,calls,3
net.minecraft.recipebook.ServerPlaceRecipe,net.minecraft.world.item,Directed,calls,2
net.minecraft.recipebook.ServerPlaceRecipe,net.minecraft.client.gui,Directed,calls,3
net.minecraft.references.Blocks,net.minecraft.resources.ResourceKey,Directed,calls,1
net.minecraft.references.Blocks,net.minecraft.resources.ResourceLocation,Directed,calls,1
net.minecraft.references.Items,net.minecraft.resources.ResourceKey,Directed,calls,1
net.minecraft.references.Items,net.minecraft.resources.ResourceLocation,Directed,calls,1
net.minecraft.resources.FileToIdConverter,net.minecraft.server.packs,Directed,calls,4
net.minecraft.resources.FileToIdConverter,net.minecraft.client.sounds,Directed,calls,1
net.minecraft.resources.FileToIdConverter,net.minecraft.client.resources,Directed,calls,2
net.minecraft.resources.HolderSetCodec,net.neoforged.neoforge.common,Directed,calls,1
net.minecraft.resources.HolderSetCodec,net.minecraft.util.ExtraCodecs,Directed,calls,1
net.minecraft.resources.HolderSetCodec,net.minecraft.network.codec,Directed,calls,3
net.minecraft.resources.HolderSetCodec,net.neoforged.neoforge.registries,Directed,calls,1
net.minecraft.resources.HolderSetCodec,net.minecraft.resources.RegistryOps,Directed,calls,2
net.minecraft.resources.HolderSetCodec,net.minecraft.world.InteractionResultHolder,Directed,calls,2
net.minecraft.resources.HolderSetCodec,net.minecraft.core.HolderSet,Directed,calls,2
net.minecraft.resources.HolderSetCodec,net.minecraft.world.level,Directed,calls,1
net.minecraft.resources.HolderSetCodec,net.minecraft.server.level,Directed,calls,3
net.minecraft.resources.HolderSetCodec,net.minecraft.resources.ResourceKey,Directed,calls,2
net.minecraft.resources.HolderSetCodec,net.minecraft.client.gui,Directed,calls,1
net.minecraft.resources.RegistryDataLoader,net.minecraft.core.component,Directed,calls,2
net.minecraft.resources.RegistryDataLoader,net.minecraft.util.ArrayListDeque,Directed,calls,2
net.minecraft.resources.RegistryDataLoader,net.minecraft.core.Registry,Directed,calls,15
net.minecraft.resources.RegistryDataLoader,net.minecraft.client.gui,Directed,calls,5
net.minecraft.resources.RegistryDataLoader,net.minecraft.core.MappedRegistry,Directed,calls,2
net.minecraft.resources.RegistryDataLoader,net.minecraft.core.HolderSet,Directed,calls,1
net.minecraft.resources.RegistryDataLoader,net.minecraft.core.RegistryAccess,Directed,calls,1
net.minecraft.resources.RegistryDataLoader,net.minecraft.client.main,Directed,calls,1
net.minecraft.resources.RegistryDataLoader,net.minecraft.Util,Directed,calls,1
net.minecraft.resources.RegistryDataLoader,net.minecraft.server.packs,Directed,calls,4
net.minecraft.resources.RegistryDataLoader,net.minecraft.core.registries,Directed,calls,2
net.minecraft.resources.RegistryDataLoader,net.minecraft.resources.FileToIdConverter,Directed,calls,5
net.minecraft.resources.RegistryDataLoader,net.minecraft.resources.RegistryOps,Directed,calls,3
net.minecraft.resources.RegistryDataLoader,net.minecraft.CrashReportCategory,Directed,calls,2
net.minecraft.resources.RegistryDataLoader,net.minecraft.resources.ResourceKey,Directed,calls,2
net.minecraft.resources.RegistryDataLoader,net.minecraft.client.multiplayer,Directed,calls,1
net.minecraft.resources.RegistryDataLoader,net.neoforged.neoforge.registries,Directed,calls,1
net.minecraft.resources.RegistryFileCodec,net.minecraft.resources.RegistryOps,Directed,calls,2
net.minecraft.resources.RegistryFileCodec,net.minecraft.server.level,Directed,calls,4
net.minecraft.resources.RegistryFileCodec,net.minecraft.resources.ResourceKey,Directed,calls,1
net.minecraft.resources.RegistryFixedCodec,net.minecraft.resources.RegistryOps,Directed,calls,2
net.minecraft.resources.RegistryFixedCodec,net.minecraft.core.Holder,Directed,calls,2
net.minecraft.resources.RegistryFixedCodec,net.minecraft.server.level,Directed,calls,5
net.minecraft.resources.RegistryFixedCodec,net.minecraft.resources.ResourceKey,Directed,calls,1
net.minecraft.resources.RegistryOps,net.minecraft.core.HolderLookup,Directed,calls,2
net.minecraft.resources.RegistryOps,net.minecraft.server.players,Directed,calls,1
net.minecraft.resources.RegistryOps,net.neoforged.neoforge.server,Directed,calls,1
net.minecraft.resources.RegistryOps,net.minecraft.util.ExtraCodecs,Directed,calls,3
net.minecraft.resources.RegistryOps,net.minecraft.world.InteractionResultHolder,Directed,calls,2
net.minecraft.resources.RegistryOps,net.minecraft.server.level,Directed,calls,7
net.minecraft.resources.RegistryOps,net.minecraft.resources.ResourceKey,Directed,calls,2
net.minecraft.resources.ResourceLocation,net.minecraft.world.InteractionResultHolder,Directed,calls,1
net.minecraft.resources.ResourceLocation,net.minecraft.server.level,Directed,calls,1
net.minecraft.resources.ResourceLocation,net.minecraft.commands.arguments,Directed,calls,1
net.minecraft.resources.ResourceLocation,net.minecraft.client.StringSplitter,Directed,calls,2
net.minecraft.resources.ResourceLocation,net.minecraft.util.GsonHelper,Directed,calls,1
net.minecraft.server.advancements,net.minecraft.advancements.critereon,Directed,calls,1
net.minecraft.server.advancements,net.minecraft.advancements.Advancement,Directed,calls,1
net.minecraft.server.advancements,net.minecraft.advancements.AdvancementNode,Directed,calls,3
net.minecraft.server.advancements,net.minecraft.client.gui,Directed,calls,3
net.minecraft.server.Bootstrap,com.mojang.realmsclient.client,Directed,calls,2
net.minecraft.server.Bootstrap,net.minecraft.world.level,Directed,calls,3
net.minecraft.server.Bootstrap,net.minecraft.world.entity,Directed,calls,1
net.minecraft.server.Bootstrap,net.minecraft.commands.arguments,Directed,calls,1
net.minecraft.server.Bootstrap,net.minecraft.core.dispenser,Directed,calls,1
net.minecraft.server.Bootstrap,net.minecraft.core.cauldron,Directed,calls,1
net.minecraft.server.Bootstrap,net.minecraft.core.registries,Directed,calls,1
net.minecraft.server.Bootstrap,net.minecraft.world.item,Directed,calls,1
net.minecraft.server.Bootstrap,net.minecraft.locale.Language,Directed,calls,4
net.minecraft.server.Bootstrap,net.minecraft.util.Crypt,Directed,calls,1
net.minecraft.server.Bootstrap,net.minecraft.client.renderer,Directed,calls,1
net.minecraft.server.Bootstrap,net.minecraft.commands.Commands,Directed,calls,1
net.minecraft.server.bossevents,net.minecraft.server.level,Directed,calls,3
net.minecraft.server.bossevents,net.minecraft.util.Mth,Directed,calls,2
net.minecraft.server.bossevents,net.minecraft.network.chat,Directed,calls,2
net.minecraft.server.bossevents,net.minecraft.server.packs,Directed,calls,1
net.minecraft.server.bossevents,net.minecraft.ChatFormatting,Directed,calls,2
net.minecraft.server.bossevents,net.minecraft.client.renderer,Directed,calls,1
net.minecraft.server.bossevents,net.minecraft.server.commands,Directed,calls,1
net.minecraft.server.bossevents,net.minecraft.world.flag,Directed,calls,1
net.minecraft.server.bossevents,net.minecraft.nbt.CompoundTag,Directed,calls,21
net.minecraft.server.bossevents,net.minecraft.server.advancements,Directed,calls,1
net.minecraft.server.bossevents,net.minecraft.client.Minecraft,Directed,calls,1
net.minecraft.server.bossevents,net.minecraft.client.gui,Directed,calls,2
net.minecraft.server.bossevents,net.minecraft.world.BossEvent,Directed,calls,1
net.minecraft.server.bossevents,net.minecraft.nbt.NbtUtils,Directed,calls,2
net.minecraft.server.bossevents,net.minecraft.resources.ResourceLocation,Directed,calls,1
net.minecraft.server.ChainedJsonException,com.mojang.realmsclient.exception,Directed,calls,1
net.minecraft.server.chase,net.minecraft.world.level,Directed,calls,8
net.minecraft.server.chase,com.mojang.realmsclient.gui,Directed,calls,2
net.minecraft.server.chase,net.minecraft.client.gui,Directed,calls,2
net.minecraft.server.chase,net.minecraft.world.phys,Directed,calls,1
net.minecraft.server.chase,net.minecraft.commands.Commands,Directed,calls,1
net.minecraft.server.chase,net.minecraft.server.rcon,Directed,calls,1
net.minecraft.server.chase,net.minecraft.Util,Directed,calls,1
net.minecraft.server.commands,net.minecraft.commands.Commands,Directed,calls,858
net.minecraft.server.commands,net.minecraft.commands.arguments,Directed,calls,890
net.minecraft.server.commands,net.minecraft.commands.SharedSuggestionProvider,Directed,calls,16
net.minecraft.server.commands,com.mojang.blaze3d.systems,Directed,calls,26
net.minecraft.server.commands,net.minecraft.world.entity,Directed,calls,124
net.minecraft.server.commands,net.minecraft.network.chat,Directed,calls,403
net.minecraft.server.commands,net.minecraft.commands.CommandSourceStack,Directed,calls,513
net.minecraft.server.commands,net.minecraft.core.NonNullList,Directed,calls,15
net.minecraft.server.commands,net.minecraft.client.gui,Directed,calls,71
net.minecraft.server.commands,net.minecraft.advancements.AdvancementNode,Directed,calls,1
net.minecraft.server.commands,net.minecraft.nbt.CompoundTag,Directed,calls,38
net.minecraft.server.commands,net.minecraft.advancements.critereon,Directed,calls,12
net.minecraft.server.commands,net.minecraft.world.level,Directed,calls,118
net.minecraft.server.commands,net.minecraft.util.parsing,Directed,calls,7
net.minecraft.server.commands,net.minecraft.server.level,Directed,calls,16
net.minecraft.server.commands,com.mojang.realmsclient.gui,Directed,calls,7
net.minecraft.server.commands,mcp.client.Start,Directed,calls,1
net.minecraft.server.commands,net.minecraft.server.players,Directed,calls,8
net.minecraft.server.commands,net.neoforged.neoforge.server,Directed,calls,17
net.minecraft.server.commands,net.minecraft.core.particles,Directed,calls,1
net.minecraft.server.commands,net.minecraft.client.resources,Directed,calls,2
net.minecraft.server.commands,net.minecraft.server.bossevents,Directed,calls,2
net.minecraft.server.commands,net.minecraft.server.chase,Directed,calls,4
net.minecraft.server.commands,net.minecraft.world.item,Directed,calls,14
net.minecraft.server.commands,net.minecraft.client.animation,Directed,calls,3
net.minecraft.server.commands,net.minecraft.util.ArrayListDeque,Directed,calls,5
net.minecraft.server.commands,net.minecraft.world.Clearable,Directed,calls,4
net.minecraft.server.commands,net.minecraft.world.phys,Directed,calls,8
net.minecraft.server.commands,net.minecraft.nbt.NbtUtils,Directed,calls,3
net.minecraft.server.commands,net.minecraft.nbt.Tag,Directed,calls,5
net.minecraft.server.commands,net.minecraft.nbt.ListTag,Directed,calls,1
net.minecraft.server.commands,net.minecraft.nbt.StringTag,Directed,calls,4
net.minecraft.server.commands,net.minecraft.tags.BannerPatternTags,Directed,calls,1
net.minecraft.server.commands,net.minecraft.util.Mth,Directed,calls,20
net.minecraft.server.commands,net.minecraft.server.packs,Directed,calls,14
net.minecraft.server.commands,net.neoforged.neoforge.common,Directed,calls,3
net.minecraft.server.commands,net.minecraft.core.HolderSet,Directed,calls,7
net.minecraft.server.commands,net.minecraft.world.flag,Directed,calls,7
net.minecraft.server.commands,net.minecraft.server.MinecraftServer,Directed,calls,14
net.minecraft.server.commands,net.minecraft.util.profiling,Directed,calls,4
net.minecraft.server.commands,net.minecraft.commands.execution,Directed,calls,22
net.minecraft.server.commands,net.minecraft.Util,Directed,calls,2
net.minecraft.server.commands,net.minecraft.server.ServerFunctionManager,Directed,calls,1
net.minecraft.server.commands,net.minecraft.commands.FunctionInstantiationException,Directed,calls,3
net.minecraft.server.commands,net.minecraft.network.Connection,Directed,calls,2
net.minecraft.server.commands,net.minecraft.client.renderer,Directed,calls,13
net.minecraft.server.commands,net.minecraft.server.network,Directed,calls,1
net.minecraft.server.commands,net.minecraft.world.effect,Directed,calls,1
net.minecraft.server.commands,net.minecraft.network.protocol,Directed,calls,5
net.minecraft.server.commands,net.minecraft.world.Difficulty,Directed,calls,3
net.minecraft.server.commands,net.minecraft.core.SectionPos,Directed,calls,14
net.minecraft.server.commands,net.minecraft.nbt.IntTag,Directed,calls,1
net.minecraft.server.commands,net.minecraft.nbt.FloatTag,Directed,calls,1
net.minecraft.server.commands,net.minecraft.nbt.ShortTag,Directed,calls,1
net.minecraft.server.commands,net.minecraft.nbt.LongTag,Directed,calls,1
net.minecraft.server.commands,net.minecraft.nbt.DoubleTag,Directed,calls,1
net.minecraft.server.commands,net.minecraft.nbt.ByteTag,Directed,calls,1
net.minecraft.server.commands,net.minecraft.world.scores,Directed,calls,125
net.minecraft.server.commands,net.minecraft.client.multiplayer,Directed,calls,3
net.minecraft.server.commands,net.minecraft.world.inventory,Directed,calls,2
net.minecraft.server.commands,net.minecraft.world.Container,Directed,calls,17
net.minecraft.server.commands,net.minecraft.util.valueproviders,Directed,calls,2
net.minecraft.server.commands,net.minecraft.client.main,Directed,calls,7
net.minecraft.server.commands,net.minecraft.commands.ExecutionCommandSource,Directed,calls,3
net.minecraft.server.commands,net.minecraft.core.RegistrySetBuilder,Directed,calls,2
net.minecraft.server.commands,net.minecraft.core.QuartPos,Directed,calls,5
net.minecraft.server.commands,net.minecraft.core.BlockPos,Directed,calls,55
net.minecraft.server.commands,net.minecraft.commands.functions,Directed,calls,1
net.minecraft.server.commands,net.minecraft.commands.CommandResultCallback,Directed,calls,2
net.minecraft.server.commands,net.minecraft.client.player,Directed,calls,1
net.minecraft.server.commands,net.minecraft.core.component,Directed,calls,6
net.minecraft.server.commands,net.minecraft.data.models,Directed,calls,8
net.minecraft.server.commands,net.minecraft.CrashReportCategory,Directed,calls,2
net.minecraft.server.commands,net.minecraft.data.tags,Directed,calls,1
net.minecraft.server.commands,net.minecraft.core.MappedRegistry,Directed,calls,1
net.minecraft.server.commands,net.minecraft.tags.StructureTags,Directed,calls,3
net.minecraft.server.commands,net.minecraft.tags.BiomeTags,Directed,calls,1
net.minecraft.server.commands,net.minecraft.tags.PoiTypeTags,Directed,calls,1
net.minecraft.server.commands,net.minecraft.core.Vec3i,Directed,calls,1
net.minecraft.server.commands,net.minecraft.data.loot,Directed,calls,1
net.minecraft.server.commands,net.minecraft.commands.CommandSource,Directed,calls,2
net.minecraft.server.commands,net.minecraft.client.particle,Directed,calls,1
net.minecraft.server.commands,net.minecraft.SharedConstants,Directed,calls,1
net.minecraft.server.commands,net.minecraft.FileUtil,Directed,calls,1
net.minecraft.server.commands,net.minecraft.core.Holder,Directed,calls,2
net.minecraft.server.commands,net.minecraft.sounds.SoundEvent,Directed,calls,1
net.minecraft.server.commands,net.minecraft.util.HttpUtil,Directed,calls,3
net.minecraft.server.commands,net.minecraft.world.RandomSequences,Directed,calls,1
net.minecraft.server.commands,net.minecraft.nbt.CollectionTag,Directed,calls,1
net.minecraft.server.commands,net.neoforged.neoforge.client,Directed,calls,1
net.minecraft.server.commands,net.minecraft.client.sounds,Directed,calls,4
net.minecraft.server.commands,net.minecraft.core.Registry,Directed,calls,3
net.minecraft.server.commands,net.minecraft.util.RandomSource,Directed,calls,1
net.minecraft.server.commands,net.neoforged.neoforge.event,Directed,calls,6
net.minecraft.server.commands,com.mojang.realmsclient.dto,Directed,calls,1
net.minecraft.server.commands,net.minecraft.client.Camera,Directed,calls,1
net.minecraft.server.commands,net.minecraft.world.TickRateManager,Directed,calls,4
net.minecraft.server.commands,net.minecraft.server.ServerTickRateManager,Directed,calls,1
net.minecraft.server.commands,net.minecraft.tags.DamageTypeTags,Directed,calls,2
net.minecraft.server.commands,net.minecraft.nbt.LongArrayTag,Directed,calls,2
net.minecraft.server.DebugLoggedPrintStream,net.minecraft.world.level,Directed,calls,1
net.minecraft.server.DebugLoggedPrintStream,net.minecraft.server.packs,Directed,calls,1
net.minecraft.server.dedicated,net.minecraft.server.level,Directed,calls,5
net.minecraft.server.dedicated,net.minecraft.server.players,Directed,calls,20
net.minecraft.server.dedicated,net.minecraft.server.network,Directed,calls,1
net.minecraft.server.dedicated,net.minecraft.server.rcon,Directed,calls,3
net.minecraft.server.dedicated,net.minecraft.world.level,Directed,calls,19
net.minecraft.server.dedicated,net.minecraft.SharedConstants,Directed,calls,1
net.minecraft.server.dedicated,net.minecraft.server.MinecraftServer,Directed,calls,34
net.minecraft.server.dedicated,net.minecraft.Util,Directed,calls,7
net.minecraft.server.dedicated,net.minecraft.util.monitoring,Directed,calls,1
net.minecraft.server.dedicated,net.minecraft.nbt.StringTag,Directed,calls,1
net.minecraft.server.dedicated,net.minecraft.server.commands,Directed,calls,1
net.minecraft.server.dedicated,net.minecraft.CrashReportCategory,Directed,calls,3
net.minecraft.server.dedicated,net.minecraft.network.protocol,Directed,calls,12
net.minecraft.server.dedicated,net.minecraft.server.gui,Directed,calls,1
net.minecraft.server.dedicated,net.minecraft.world.entity,Directed,calls,2
net.minecraft.server.dedicated,net.minecraft.util.Mth,Directed,calls,2
net.minecraft.server.dedicated,net.minecraft.core.BlockPos,Directed,calls,2
net.minecraft.server.dedicated,net.minecraft.util.thread,Directed,calls,1
net.minecraft.server.dedicated,net.minecraft.core.NonNullList,Directed,calls,1
net.minecraft.server.dedicated,net.minecraft.util.GsonHelper,Directed,calls,1
net.minecraft.server.dedicated,net.minecraft.core.RegistryAccess,Directed,calls,1
net.minecraft.server.dedicated,net.minecraft.core.Registry,Directed,calls,2
net.minecraft.server.dedicated,net.minecraft.client.main,Directed,calls,2
net.minecraft.server.dedicated,net.minecraft.resources.ResourceLocation,Directed,calls,1
net.minecraft.server.dedicated,net.minecraft.resources.ResourceKey,Directed,calls,1
net.minecraft.server.dedicated,net.neoforged.neoforge.client,Directed,calls,1
net.minecraft.server.dedicated,net.minecraft.core.Holder,Directed,calls,3
net.minecraft.server.dedicated,net.minecraft.core.HolderLookup,Directed,calls,1
net.minecraft.server.dedicated,net.minecraft.CrashReport,Directed,calls,1
net.minecraft.server.dedicated,net.minecraft.server.Bootstrap,Directed,calls,1
net.minecraft.server.dedicated,net.minecraft.server.packs,Directed,calls,1
net.minecraft.server.dedicated,net.minecraft.commands.execution,Directed,calls,1
net.minecraft.server.dedicated,com.mojang.math.Transformation,Directed,calls,3
net.minecraft.server.Eula,net.minecraft.client.renderer,Directed,calls,1
net.minecraft.server.Eula,net.neoforged.neoforge.common,Directed,calls,1
net.minecraft.server.gui,net.minecraft.client.server,Directed,calls,1
net.minecraft.server.gui,net.minecraft.server.commands,Directed,calls,2
net.minecraft.server.gui,net.minecraft.client.gui,Directed,calls,6
net.minecraft.server.gui,net.neoforged.neoforge.client,Directed,calls,1
net.minecraft.server.gui,net.minecraft.server.MinecraftServer,Directed,calls,1
net.minecraft.server.gui,com.mojang.blaze3d.platform,Directed,calls,3
net.minecraft.server.level,net.minecraft.util.StaticCache2D,Directed,calls,1
net.minecraft.server.level,net.minecraft.world.level,Directed,calls,223
net.minecraft.server.level,net.minecraft.core.BlockPos,Directed,calls,39
net.minecraft.server.level,net.minecraft.core.SectionPos,Directed,calls,45
net.minecraft.server.level,net.minecraft.client.multiplayer,Directed,calls,16
net.minecraft.server.level,com.mojang.realmsclient.gui,Directed,calls,8
net.minecraft.server.level,net.minecraft.util.datafix,Directed,calls,4
net.minecraft.server.level,net.minecraft.commands.arguments,Directed,calls,16
net.minecraft.server.level,net.minecraft.Util,Directed,calls,27
net.minecraft.server.level,net.minecraft.server.packs,Directed,calls,10
net.minecraft.server.level,net.minecraft.util.thread,Directed,calls,11
net.minecraft.server.level,net.minecraft.core.NonNullList,Directed,calls,6
net.minecraft.server.level,net.minecraft.world.entity,Directed,calls,195
net.minecraft.server.level,net.minecraft.client.gui,Directed,calls,28
net.minecraft.server.level,net.minecraft.CrashReport,Directed,calls,6
net.minecraft.server.level,net.minecraft.core.HolderSet,Directed,calls,2
net.minecraft.server.level,net.minecraft.data.tags,Directed,calls,2
net.minecraft.server.level,com.mojang.realmsclient.util,Directed,calls,3
net.minecraft.server.level,net.minecraft.network.PacketSendListener,Directed,calls,3
net.minecraft.server.level,net.minecraft.util.Mth,Directed,calls,34
net.minecraft.server.level,net.minecraft.util.CsvOutput,Directed,calls,6
net.minecraft.server.level,net.minecraft.CrashReportCategory,Directed,calls,10
net.minecraft.server.level,net.minecraft.client.main,Directed,calls,1
net.minecraft.server.level,net.minecraft.advancements.Advancement,Directed,calls,1
net.minecraft.server.level,net.minecraft.util.random,Directed,calls,2
net.minecraft.server.level,com.mojang.blaze3d.vertex,Directed,calls,5
net.minecraft.server.level,net.minecraft.server.network,Directed,calls,1
net.minecraft.server.level,net.minecraft.util.ArrayListDeque,Directed,calls,8
net.minecraft.server.level,com.mojang.math.Transformation,Directed,calls,1
net.minecraft.server.level,net.minecraft.network.protocol,Directed,calls,37
net.minecraft.server.level,net.minecraft.network.codec,Directed,calls,1
net.minecraft.server.level,net.minecraft.network.FriendlyByteBuf,Directed,calls,9
net.minecraft.server.level,net.minecraft.network.chat,Directed,calls,21
net.minecraft.server.level,net.minecraft.util.SortedArraySet,Directed,calls,6
net.minecraft.server.level,net.minecraft.world.flag,Directed,calls,3
net.minecraft.server.level,net.minecraft.client.renderer,Directed,calls,4
net.minecraft.server.level,net.minecraft.nbt.ByteArrayTag,Directed,calls,1
net.minecraft.server.level,net.minecraft.server.MinecraftServer,Directed,calls,29
net.minecraft.server.level,net.minecraft.SharedConstants,Directed,calls,1
net.minecraft.server.level,net.minecraft.nbt.ListTag,Directed,calls,1
net.minecraft.server.level,net.minecraft.world.item,Directed,calls,19
net.minecraft.server.level,net.minecraft.world.phys,Directed,calls,26
net.minecraft.server.level,net.minecraft.network.syncher,Directed,calls,2
net.minecraft.server.level,net.minecraft.server.dedicated,Directed,calls,7
net.minecraft.server.level,net.minecraft.client.server,Directed,calls,2
net.minecraft.server.level,net.minecraft.world.RandomSequences,Directed,calls,1
net.minecraft.server.level,net.minecraft.world.TickRateManager,Directed,calls,2
net.minecraft.server.level,net.minecraft.server.commands,Directed,calls,3
net.minecraft.server.level,net.minecraft.world.DifficultyInstance,Directed,calls,1
net.minecraft.server.level,net.neoforged.neoforge.common,Directed,calls,3
net.minecraft.server.level,net.minecraft.client.resources,Directed,calls,5
net.minecraft.server.level,net.minecraft.advancements.critereon,Directed,calls,3
net.minecraft.server.level,net.neoforged.neoforge.event,Directed,calls,13
net.minecraft.server.level,net.minecraft.core.Vec3i,Directed,calls,1
net.minecraft.server.level,net.minecraft.nbt.StringTag,Directed,calls,1
net.minecraft.server.level,net.neoforged.neoforge.capabilities,Directed,calls,4
net.minecraft.server.level,net.minecraft.util.RandomSource,Directed,calls,1
net.minecraft.server.level,net.minecraft.nbt.CompoundTag,Directed,calls,44
net.minecraft.server.level,net.minecraft.world.inventory,Directed,calls,2
net.minecraft.server.level,net.minecraft.server.bossevents,Directed,calls,1
net.minecraft.server.level,net.minecraft.world.scores,Directed,calls,3
net.minecraft.server.level,net.minecraft.world.damagesource,Directed,calls,3
net.minecraft.server.level,net.minecraft.commands.CommandSourceStack,Directed,calls,1
net.minecraft.server.level,net.minecraft.server.players,Directed,calls,3
net.minecraft.server.level,net.minecraft.client.particle,Directed,calls,1
net.minecraft.server.level,net.minecraft.client.Camera,Directed,calls,12
net.minecraft.server.level,net.minecraft.advancements.DisplayInfo,Directed,calls,9
net.minecraft.server.level,net.minecraft.client.player,Directed,calls,8
net.minecraft.server.level,net.minecraft.client.model,Directed,calls,1
net.minecraft.server.level,net.neoforged.neoforge.client,Directed,calls,2
net.minecraft.server.level,net.minecraft.world.MenuProvider,Directed,calls,2
net.minecraft.server.level,net.minecraft.util.valueproviders,Directed,calls,1
net.minecraft.server.level,net.minecraft.server.ServerTickRateManager,Directed,calls,1
net.minecraft.server.level,net.minecraft.util.monitoring,Directed,calls,1
net.minecraft.server.level,net.minecraft.world.effect,Directed,calls,2
net.minecraft.server.level,net.minecraft.client.Options,Directed,calls,3
net.minecraft.server.level,net.minecraft.client.Minecraft,Directed,calls,1
net.minecraft.server.level,net.neoforged.neoforge.entity,Directed,calls,1
net.minecraft.server.level,com.mojang.blaze3d.pipeline,Directed,calls,1
net.minecraft.server.LoggedPrintStream,net.minecraft.nbt.StringTag,Directed,calls,1
net.minecraft.server.LoggedPrintStream,net.minecraft.world.level,Directed,calls,1
net.minecraft.server.Main,net.minecraft.SharedConstants,Directed,calls,1
net.minecraft.server.Main,net.minecraft.nbt.CompoundTag,Directed,calls,1
net.minecraft.server.Main,net.minecraft.server.Eula,Directed,calls,1
net.minecraft.server.Main,net.minecraft.world.level,Directed,calls,16
net.minecraft.server.Main,net.minecraft.CrashReport,Directed,calls,1
net.minecraft.server.Main,net.minecraft.server.Bootstrap,Directed,calls,2
net.minecraft.server.Main,net.minecraft.Util,Directed,calls,3
net.minecraft.server.Main,net.minecraft.server.dedicated,Directed,calls,3
net.minecraft.server.Main,net.minecraft.server.packs,Directed,calls,3
net.minecraft.server.Main,net.minecraft.client.main,Directed,calls,1
net.minecraft.server.Main,net.minecraft.server.MinecraftServer,Directed,calls,4
net.minecraft.server.Main,net.minecraft.server.WorldLoader,Directed,calls,1
net.minecraft.server.Main,net.minecraft.util.datafix,Directed,calls,2
net.minecraft.server.Main,net.minecraft.commands.arguments,Directed,calls,1
net.minecraft.server.Main,net.minecraft.server.rcon,Directed,calls,1
net.minecraft.server.Main,net.minecraft.nbt.LongArrayTag,Directed,calls,1
net.minecraft.server.Main,net.minecraft.util.worldupdate,Directed,calls,3
net.minecraft.server.Main,net.minecraft.util.Mth,Directed,calls,1
net.minecraft.server.MinecraftServer,com.mojang.blaze3d.vertex,Directed,calls,1
net.minecraft.server.MinecraftServer,net.minecraft.server.rcon,Directed,calls,2
net.minecraft.server.MinecraftServer,net.minecraft.world.level,Directed,calls,53
net.minecraft.server.MinecraftServer,net.minecraft.Util,Directed,calls,29
net.minecraft.server.MinecraftServer,net.minecraft.world.item,Directed,calls,1
net.minecraft.server.MinecraftServer,net.minecraft.core.NonNullList,Directed,calls,5
net.minecraft.server.MinecraftServer,net.minecraft.core.Registry,Directed,calls,2
net.minecraft.server.MinecraftServer,net.minecraft.CrashReport,Directed,calls,8
net.minecraft.server.MinecraftServer,net.minecraft.server.level,Directed,calls,7
net.minecraft.server.MinecraftServer,net.minecraft.CrashReportCategory,Directed,calls,4
net.minecraft.server.MinecraftServer,net.minecraft.resources.ResourceKey,Directed,calls,1
net.minecraft.server.MinecraftServer,net.minecraft.client.multiplayer,Directed,calls,4
net.minecraft.server.MinecraftServer,net.minecraft.util.Mth,Directed,calls,3
net.minecraft.server.MinecraftServer,net.minecraft.server.packs,Directed,calls,32
net.minecraft.server.MinecraftServer,net.minecraft.util.thread,Directed,calls,4
net.minecraft.server.MinecraftServer,com.mojang.blaze3d.platform,Directed,calls,1
net.minecraft.server.MinecraftServer,net.minecraft.nbt.NbtIo,Directed,calls,1
net.minecraft.server.MinecraftServer,net.minecraft.commands.arguments,Directed,calls,2
net.minecraft.server.MinecraftServer,net.minecraft.network.chat,Directed,calls,5
net.minecraft.server.MinecraftServer,net.minecraft.client.main,Directed,calls,1
net.minecraft.server.MinecraftServer,net.minecraft.client.gui,Directed,calls,7
net.minecraft.server.MinecraftServer,net.minecraft.server.players,Directed,calls,2
net.minecraft.server.MinecraftServer,net.minecraft.SharedConstants,Directed,calls,1
net.minecraft.server.MinecraftServer,net.minecraft.SystemReport,Directed,calls,8
net.minecraft.server.MinecraftServer,net.minecraft.client.renderer,Directed,calls,5
net.minecraft.server.MinecraftServer,net.minecraft.nbt.StringTag,Directed,calls,1
net.minecraft.server.MinecraftServer,net.minecraft.util.Crypt,Directed,calls,1
net.minecraft.server.MinecraftServer,net.minecraft.server.ReloadableServerResources,Directed,calls,1
net.minecraft.server.MinecraftServer,net.minecraft.world.flag,Directed,calls,7
net.minecraft.server.MinecraftServer,net.minecraft.core.HolderSet,Directed,calls,1
net.minecraft.server.MinecraftServer,net.minecraft.util.SortedArraySet,Directed,calls,1
net.minecraft.server.MinecraftServer,net.minecraft.commands.CommandSourceStack,Directed,calls,1
net.minecraft.server.MinecraftServer,net.minecraft.world.phys,Directed,calls,1
net.minecraft.server.MinecraftServer,net.minecraft.network.protocol,Directed,calls,11
net.minecraft.server.MinecraftServer,net.minecraft.util.NativeModuleLister,Directed,calls,1
net.minecraft.server.MinecraftServer,net.minecraft.util.profiling,Directed,calls,3
net.minecraft.server.MinecraftServer,net.minecraft.FileUtil,Directed,calls,2
net.minecraft.server.network,net.minecraft.client.main,Directed,calls,1
net.minecraft.server.network,net.minecraft.core.RegistrySynchronization,Directed,calls,1
net.minecraft.server.network,net.minecraft.network.protocol,Directed,calls,176
net.minecraft.server.network,net.minecraft.tags.TagNetworkSerialization,Directed,calls,1
net.minecraft.server.network,net.minecraft.client.model,Directed,calls,1
net.minecraft.server.network,net.minecraft.client.gui,Directed,calls,5
net.minecraft.server.network,net.minecraft.network.codec,Directed,calls,3
net.minecraft.server.network,net.minecraft.server.packs,Directed,calls,1
net.minecraft.server.network,com.mojang.blaze3d.vertex,Directed,calls,2
net.minecraft.server.network,net.minecraft.network.FriendlyByteBuf,Directed,calls,15
net.minecraft.server.network,net.minecraft.network.Connection,Directed,calls,20
net.minecraft.server.network,net.minecraft.client.server,Directed,calls,3
net.minecraft.server.network,net.minecraft.server.MinecraftServer,Directed,calls,5
net.minecraft.server.network,net.minecraft.client.renderer,Directed,calls,2
net.minecraft.server.network,net.minecraft.server.level,Directed,calls,6
net.minecraft.server.network,net.minecraft.world.level,Directed,calls,42
net.minecraft.server.network,net.minecraft.world.entity,Directed,calls,38
net.minecraft.server.network,com.mojang.realmsclient.gui,Directed,calls,2
net.minecraft.server.network,net.minecraft.client.multiplayer,Directed,calls,12
net.minecraft.server.network,net.minecraft.util.Mth,Directed,calls,12
net.minecraft.server.network,net.minecraft.Util,Directed,calls,6
net.minecraft.server.network,net.minecraft.network.chat,Directed,calls,38
net.minecraft.server.network,net.minecraft.CrashReport,Directed,calls,2
net.minecraft.server.network,net.minecraft.network.PacketSendListener,Directed,calls,3
net.minecraft.server.network,net.minecraft.commands.arguments,Directed,calls,2
net.minecraft.server.network,net.minecraft.network.ClientboundPacketListener,Directed,calls,1
net.minecraft.server.network,net.minecraft.network.RegistryFriendlyByteBuf,Directed,calls,1
net.minecraft.server.network,net.minecraft.server.players,Directed,calls,3
net.minecraft.server.network,net.minecraft.stats.RecipeBookSettings,Directed,calls,1
net.minecraft.server.network,net.minecraft.util.ArrayListDeque,Directed,calls,3
net.minecraft.server.network,net.minecraft.util.StringUtil,Directed,calls,3
net.minecraft.server.network,net.minecraft.world.inventory,Directed,calls,2
net.minecraft.server.network,net.minecraft.data.info,Directed,calls,4
net.minecraft.server.network,net.minecraft.resources.ResourceKey,Directed,calls,1
net.minecraft.server.network,net.minecraft.world.item,Directed,calls,9
net.minecraft.server.network,net.minecraft.world.phys,Directed,calls,5
net.minecraft.server.network,net.minecraft.core.HolderSet,Directed,calls,5
net.minecraft.server.network,net.neoforged.neoforge.event,Directed,calls,2
net.minecraft.server.network,net.minecraft.world.InteractionResult,Directed,calls,4
net.minecraft.server.network,net.minecraft.commands.Commands,Directed,calls,1
net.minecraft.server.network,net.minecraft.commands.CommandSourceStack,Directed,calls,1
net.minecraft.server.network,net.minecraft.server.commands,Directed,calls,1
net.minecraft.server.network,net.minecraft.commands.CommandSigningContext,Directed,calls,1
net.minecraft.server.network,net.minecraft.client.StringSplitter,Directed,calls,1
net.minecraft.server.network,com.mojang.realmsclient.util,Directed,calls,2
net.minecraft.server.network,net.minecraft.CrashReportCategory,Directed,calls,2
net.minecraft.server.network,net.minecraft.world.flag,Directed,calls,1
net.minecraft.server.network,net.minecraft.core.NonNullList,Directed,calls,2
net.minecraft.server.network,net.minecraft.SharedConstants,Directed,calls,4
net.minecraft.server.network,net.minecraft.server.rcon,Directed,calls,2
net.minecraft.server.network,net.minecraft.util.RandomSource,Directed,calls,1
net.minecraft.server.network,net.minecraft.core.UUIDUtil,Directed,calls,3
net.minecraft.server.network,net.minecraft.util.Crypt,Directed,calls,3
net.minecraft.server.network,net.minecraft.util.GsonHelper,Directed,calls,13
net.minecraft.server.network,net.minecraft.nbt.StringTag,Directed,calls,1
net.minecraft.server.network,net.minecraft.network.CipherEncoder,Directed,calls,1
net.minecraft.server.network,net.minecraft.client.sounds,Directed,calls,1
net.minecraft.server.network,net.minecraft.util.thread,Directed,calls,1
net.minecraft.server.packs,net.minecraft.util.GsonHelper,Directed,calls,5
net.minecraft.server.packs,net.minecraft.commands.arguments,Directed,calls,7
net.minecraft.server.packs,net.neoforged.neoforge.common,Directed,calls,4
net.minecraft.server.packs,net.minecraft.world.phys,Directed,calls,4
net.minecraft.server.packs,net.minecraft.client.gui,Directed,calls,51
net.minecraft.server.packs,net.minecraft.core.NonNullList,Directed,calls,20
net.minecraft.server.packs,net.minecraft.client.renderer,Directed,calls,3
net.minecraft.server.packs,net.minecraft.util.SortedArraySet,Directed,calls,1
net.minecraft.server.packs,net.minecraft.FileUtil,Directed,calls,15
net.minecraft.server.packs,net.minecraft.util.eventlog,Directed,calls,2
net.minecraft.server.packs,net.minecraft.util.EncoderCache,Directed,calls,1
net.minecraft.server.packs,net.minecraft.util.HttpUtil,Directed,calls,1
net.minecraft.server.packs,com.mojang.realmsclient.client,Directed,calls,1
net.minecraft.server.packs,net.minecraft.client.main,Directed,calls,4
net.minecraft.server.packs,net.minecraft.world.level,Directed,calls,13
net.minecraft.server.packs,net.minecraft.resources.ResourceLocation,Directed,calls,20
net.minecraft.server.packs,net.minecraft.world.flag,Directed,calls,6
net.minecraft.server.packs,com.mojang.realmsclient.gui,Directed,calls,4
net.minecraft.server.packs,net.minecraft.network.codec,Directed,calls,4
net.minecraft.server.packs,mcp.client.Start,Directed,calls,1
net.minecraft.server.packs,net.minecraft.world.entity,Directed,calls,2
net.minecraft.server.packs,net.minecraft.util.random,Directed,calls,1
net.minecraft.server.packs,net.minecraft.core.component,Directed,calls,2
net.minecraft.server.packs,com.mojang.blaze3d.vertex,Directed,calls,2
net.minecraft.server.packs,com.mojang.realmsclient.dto,Directed,calls,1
net.minecraft.server.packs,com.mojang.blaze3d.shaders,Directed,calls,1
net.minecraft.server.packs,net.minecraft.server.level,Directed,calls,1
net.minecraft.server.packs,net.minecraft.world.InteractionResultHolder,Directed,calls,1
net.minecraft.server.packs,net.minecraft.network.chat,Directed,calls,9
net.minecraft.server.packs,net.minecraft.Util,Directed,calls,6
net.minecraft.server.packs,net.minecraft.client.StringSplitter,Directed,calls,1
net.minecraft.server.packs,net.minecraft.SharedConstants,Directed,calls,2
net.minecraft.server.packs,net.minecraft.server.commands,Directed,calls,2
net.minecraft.server.packs,net.minecraft.client.OptionInstance,Directed,calls,2
net.minecraft.server.packs,net.minecraft.client.telemetry,Directed,calls,6
net.minecraft.server.packs,net.minecraft.server.players,Directed,calls,1
net.minecraft.server.packs,com.mojang.math.Transformation,Directed,calls,1
net.minecraft.server.packs,net.minecraft.core.HolderSet,Directed,calls,1
net.minecraft.server.packs,net.minecraft.util.ResourceLocationPattern,Directed,calls,2
net.minecraft.server.packs,net.minecraft.util.profiling,Directed,calls,4
net.minecraft.server.packs,net.minecraft.client.model,Directed,calls,1
net.minecraft.server.packs,net.minecraft.resources.FileToIdConverter,Directed,calls,3
net.minecraft.server.packs,net.minecraft.CrashReportCategory,Directed,calls,2
net.minecraft.server.packs,net.minecraft.network.PacketSendListener,Directed,calls,1
net.minecraft.server.PlayerAdvancements,net.minecraft.server.ServerAdvancementManager,Directed,calls,5
net.minecraft.server.PlayerAdvancements,net.minecraft.commands.arguments,Directed,calls,1
net.minecraft.server.PlayerAdvancements,net.minecraft.FileUtil,Directed,calls,1
net.minecraft.server.PlayerAdvancements,net.minecraft.advancements.AdvancementProgress,Directed,calls,6
net.minecraft.server.PlayerAdvancements,net.minecraft.client.gui,Directed,calls,4
net.minecraft.server.PlayerAdvancements,net.minecraft.advancements.DisplayInfo,Directed,calls,1
net.minecraft.server.PlayerAdvancements,net.minecraft.CrashReportCategory,Directed,calls,6
net.minecraft.server.PlayerAdvancements,net.minecraft.advancements.critereon,Directed,calls,2
net.minecraft.server.PlayerAdvancements,net.minecraft.core.component,Directed,calls,1
net.minecraft.server.PlayerAdvancements,net.minecraft.world.flag,Directed,calls,1
net.minecraft.server.PlayerAdvancements,net.minecraft.server.advancements,Directed,calls,1
net.minecraft.server.players,net.minecraft.core.component,Directed,calls,14
net.minecraft.server.players,com.mojang.blaze3d.platform,Directed,calls,5
net.minecraft.server.players,net.minecraft.world.phys,Directed,calls,3
net.minecraft.server.players,net.minecraft.client.multiplayer,Directed,calls,6
net.minecraft.server.players,net.minecraft.util.StringUtil,Directed,calls,3
net.minecraft.server.players,net.minecraft.core.UUIDUtil,Directed,calls,3
net.minecraft.server.players,net.minecraft.Util,Directed,calls,2
net.minecraft.server.players,net.minecraft.network.protocol,Directed,calls,15
net.minecraft.server.players,net.minecraft.core.NonNullList,Directed,calls,3
net.minecraft.server.players,net.minecraft.util.GsonHelper,Directed,calls,3
net.minecraft.server.players,net.minecraft.network.chat,Directed,calls,14
net.minecraft.server.players,net.minecraft.nbt.StringTag,Directed,calls,1
net.minecraft.server.players,net.minecraft.server.ServerFunctionLibrary,Directed,calls,3
net.minecraft.server.players,net.minecraft.server.packs,Directed,calls,1
net.minecraft.server.players,net.minecraft.server.MinecraftServer,Directed,calls,11
net.minecraft.server.players,net.minecraft.client.gui,Directed,calls,13
net.minecraft.server.players,net.minecraft.client.server,Directed,calls,1
net.minecraft.server.players,com.mojang.realmsclient.gui,Directed,calls,1
net.minecraft.server.players,net.minecraft.util.eventlog,Directed,calls,1
net.minecraft.server.players,net.neoforged.neoforge.common,Directed,calls,1
net.minecraft.server.players,net.minecraft.world.level,Directed,calls,20
net.minecraft.server.players,net.minecraft.world.entity,Directed,calls,28
net.minecraft.server.players,net.minecraft.server.level,Directed,calls,21
net.minecraft.server.players,net.minecraft.network.Connection,Directed,calls,3
net.minecraft.server.players,net.minecraft.network.RegistryFriendlyByteBuf,Directed,calls,1
net.minecraft.server.players,net.minecraft.client.player,Directed,calls,4
net.minecraft.server.players,net.minecraft.nbt.CompoundTag,Directed,calls,1
net.minecraft.server.players,net.minecraft.world.scores,Directed,calls,3
net.minecraft.server.players,net.minecraft.core.HolderSet,Directed,calls,1
net.minecraft.server.players,net.minecraft.server.ServerScoreboard,Directed,calls,1
net.minecraft.server.players,net.minecraft.client.renderer,Directed,calls,3
net.minecraft.server.players,net.minecraft.server.PlayerAdvancements,Directed,calls,2
net.minecraft.server.players,net.minecraft.world.flag,Directed,calls,2
net.minecraft.server.players,net.neoforged.neoforge.event,Directed,calls,2
net.minecraft.server.players,net.minecraft.core.BlockPos,Directed,calls,1
net.minecraft.server.players,com.mojang.realmsclient.client,Directed,calls,1
net.minecraft.server.players,net.minecraft.tags.TagNetworkSerialization,Directed,calls,1
net.minecraft.server.players,com.mojang.blaze3d.systems,Directed,calls,2
net.minecraft.server.players,net.minecraft.util.Mth,Directed,calls,1
net.minecraft.server.rcon,net.minecraft.world.phys,Directed,calls,1
net.minecraft.server.rcon,net.minecraft.world.level,Directed,calls,7
net.minecraft.server.rcon,net.minecraft.network.chat,Directed,calls,1
net.minecraft.server.rcon,net.minecraft.server.ServerInterface,Directed,calls,7
net.minecraft.server.rcon,net.minecraft.server.MinecraftServer,Directed,calls,1
net.minecraft.server.rcon,net.minecraft.network.protocol,Directed,calls,3
net.minecraft.server.rcon,net.minecraft.Util,Directed,calls,3
net.minecraft.server.rcon,net.minecraft.util.RandomSource,Directed,calls,1
net.minecraft.server.rcon,com.mojang.realmsclient.exception,Directed,calls,1
net.minecraft.server.ReloadableServerRegistries,net.minecraft.core.LayeredRegistryAccess,Directed,calls,3
net.minecraft.server.ReloadableServerRegistries,net.minecraft.client.telemetry,Directed,calls,2
net.minecraft.server.ReloadableServerRegistries,net.minecraft.Util,Directed,calls,1
net.minecraft.server.ReloadableServerRegistries,net.neoforged.neoforge.registries,Directed,calls,4
net.minecraft.server.ReloadableServerRegistries,net.minecraft.core.registries,Directed,calls,1
net.minecraft.server.ReloadableServerRegistries,net.minecraft.server.packs,Directed,calls,1
net.minecraft.server.ReloadableServerRegistries,net.minecraft.client.gui,Directed,calls,1
net.minecraft.server.ReloadableServerRegistries,net.neoforged.neoforge.common,Directed,calls,1
net.minecraft.server.ReloadableServerRegistries,net.minecraft.resources.ResourceKey,Directed,calls,1
net.minecraft.server.ReloadableServerRegistries,net.minecraft.core.RegistryAccess,Directed,calls,2
net.minecraft.server.ReloadableServerRegistries,net.minecraft.core.Registry,Directed,calls,1
net.minecraft.server.ReloadableServerResources,net.minecraft.commands.CommandBuildContext,Directed,calls,1
net.minecraft.server.ReloadableServerResources,net.minecraft.core.NonNullList,Directed,calls,2
net.minecraft.server.ReloadableServerResources,net.minecraft.server.ReloadableServerRegistries,Directed,calls,1
net.minecraft.server.ReloadableServerResources,net.minecraft.core.LayeredRegistryAccess,Directed,calls,2
net.minecraft.server.ReloadableServerResources,net.minecraft.server.packs,Directed,calls,1
net.minecraft.server.ReloadableServerResources,net.minecraft.world.level,Directed,calls,2
net.minecraft.server.ReloadableServerResources,net.minecraft.client.multiplayer,Directed,calls,1
net.minecraft.server.ReloadableServerResources,net.minecraft.core.RegistryAccess,Directed,calls,1
net.minecraft.server.ReloadableServerResources,net.minecraft.core.Registry,Directed,calls,1
net.minecraft.server.RunningOnDifferentThreadException,net.minecraft.CrashReportCategory,Directed,calls,2
net.minecraft.server.ServerAdvancementManager,net.minecraft.core.registries,Directed,calls,1
net.minecraft.server.ServerAdvancementManager,net.neoforged.neoforge.resource,Directed,calls,1
net.minecraft.server.ServerAdvancementManager,net.minecraft.client.telemetry,Directed,calls,2
net.minecraft.server.ServerAdvancementManager,com.mojang.realmsclient.exception,Directed,calls,1
net.minecraft.server.ServerAdvancementManager,com.mojang.blaze3d.vertex,Directed,calls,1
net.minecraft.server.ServerAdvancementManager,net.minecraft.advancements.TreeNodePosition,Directed,calls,1
net.minecraft.server.ServerFunctionLibrary,net.minecraft.client.main,Directed,calls,1
net.minecraft.server.ServerFunctionLibrary,net.minecraft.core.NonNullList,Directed,calls,1
net.minecraft.server.ServerFunctionLibrary,net.minecraft.resources.FileToIdConverter,Directed,calls,2
net.minecraft.server.ServerFunctionLibrary,net.minecraft.CrashReportCategory,Directed,calls,2
net.minecraft.server.ServerFunctionLibrary,net.minecraft.client.gui,Directed,calls,2
net.minecraft.server.ServerFunctionLibrary,net.minecraft.commands.functions,Directed,calls,1
net.minecraft.server.ServerFunctionLibrary,net.minecraft.client.telemetry,Directed,calls,2
net.minecraft.server.ServerFunctionLibrary,com.mojang.blaze3d.vertex,Directed,calls,1
net.minecraft.server.ServerFunctionLibrary,net.minecraft.server.packs,Directed,calls,1
net.minecraft.server.ServerFunctionLibrary,net.minecraft.client.renderer,Directed,calls,1
net.minecraft.server.ServerFunctionManager,net.minecraft.commands.functions,Directed,calls,3
net.minecraft.server.ServerFunctionManager,net.minecraft.commands.Commands,Directed,calls,1
net.minecraft.server.ServerFunctionManager,net.minecraft.commands.execution,Directed,calls,1
net.minecraft.server.ServerFunctionManager,net.minecraft.core.NonNullList,Directed,calls,1
net.minecraft.server.ServerLinks,net.minecraft.core.NonNullList,Directed,calls,1
net.minecraft.server.ServerLinks,net.minecraft.network.codec,Directed,calls,3
net.minecraft.server.ServerLinks,net.minecraft.network.chat,Directed,calls,1
net.minecraft.server.ServerScoreboard,net.minecraft.world.scores,Directed,calls,15
net.minecraft.server.ServerScoreboard,net.minecraft.client.main,Directed,calls,4
net.minecraft.server.ServerScoreboard,net.minecraft.network.protocol,Directed,calls,5
net.minecraft.server.ServerScoreboard,net.minecraft.util.thread,Directed,calls,1
net.minecraft.server.ServerScoreboard,net.minecraft.client.gui,Directed,calls,5
net.minecraft.server.ServerScoreboard,net.minecraft.resources.RegistryOps,Directed,calls,1
net.minecraft.server.ServerTickRateManager,net.minecraft.world.level,Directed,calls,2
net.minecraft.server.ServerTickRateManager,net.minecraft.world.TickRateManager,Directed,calls,1
net.minecraft.server.ServerTickRateManager,net.minecraft.network.chat,Directed,calls,1
net.minecraft.server.WorldLoader,net.minecraft.client.multiplayer,Directed,calls,1
net.minecraft.server.WorldLoader,net.minecraft.core.LayeredRegistryAccess,Directed,calls,3
net.minecraft.server.WorldLoader,net.minecraft.resources.RegistryDataLoader,Directed,calls,2
net.minecraft.server.WorldLoader,net.minecraft.server.ReloadableServerResources,Directed,calls,1
net.minecraft.server.WorldLoader,net.minecraft.server.MinecraftServer,Directed,calls,1
net.minecraft.SharedConstants,net.minecraft.DetectedVersion,Directed,calls,1
net.minecraft.SharedConstants,net.minecraft.world.level,Directed,calls,2
net.minecraft.sounds.SoundEvents,net.minecraft.core.Registry,Directed,calls,3
net.minecraft.sounds.SoundEvents,net.minecraft.sounds.SoundEvent,Directed,calls,3
net.minecraft.sounds.SoundEvents,net.minecraft.resources.ResourceLocation,Directed,calls,2
net.minecraft.sounds.SoundEvents,net.minecraft.world.level,Directed,calls,1
net.minecraft.stats.RecipeBook,net.minecraft.world.inventory,Directed,calls,1
net.minecraft.stats.RecipeBookSettings,net.minecraft.Util,Directed,calls,1
net.minecraft.stats.RecipeBookSettings,net.minecraft.client.telemetry,Directed,calls,4
net.minecraft.stats.RecipeBookSettings,net.minecraft.network.FriendlyByteBuf,Directed,calls,2
net.minecraft.stats.RecipeBookSettings,net.minecraft.client.gui,Directed,calls,3
net.minecraft.stats.RecipeBookSettings,net.minecraft.nbt.CompoundTag,Directed,calls,4
net.minecraft.stats.ServerRecipeBook,net.minecraft.stats.RecipeBook,Directed,calls,7
net.minecraft.stats.ServerRecipeBook,net.minecraft.client.gui,Directed,calls,3
net.minecraft.stats.ServerRecipeBook,net.minecraft.nbt.StringTag,Directed,calls,2
net.minecraft.stats.ServerRecipeBook,net.minecraft.stats.RecipeBookSettings,Directed,calls,1
net.minecraft.stats.ServerRecipeBook,net.minecraft.nbt.CompoundTag,Directed,calls,2
net.minecraft.stats.ServerRecipeBook,net.minecraft.resources.ResourceLocation,Directed,calls,1
net.minecraft.stats.ServerRecipeBook,net.minecraft.world.item,Directed,calls,1
net.minecraft.stats.ServerRecipeBook,net.minecraft.client.StringSplitter,Directed,calls,1
net.minecraft.stats.ServerStatsCounter,net.minecraft.server.MinecraftServer,Directed,calls,1
net.minecraft.stats.ServerStatsCounter,net.minecraft.nbt.NbtUtils,Directed,calls,1
net.minecraft.stats.ServerStatsCounter,net.minecraft.nbt.CompoundTag,Directed,calls,3
net.minecraft.stats.ServerStatsCounter,net.minecraft.Util,Directed,calls,2
net.minecraft.stats.ServerStatsCounter,net.minecraft.resources.ResourceLocation,Directed,calls,2
net.minecraft.stats.ServerStatsCounter,net.minecraft.client.main,Directed,calls,1
net.minecraft.stats.ServerStatsCounter,net.minecraft.stats.StatType,Directed,calls,1
net.minecraft.stats.ServerStatsCounter,net.minecraft.CrashReportCategory,Directed,calls,4
net.minecraft.stats.ServerStatsCounter,net.neoforged.neoforge.common,Directed,calls,1
net.minecraft.stats.ServerStatsCounter,net.minecraft.client.gui,Directed,calls,1
net.minecraft.stats.ServerStatsCounter,net.minecraft.stats.Stat,Directed,calls,4
net.minecraft.stats.ServerStatsCounter,net.minecraft.SharedConstants,Directed,calls,1
net.minecraft.stats.Stat,net.minecraft.stats.StatType,Directed,calls,1
net.minecraft.stats.Stat,net.minecraft.client.model,Directed,calls,1
net.minecraft.stats.Stat,net.minecraft.ChatFormatting,Directed,calls,3
net.minecraft.stats.StatFormatter,net.minecraft.Util,Directed,calls,1
net.minecraft.stats.StatFormatter,com.mojang.blaze3d.platform,Directed,calls,7
net.minecraft.stats.Stats,net.minecraft.resources.ResourceLocation,Directed,calls,1
net.minecraft.stats.Stats,net.minecraft.core.Registry,Directed,calls,2
net.minecraft.stats.Stats,net.minecraft.server.bossevents,Directed,calls,1
net.minecraft.stats.Stats,net.minecraft.network.chat,Directed,calls,1
net.minecraft.stats.StatsCounter,net.neoforged.neoforge.event,Directed,calls,1
net.minecraft.stats.StatsCounter,net.minecraft.network.chat,Directed,calls,1
net.minecraft.stats.StatsCounter,net.minecraft.client.telemetry,Directed,calls,1
net.minecraft.stats.StatsCounter,net.minecraft.stats.StatType,Directed,calls,1
net.minecraft.stats.StatType,net.minecraft.network.codec,Directed,calls,1
net.minecraft.stats.StatType,net.minecraft.core.Registry,Directed,calls,1
net.minecraft.SystemReport,net.minecraft.SharedConstants,Directed,calls,2
net.minecraft.SystemReport,com.mojang.blaze3d.platform,Directed,calls,1
net.minecraft.SystemReport,net.minecraft.nbt.StringTag,Directed,calls,4
net.minecraft.SystemReport,net.minecraft.Util,Directed,calls,1
net.minecraft.SystemReport,net.minecraft.client.gui,Directed,calls,1
net.minecraft.SystemReport,net.minecraft.server.dedicated,Directed,calls,2
net.minecraft.SystemReport,net.minecraft.server.level,Directed,calls,1
net.minecraft.SystemReport,net.minecraft.client.sounds,Directed,calls,1
net.minecraft.SystemReport,net.minecraft.server.packs,Directed,calls,3
net.minecraft.SystemReport,net.minecraft.commands.arguments,Directed,calls,1
net.minecraft.tags.BannerPatternTags,net.minecraft.client.multiplayer,Directed,calls,1
net.minecraft.tags.BannerPatternTags,net.minecraft.resources.ResourceLocation,Directed,calls,1
net.minecraft.tags.BiomeTags,net.minecraft.client.multiplayer,Directed,calls,1
net.minecraft.tags.BiomeTags,net.minecraft.resources.ResourceLocation,Directed,calls,1
net.minecraft.tags.BlockTags,net.minecraft.client.multiplayer,Directed,calls,2
net.minecraft.tags.BlockTags,net.minecraft.resources.ResourceLocation,Directed,calls,1
net.minecraft.tags.CatVariantTags,net.minecraft.client.multiplayer,Directed,calls,1
net.minecraft.tags.CatVariantTags,net.minecraft.resources.ResourceLocation,Directed,calls,1
net.minecraft.tags.DamageTypeTags,net.minecraft.client.multiplayer,Directed,calls,1
net.minecraft.tags.DamageTypeTags,net.minecraft.resources.ResourceLocation,Directed,calls,1
net.minecraft.tags.EnchantmentTags,net.minecraft.client.multiplayer,Directed,calls,1
net.minecraft.tags.EnchantmentTags,net.minecraft.resources.ResourceLocation,Directed,calls,1
net.minecraft.tags.EntityTypeTags,net.minecraft.client.multiplayer,Directed,calls,1
net.minecraft.tags.EntityTypeTags,net.minecraft.resources.ResourceLocation,Directed,calls,1
net.minecraft.tags.FlatLevelGeneratorPresetTags,net.minecraft.client.multiplayer,Directed,calls,1
net.minecraft.tags.FlatLevelGeneratorPresetTags,net.minecraft.resources.ResourceLocation,Directed,calls,1
net.minecraft.tags.FluidTags,net.minecraft.client.multiplayer,Directed,calls,2
net.minecraft.tags.FluidTags,net.minecraft.resources.ResourceLocation,Directed,calls,1
net.minecraft.tags.GameEventTags,net.minecraft.client.multiplayer,Directed,calls,1
net.minecraft.tags.GameEventTags,net.minecraft.resources.ResourceLocation,Directed,calls,1
net.minecraft.tags.InstrumentTags,net.minecraft.client.multiplayer,Directed,calls,1
net.minecraft.tags.InstrumentTags,net.minecraft.resources.ResourceLocation,Directed,calls,1
net.minecraft.tags.ItemTags,net.minecraft.client.multiplayer,Directed,calls,2
net.minecraft.tags.ItemTags,net.minecraft.resources.ResourceLocation,Directed,calls,1
net.minecraft.tags.PaintingVariantTags,net.minecraft.client.multiplayer,Directed,calls,1
net.minecraft.tags.PaintingVariantTags,net.minecraft.resources.ResourceLocation,Directed,calls,1
net.minecraft.tags.PoiTypeTags,net.minecraft.client.multiplayer,Directed,calls,1
net.minecraft.tags.PoiTypeTags,net.minecraft.resources.ResourceLocation,Directed,calls,1
net.minecraft.tags.StructureTags,net.minecraft.client.multiplayer,Directed,calls,1
net.minecraft.tags.StructureTags,net.minecraft.resources.ResourceLocation,Directed,calls,1
net.minecraft.tags.TagBuilder,net.minecraft.core.NonNullList,Directed,calls,1
net.minecraft.tags.TagBuilder,net.minecraft.tags.TagEntry,Directed,calls,4
net.minecraft.tags.TagEntry,net.minecraft.commands.arguments,Directed,calls,1
net.minecraft.tags.TagEntry,net.minecraft.advancements.critereon,Directed,calls,1
net.minecraft.tags.TagEntry,net.minecraft.client.StringSplitter,Directed,calls,1
net.minecraft.tags.TagEntry,net.minecraft.network.ProtocolInfo,Directed,calls,2
net.minecraft.tags.TagLoader,net.minecraft.resources.FileToIdConverter,Directed,calls,3
net.minecraft.tags.TagLoader,net.minecraft.CrashReportCategory,Directed,calls,2
net.minecraft.tags.TagLoader,net.minecraft.server.packs,Directed,calls,3
net.minecraft.tags.TagLoader,net.minecraft.client.gui,Directed,calls,6
net.minecraft.tags.TagLoader,net.minecraft.core.NonNullList,Directed,calls,2
net.minecraft.tags.TagLoader,net.minecraft.tags.TagEntry,Directed,calls,1
net.minecraft.tags.TagLoader,com.mojang.realmsclient.gui,Directed,calls,1
net.minecraft.tags.TagLoader,net.minecraft.util.DependencySorter,Directed,calls,1
net.minecraft.tags.TagManager,net.neoforged.neoforge.common,Directed,calls,1
net.minecraft.tags.TagManager,net.minecraft.core.HolderSet,Directed,calls,1
net.minecraft.tags.TagManager,net.minecraft.core.registries,Directed,calls,1
net.minecraft.tags.TagManager,net.minecraft.tags.TagLoader,Directed,calls,1
net.minecraft.tags.TagNetworkSerialization,net.minecraft.core.RegistrySynchronization,Directed,calls,1
net.minecraft.tags.TagNetworkSerialization,net.minecraft.Util,Directed,calls,1
net.minecraft.tags.TagNetworkSerialization,net.minecraft.core.Registry,Directed,calls,4
net.minecraft.tags.TagNetworkSerialization,net.minecraft.core.Holder,Directed,calls,2
net.minecraft.tags.TagNetworkSerialization,net.minecraft.client.gui,Directed,calls,2
net.minecraft.tags.TagNetworkSerialization,net.minecraft.client.multiplayer,Directed,calls,1
net.minecraft.tags.WorldPresetTags,net.minecraft.client.multiplayer,Directed,calls,1
net.minecraft.tags.WorldPresetTags,net.minecraft.resources.ResourceLocation,Directed,calls,1
net.minecraft.util.AbortableIterationConsumer,net.minecraft.client.StringSplitter,Directed,calls,1
net.minecraft.util.ArrayListDeque,net.minecraft.advancements.critereon,Directed,calls,1
net.minecraft.util.ByIdMap,net.minecraft.util.Mth,Directed,calls,2
net.minecraft.util.ClassInstanceMultiMap,net.minecraft.CrashReportCategory,Directed,calls,4
net.minecraft.util.ClassInstanceMultiMap,net.minecraft.client.gui,Directed,calls,1
net.minecraft.util.ClassInstanceMultiMap,net.minecraft.Util,Directed,calls,1
net.minecraft.util.ClassInstanceMultiMap,net.minecraft.core.NonNullList,Directed,calls,1
net.minecraft.util.CrudeIncrementalIntIdentityHashBiMap,net.minecraft.util.Mth,Directed,calls,1
net.minecraft.util.Crypt,net.neoforged.neoforge.items,Directed,calls,1
net.minecraft.util.Crypt,net.minecraft.network.FriendlyByteBuf,Directed,calls,1
net.minecraft.util.Crypt,net.minecraft.server.rcon,Directed,calls,1
net.minecraft.util.Crypt,net.minecraft.util.RandomSource,Directed,calls,1
net.minecraft.util.CsvOutput,net.minecraft.network.codec,Directed,calls,1
net.minecraft.util.CsvOutput,net.minecraft.data.models,Directed,calls,1
net.minecraft.util.CubicSampler,net.minecraft.util.Mth,Directed,calls,6
net.minecraft.util.CubicSampler,net.minecraft.world.phys,Directed,calls,2
net.minecraft.util.CubicSpline,net.minecraft.client.gui,Directed,calls,2
net.minecraft.util.CubicSpline,net.minecraft.util.ExtraCodecs,Directed,calls,1
net.minecraft.util.CubicSpline,net.neoforged.neoforge.common,Directed,calls,1
net.minecraft.util.CubicSpline,net.minecraft.world.level,Directed,calls,2
net.minecraft.util.CubicSpline,net.minecraft.util.random,Directed,calls,1
net.minecraft.util.CubicSpline,com.mojang.blaze3d.vertex,Directed,calls,2
net.minecraft.util.CubicSpline,net.minecraft.network.codec,Directed,calls,1
net.minecraft.util.CubicSpline,net.minecraft.core.NonNullList,Directed,calls,1
net.minecraft.util.CubicSpline,net.minecraft.util.Mth,Directed,calls,3
net.minecraft.util.CubicSpline,net.minecraft.client.model,Directed,calls,1
net.minecraft.util.datafix,net.minecraft.nbt.NbtOps,Directed,calls,23
net.minecraft.util.datafix,net.minecraft.util.GsonHelper,Directed,calls,4
net.minecraft.util.datafix,net.minecraft.commands.arguments,Directed,calls,48
net.minecraft.util.datafix,net.minecraft.server.players,Directed,calls,28
net.minecraft.util.datafix,net.minecraft.client.StringSplitter,Directed,calls,2
net.minecraft.util.datafix,net.minecraft.client.multiplayer,Directed,calls,2
net.minecraft.util.datafix,net.minecraft.SharedConstants,Directed,calls,2
net.minecraft.util.datafix,net.minecraft.world.flag,Directed,calls,4
net.minecraft.util.datafix,net.minecraft.client.telemetry,Directed,calls,21
net.minecraft.util.datafix,net.minecraft.Util,Directed,calls,25
net.minecraft.util.datafix,net.minecraft.core.component,Directed,calls,26
net.minecraft.util.datafix,net.minecraft.network.codec,Directed,calls,23
net.minecraft.util.datafix,com.mojang.math.Transformation,Directed,calls,13
net.minecraft.util.datafix,net.minecraft.network.chat,Directed,calls,4
net.minecraft.util.datafix,net.neoforged.neoforge.client,Directed,calls,29
net.minecraft.util.datafix,net.minecraft.network.protocol,Directed,calls,1
net.minecraft.util.datafix,com.mojang.blaze3d.vertex,Directed,calls,6
net.minecraft.util.datafix,net.minecraft.util.parsing,Directed,calls,38
net.minecraft.util.datafix,net.minecraft.world.level,Directed,calls,48
net.minecraft.util.datafix,net.minecraft.core.RegistrySetBuilder,Directed,calls,93
net.minecraft.util.datafix,net.minecraft.nbt.ByteArrayTag,Directed,calls,72
net.minecraft.util.datafix,net.minecraft.client.gui,Directed,calls,229
net.minecraft.util.datafix,net.minecraft.util.random,Directed,calls,6
net.minecraft.util.datafix,com.mojang.realmsclient.gui,Directed,calls,23
net.minecraft.util.datafix,net.minecraft.util.Mth,Directed,calls,9
net.minecraft.util.datafix,net.minecraft.core.SectionPos,Directed,calls,2
net.minecraft.util.datafix,net.minecraft.core.HolderSet,Directed,calls,12
net.minecraft.util.datafix,net.minecraft.CrashReportCategory,Directed,calls,20
net.minecraft.util.datafix,net.neoforged.neoforge.server,Directed,calls,7
net.minecraft.util.datafix,net.minecraft.nbt.TagParser,Directed,calls,2
net.minecraft.util.datafix,net.minecraft.server.level,Directed,calls,2
net.minecraft.util.datafix,net.minecraft.server.packs,Directed,calls,14
net.minecraft.util.datafix,net.minecraft.client.renderer,Directed,calls,3
net.minecraft.util.datafix,net.minecraft.nbt.StringTag,Directed,calls,5
net.minecraft.util.datafix,net.minecraft.core.Direction,Directed,calls,3
net.minecraft.util.datafix,mcp.client.Start,Directed,calls,4
net.minecraft.util.datafix,net.minecraft.util.ArrayListDeque,Directed,calls,16
net.minecraft.util.datafix,com.mojang.blaze3d.platform,Directed,calls,2
net.minecraft.util.datafix,net.minecraft.core.NonNullList,Directed,calls,3
net.minecraft.util.datafix,net.minecraft.util.RandomSource,Directed,calls,1
net.minecraft.util.datafix,net.minecraft.world.item,Directed,calls,3
net.minecraft.util.datafix,net.neoforged.neoforge.common,Directed,calls,3
net.minecraft.util.datafix,net.minecraft.world.entity,Directed,calls,4
net.minecraft.util.datafix,net.minecraft.client.main,Directed,calls,1
net.minecraft.util.datafix,net.minecraft.util.ClassInstanceMultiMap,Directed,calls,1
net.minecraft.util.datafix,net.minecraft.stats.RecipeBookSettings,Directed,calls,1
net.minecraft.util.datafix,net.minecraft.network.FriendlyByteBuf,Directed,calls,8
net.minecraft.util.datafix,net.minecraft.world.InteractionResultHolder,Directed,calls,1
net.minecraft.util.datafix,net.minecraft.resources.DelegatingOps,Directed,calls,1
net.minecraft.util.datafix,net.minecraft.resources.ResourceLocation,Directed,calls,2
net.minecraft.util.datafix,net.minecraft.core.registries,Directed,calls,102
net.minecraft.util.DebugBuffer,net.minecraft.util.random,Directed,calls,1
net.minecraft.util.DebugBuffer,com.mojang.blaze3d.vertex,Directed,calls,2
net.minecraft.util.debugchart,net.minecraft.client.telemetry,Directed,calls,1
net.minecraft.util.debugchart,net.minecraft.world.entity,Directed,calls,1
net.minecraft.util.debugchart,net.minecraft.Util,Directed,calls,1
net.minecraft.util.DependencySorter,net.minecraft.world.level,Directed,calls,2
net.minecraft.util.DependencySorter,net.minecraft.util.CrudeIncrementalIntIdentityHashBiMap,Directed,calls,1
net.minecraft.util.DirectoryLock,net.minecraft.server.packs,Directed,calls,3
net.minecraft.util.DirectoryLock,net.minecraft.FileUtil,Directed,calls,1
net.minecraft.util.DirectoryLock,net.minecraft.network.FriendlyByteBuf,Directed,calls,1
net.minecraft.util.DirectoryLock,net.minecraft.world.level,Directed,calls,1
net.minecraft.util.EncoderCache,net.minecraft.network.chat,Directed,calls,1
net.minecraft.util.EncoderCache,net.minecraft.nbt.Tag,Directed,calls,1
net.minecraft.util.eventlog,net.minecraft.server.packs,Directed,calls,1
net.minecraft.util.eventlog,net.minecraft.world.level,Directed,calls,1
net.minecraft.util.eventlog,net.minecraft.world.entity,Directed,calls,1
net.minecraft.util.eventlog,net.minecraft.core.HolderSet,Directed,calls,1
net.minecraft.util.eventlog,net.minecraft.commands.arguments,Directed,calls,1
net.minecraft.util.eventlog,net.minecraft.stats.StatFormatter,Directed,calls,1
net.minecraft.util.eventlog,net.minecraft.network.protocol,Directed,calls,1
net.minecraft.util.ExtraCodecs,net.minecraft.Util,Directed,calls,1
net.minecraft.util.ExtraCodecs,net.minecraft.core.NonNullList,Directed,calls,1
net.minecraft.util.ExtraCodecs,net.minecraft.client.gui,Directed,calls,1
net.minecraft.util.ExtraCodecs,net.minecraft.network.codec,Directed,calls,5
net.minecraft.util.ExtraCodecs,net.minecraft.server.level,Directed,calls,14
net.minecraft.util.ExtraCodecs,net.minecraft.client.main,Directed,calls,1
net.minecraft.util.ExtraCodecs,net.minecraft.world.InteractionResultHolder,Directed,calls,11
net.minecraft.util.ExtraCodecs,net.minecraft.resources.DelegatingOps,Directed,calls,4
net.minecraft.util.ExtraCodecs,net.minecraft.util.ArrayListDeque,Directed,calls,4
net.minecraft.util.ExtraCodecs,net.minecraft.network.chat,Directed,calls,4
net.minecraft.util.ExtraCodecs,com.mojang.realmsclient.exception,Directed,calls,1
net.minecraft.util.ExtraCodecs,net.minecraft.commands.arguments,Directed,calls,1
net.minecraft.util.ExtraCodecs,net.minecraft.util.Crypt,Directed,calls,1
net.minecraft.util.ExtraCodecs,net.minecraft.client.telemetry,Directed,calls,2
net.minecraft.util.ExtraCodecs,net.neoforged.neoforge.common,Directed,calls,2
net.minecraft.util.ExtraCodecs,com.mojang.blaze3d.vertex,Directed,calls,1
net.minecraft.util.ExtraCodecs,net.minecraft.nbt.NbtOps,Directed,calls,2
net.minecraft.util.FastColor,net.minecraft.util.Mth,Directed,calls,5
net.minecraft.util.FileZipper,net.minecraft.server.packs,Directed,calls,7
net.minecraft.util.FileZipper,net.minecraft.commands.arguments,Directed,calls,3
net.minecraft.util.FileZipper,net.minecraft.world.level,Directed,calls,1
net.minecraft.util.FormattedCharSequence,net.minecraft.util.StringDecomposer,Directed,calls,4
net.minecraft.util.FormattedCharSequence,net.minecraft.client.StringSplitter,Directed,calls,1
net.minecraft.util.FormattedCharSequence,net.minecraft.core.NonNullList,Directed,calls,2
net.minecraft.util.FutureChain,net.minecraft.client.StringSplitter,Directed,calls,1
net.minecraft.util.Graph,net.minecraft.core.HolderSet,Directed,calls,1
net.minecraft.util.Graph,net.minecraft.client.renderer,Directed,calls,1
net.minecraft.util.Graph,net.minecraft.world.flag,Directed,calls,1
net.minecraft.util.Graph,net.minecraft.commands.arguments,Directed,calls,1
net.minecraft.util.Graph,net.minecraft.core.NonNullList,Directed,calls,1
net.minecraft.util.GsonHelper,net.minecraft.resources.ResourceLocation,Directed,calls,1
net.minecraft.util.GsonHelper,net.minecraft.nbt.StringTag,Directed,calls,1
net.minecraft.util.GsonHelper,net.neoforged.neoforge.common,Directed,calls,2
net.minecraft.util.GsonHelper,net.minecraft.CrashReportCategory,Directed,calls,2
net.minecraft.util.HttpUtil,net.minecraft.world.level,Directed,calls,1
net.minecraft.util.HttpUtil,net.minecraft.FileUtil,Directed,calls,1
net.minecraft.util.HttpUtil,com.mojang.realmsclient.util,Directed,calls,1
net.minecraft.util.HttpUtil,com.mojang.realmsclient.client,Directed,calls,1
net.minecraft.util.HttpUtil,net.minecraft.server.packs,Directed,calls,1
net.minecraft.util.HttpUtil,net.minecraft.client.sounds,Directed,calls,1
net.minecraft.util.ListAndDeque,net.minecraft.util.ArrayListDeque,Directed,calls,3
net.minecraft.util.LowerCaseEnumTypeAdapterFactory,net.minecraft.client.gui,Directed,calls,2
net.minecraft.util.LowerCaseEnumTypeAdapterFactory,com.mojang.realmsclient.dto,Directed,calls,1
net.minecraft.util.ModCheck,net.minecraft.client.resources,Directed,calls,1
net.minecraft.util.Mth,net.minecraft.util.RandomSource,Directed,calls,9
net.minecraft.util.Mth,net.minecraft.core.BlockPos,Directed,calls,3
net.minecraft.util.Mth,net.minecraft.commands.arguments,Directed,calls,1
net.minecraft.util.Mth,net.minecraft.util.StringDecomposer,Directed,calls,1
net.minecraft.util.NativeModuleLister,net.minecraft.core.NonNullList,Directed,calls,1
net.minecraft.util.NativeModuleLister,net.minecraft.util.random,Directed,calls,1
net.minecraft.util.NativeModuleLister,com.mojang.blaze3d.vertex,Directed,calls,2
net.minecraft.util.NativeModuleLister,net.minecraft.world.level,Directed,calls,1
net.minecraft.util.NativeModuleLister,net.minecraft.util.valueproviders,Directed,calls,2
net.minecraft.util.NativeModuleLister,net.minecraft.nbt.CompoundTag,Directed,calls,1
net.minecraft.util.NativeModuleLister,net.minecraft.CrashReportCategory,Directed,calls,1
net.minecraft.util.NullOps,net.minecraft.nbt.NbtOps,Directed,calls,1
net.minecraft.util.NullOps,net.minecraft.server.level,Directed,calls,11
net.minecraft.util.NullOps,net.minecraft.world.InteractionResultHolder,Directed,calls,6
net.minecraft.util.OptionEnum,net.minecraft.network.chat,Directed,calls,1
net.minecraft.util.parsing,net.minecraft.world.level,Directed,calls,2
net.minecraft.util.parsing,net.minecraft.client.multiplayer,Directed,calls,1
net.minecraft.util.parsing,net.minecraft.client.gui,Directed,calls,2
net.minecraft.util.parsing,com.mojang.realmsclient.gui,Directed,calls,1
net.minecraft.util.parsing,net.minecraft.commands.SharedSuggestionProvider,Directed,calls,2
net.minecraft.util.parsing,net.minecraft.resources.ResourceLocation,Directed,calls,1
net.minecraft.util.parsing,net.minecraft.network.codec,Directed,calls,2
net.minecraft.util.parsing,net.minecraft.nbt.StringTag,Directed,calls,1
net.minecraft.util.parsing,net.minecraft.core.NonNullList,Directed,calls,2
net.minecraft.util.ParticleUtils,net.minecraft.server.packs,Directed,calls,1
net.minecraft.util.ParticleUtils,net.minecraft.util.Mth,Directed,calls,14
net.minecraft.util.ParticleUtils,net.minecraft.world.phys,Directed,calls,2
net.minecraft.util.ParticleUtils,net.minecraft.world.level,Directed,calls,20
net.minecraft.util.ParticleUtils,net.minecraft.core.Direction,Directed,calls,3
net.minecraft.util.ParticleUtils,net.minecraft.core.BlockPos,Directed,calls,8
net.minecraft.util.ParticleUtils,net.minecraft.util.RandomSource,Directed,calls,2
net.minecraft.util.ProblemReporter,net.minecraft.util.CrudeIncrementalIntIdentityHashBiMap,Directed,calls,1
net.minecraft.util.profiling,net.minecraft.Util,Directed,calls,11
net.minecraft.util.profiling,net.minecraft.server.packs,Directed,calls,12
net.minecraft.util.profiling,net.minecraft.client.renderer,Directed,calls,1
net.minecraft.util.profiling,net.minecraft.client.gui,Directed,calls,23
net.minecraft.util.profiling,com.mojang.realmsclient.gui,Directed,calls,1
net.minecraft.util.profiling,net.minecraft.network.protocol,Directed,calls,1
net.minecraft.util.profiling,net.minecraft.core.NonNullList,Directed,calls,1
net.minecraft.util.profiling,net.minecraft.SharedConstants,Directed,calls,2
net.minecraft.util.profiling,net.minecraft.core.component,Directed,calls,3
net.minecraft.util.profiling,net.minecraft.world.level,Directed,calls,18
net.minecraft.util.profiling,net.minecraft.world.flag,Directed,calls,1
net.minecraft.util.profiling,net.minecraft.client.server,Directed,calls,1
net.minecraft.util.profiling,net.minecraft.client.multiplayer,Directed,calls,3
net.minecraft.util.profiling,com.mojang.blaze3d.systems,Directed,calls,1
net.minecraft.util.profiling,net.minecraft.DetectedVersion,Directed,calls,1
net.minecraft.util.profiling,net.minecraft.util.ArrayListDeque,Directed,calls,4
net.minecraft.util.profiling,net.minecraft.stats.StatFormatter,Directed,calls,1
net.minecraft.util.profiling,com.mojang.realmsclient.client,Directed,calls,2
net.minecraft.util.profiling,net.minecraft.FileUtil,Directed,calls,1
net.minecraft.util.profiling,net.minecraft.core.particles,Directed,calls,1
net.minecraft.util.profiling,net.minecraft.network.ConnectionProtocol,Directed,calls,2
net.minecraft.util.profiling,net.minecraft.network.ClientboundPacketListener,Directed,calls,2
net.minecraft.util.profiling,net.minecraft.client.telemetry,Directed,calls,2
net.minecraft.util.profiling,net.neoforged.neoforge.event,Directed,calls,3
net.minecraft.util.profiling,com.mojang.blaze3d.vertex,Directed,calls,5
net.minecraft.util.profiling,net.minecraft.network.codec,Directed,calls,2
net.minecraft.util.profiling,net.minecraft.core.HolderSet,Directed,calls,5
net.minecraft.util.profiling,net.minecraft.server.rcon,Directed,calls,1
net.minecraft.util.profiling,net.minecraft.server.Bootstrap,Directed,calls,2
net.minecraft.util.profiling,net.minecraft.SystemReport,Directed,calls,1
net.minecraft.util.profiling,net.minecraft.util.CsvOutput,Directed,calls,2
net.minecraft.util.profiling,net.minecraft.nbt.StringTag,Directed,calls,2
net.minecraft.util.profiling,mcp.client.Start,Directed,calls,1
net.minecraft.util.profiling,net.minecraft.server.commands,Directed,calls,1
net.minecraft.util.random,net.minecraft.util.ExtraCodecs,Directed,calls,1
net.minecraft.util.random,net.minecraft.core.NonNullList,Directed,calls,5
net.minecraft.util.random,net.minecraft.Util,Directed,calls,2
net.minecraft.util.random,net.minecraft.client.gui,Directed,calls,1
net.minecraft.util.random,net.minecraft.util.RandomSource,Directed,calls,2
net.minecraft.util.random,net.neoforged.neoforge.common,Directed,calls,1
net.minecraft.util.RandomSource,net.minecraft.world.level,Directed,calls,2
net.minecraft.util.RandomSource,net.minecraft.commands.arguments,Directed,calls,1
net.minecraft.util.SegmentedAnglePrecision,net.minecraft.client.gui,Directed,calls,1
net.minecraft.util.SegmentedAnglePrecision,net.minecraft.core.Direction,Directed,calls,1
net.minecraft.util.SequencedPriorityIterator,net.minecraft.util.ArrayListDeque,Directed,calls,1
net.minecraft.util.SequencedPriorityIterator,net.minecraft.CrashReportCategory,Directed,calls,1
net.minecraft.util.SignatureValidator,net.minecraft.data.structures,Directed,calls,1
net.minecraft.util.SimpleBitStorage,net.minecraft.client.StringSplitter,Directed,calls,1
net.minecraft.util.SmoothDouble,net.minecraft.util.Mth,Directed,calls,1
net.minecraft.util.SortedArraySet,net.minecraft.util.Mth,Directed,calls,1
net.minecraft.util.SpawnUtil,net.minecraft.core.BlockPos,Directed,calls,3
net.minecraft.util.SpawnUtil,net.minecraft.util.Mth,Directed,calls,2
net.minecraft.util.SpawnUtil,net.minecraft.world.level,Directed,calls,5
net.minecraft.util.SpawnUtil,net.minecraft.world.entity,Directed,calls,1
net.minecraft.util.StringDecomposer,net.minecraft.client.StringSplitter,Directed,calls,18
net.minecraft.util.StringDecomposer,net.minecraft.ChatFormatting,Directed,calls,1
net.minecraft.util.StringDecomposer,net.minecraft.network.chat,Directed,calls,1
net.minecraft.util.StringDecomposer,net.minecraft.nbt.TextComponentTagVisitor,Directed,calls,1
net.minecraft.util.StringRepresentable,net.minecraft.server.packs,Directed,calls,1
net.minecraft.util.StringRepresentable,net.minecraft.Util,Directed,calls,2
net.minecraft.util.StringRepresentable,net.minecraft.util.Crypt,Directed,calls,2
net.minecraft.util.StringRepresentable,net.minecraft.client.gui,Directed,calls,1
net.minecraft.util.StringRepresentable,net.minecraft.util.ExtraCodecs,Directed,calls,2
net.minecraft.util.StringUtil,net.minecraft.util.Mth,Directed,calls,1
net.minecraft.util.StringUtil,net.minecraft.data.worldgen,Directed,calls,1
net.minecraft.util.StringUtil,net.minecraft.network.chat,Directed,calls,2
net.minecraft.util.TaskChainer,com.mojang.realmsclient.util,Directed,calls,1
net.minecraft.util.thread,net.minecraft.server.packs,Directed,calls,1
net.minecraft.util.thread,com.mojang.realmsclient.util,Directed,calls,5
net.minecraft.util.thread,net.minecraft.core.NonNullList,Directed,calls,2
net.minecraft.util.thread,net.minecraft.util.profiling,Directed,calls,2
net.minecraft.util.thread,net.minecraft.Util,Directed,calls,1
net.minecraft.util.ThreadingDetector,net.minecraft.network.codec,Directed,calls,1
net.minecraft.util.TimeSource,net.minecraft.util.GsonHelper,Directed,calls,1
net.minecraft.util.TimeUtil,net.minecraft.util.valueproviders,Directed,calls,1
net.minecraft.util.valueproviders,net.minecraft.util.RandomSource,Directed,calls,4
net.minecraft.util.valueproviders,net.minecraft.util.Mth,Directed,calls,7
net.minecraft.util.valueproviders,net.minecraft.server.level,Directed,calls,4
net.minecraft.util.valueproviders,net.minecraft.world.InteractionResultHolder,Directed,calls,2
net.minecraft.util.valueproviders,net.minecraft.core.Registry,Directed,calls,2
net.minecraft.util.valueproviders,net.minecraft.util.datafix,Directed,calls,2
net.minecraft.util.worldupdate,net.minecraft.core.RegistryAccess,Directed,calls,1
net.minecraft.util.worldupdate,net.minecraft.util.thread,Directed,calls,1
net.minecraft.util.worldupdate,net.minecraft.network.chat,Directed,calls,1
net.minecraft.util.worldupdate,net.minecraft.Util,Directed,calls,2
net.minecraft.util.worldupdate,net.minecraft.world.level,Directed,calls,11
net.minecraft.util.worldupdate,net.minecraft.server.packs,Directed,calls,6
net.minecraft.util.worldupdate,net.minecraft.client.gui,Directed,calls,3
net.minecraft.util.worldupdate,net.minecraft.core.HolderSet,Directed,calls,1
net.minecraft.util.worldupdate,net.neoforged.neoforge.common,Directed,calls,1
net.minecraft.util.worldupdate,net.minecraft.core.NonNullList,Directed,calls,1
net.minecraft.util.worldupdate,net.minecraft.core.registries,Directed,calls,1
net.minecraft.util.worldupdate,net.minecraft.SharedConstants,Directed,calls,2
net.minecraft.util.ZeroBitStorage,net.minecraft.client.StringSplitter,Directed,calls,1
net.minecraft.Util,net.minecraft.world.level,Directed,calls,1
net.minecraft.Util,com.mojang.realmsclient.client,Directed,calls,4
net.minecraft.Util,net.minecraft.stats.StatFormatter,Directed,calls,1
net.minecraft.Util,net.minecraft.util.Mth,Directed,calls,1
net.minecraft.Util,net.minecraft.ChatFormatting,Directed,calls,2
net.minecraft.Util,com.mojang.blaze3d.platform,Directed,calls,1
net.minecraft.Util,net.minecraft.server.Bootstrap,Directed,calls,1
net.minecraft.Util,net.minecraft.util.datafix,Directed,calls,1
net.minecraft.Util,net.minecraft.SharedConstants,Directed,calls,1
net.minecraft.Util,com.mojang.realmsclient.util,Directed,calls,1
net.minecraft.Util,net.minecraft.core.Registry,Directed,calls,1
net.minecraft.Util,net.minecraft.client.gui,Directed,calls,19
net.minecraft.Util,net.minecraft.server.packs,Directed,calls,5
net.minecraft.Util,net.minecraft.util.ArrayListDeque,Directed,calls,9
net.minecraft.Util,net.minecraft.client.StringSplitter,Directed,calls,7
net.minecraft.Util,net.minecraft.core.NonNullList,Directed,calls,1
net.minecraft.Util,com.mojang.math.Transformation,Directed,calls,2
net.minecraft.Util,net.minecraft.util.RandomSource,Directed,calls,5
net.minecraft.Util,net.minecraft.world.entity,Directed,calls,2
net.minecraft.Util,net.minecraft.server.level,Directed,calls,6
net.minecraft.Util,net.minecraft.world.InteractionResultHolder,Directed,calls,3
net.minecraft.Util,net.minecraft.server.rcon,Directed,calls,1
net.minecraft.Util,com.mojang.blaze3d.vertex,Directed,calls,1
net.minecraft.Util,net.minecraft.commands.arguments,Directed,calls,1
net.minecraft.Util,net.minecraft.advancements.critereon,Directed,calls,1
net.minecraft.Util,net.minecraft.util.thread,Directed,calls,1
net.minecraft.Util,net.minecraft.CrashReport,Directed,calls,1
net.minecraft.Util,net.minecraft.core.component,Directed,calls,1
net.minecraft.world.BossEvent,net.minecraft.world.level,Directed,calls,2
net.minecraft.world.Container,net.minecraft.client.gui,Directed,calls,1
net.minecraft.world.Container,net.minecraft.core.HolderSet,Directed,calls,1
net.minecraft.world.Container,net.minecraft.advancements.critereon,Directed,calls,1
net.minecraft.world.Container,net.minecraft.world.level,Directed,calls,3
net.minecraft.world.Container,net.minecraft.world.entity,Directed,calls,1
net.minecraft.world.ContainerHelper,net.minecraft.nbt.CompoundTag,Directed,calls,3
net.minecraft.world.ContainerHelper,net.minecraft.world.item,Directed,calls,6
net.minecraft.world.ContainerHelper,net.minecraft.world.Container,Directed,calls,3
net.minecraft.world.ContainerHelper,net.minecraft.advancements.critereon,Directed,calls,1
net.minecraft.world.Containers,net.minecraft.core.BlockPos,Directed,calls,6
net.minecraft.world.Containers,net.minecraft.commands.arguments,Directed,calls,5
net.minecraft.world.Containers,net.minecraft.world.entity,Directed,calls,2
net.minecraft.world.Containers,net.minecraft.util.ArrayListDeque,Directed,calls,1
net.minecraft.world.Containers,net.minecraft.world.item,Directed,calls,2
net.minecraft.world.Containers,net.minecraft.server.level,Directed,calls,1
net.minecraft.world.Containers,net.minecraft.world.level,Directed,calls,3
net.minecraft.world.damagesource,net.minecraft.util.Mth,Directed,calls,3
net.minecraft.world.damagesource,net.minecraft.world.entity,Directed,calls,13
net.minecraft.world.damagesource,net.minecraft.world.item,Directed,calls,1
net.minecraft.world.damagesource,net.minecraft.commands.CommandSourceStack,Directed,calls,1
net.minecraft.world.damagesource,net.minecraft.network.chat,Directed,calls,12
net.minecraft.world.damagesource,net.minecraft.core.component,Directed,calls,1
net.minecraft.world.damagesource,net.minecraft.core.RegistryAccess,Directed,calls,1
net.minecraft.world.damagesource,net.minecraft.world.level,Directed,calls,10
net.minecraft.world.damagesource,net.minecraft.client.gui,Directed,calls,1
net.minecraft.world.damagesource,net.minecraft.resources.RegistryFixedCodec,Directed,calls,1
net.minecraft.world.damagesource,net.minecraft.network.codec,Directed,calls,1
net.minecraft.world.damagesource,net.minecraft.resources.ResourceKey,Directed,calls,47
net.minecraft.world.damagesource,net.minecraft.resources.ResourceLocation,Directed,calls,47
net.minecraft.world.damagesource,net.minecraft.data.worldgen,Directed,calls,38
net.minecraft.world.Difficulty,net.minecraft.network.chat,Directed,calls,2
net.minecraft.world.Difficulty,net.minecraft.util.StringRepresentable,Directed,calls,1
net.minecraft.world.DifficultyInstance,net.minecraft.util.Mth,Directed,calls,3
net.minecraft.world.DifficultyInstance,net.minecraft.world.Difficulty,Directed,calls,1
net.minecraft.world.effect,net.minecraft.world.entity,Directed,calls,45
net.minecraft.world.effect,net.minecraft.server.level,Directed,calls,10
net.minecraft.world.effect,net.minecraft.network.protocol,Directed,calls,4
net.minecraft.world.effect,net.minecraft.commands.arguments,Directed,calls,9
net.minecraft.world.effect,net.minecraft.util.Mth,Directed,calls,6
net.minecraft.world.effect,net.minecraft.world.level,Directed,calls,8
net.minecraft.world.effect,net.minecraft.core.particles,Directed,calls,1
net.minecraft.world.effect,net.minecraft.Util,Directed,calls,1
net.minecraft.world.effect,net.minecraft.network.chat,Directed,calls,3
net.minecraft.world.effect,net.minecraft.client.gui,Directed,calls,2
net.minecraft.world.effect,net.minecraft.CrashReportCategory,Directed,calls,5
net.minecraft.world.effect,net.minecraft.util.profiling,Directed,calls,1
net.minecraft.world.effect,net.minecraft.client.main,Directed,calls,1
net.minecraft.world.effect,net.minecraft.util.thread,Directed,calls,1
net.minecraft.world.effect,net.minecraft.client.renderer,Directed,calls,3
net.minecraft.world.effect,net.minecraft.core.Registry,Directed,calls,2
net.minecraft.world.effect,net.minecraft.resources.ResourceLocation,Directed,calls,1
net.minecraft.world.effect,net.minecraft.util.StringUtil,Directed,calls,1
net.minecraft.world.effect,net.minecraft.util.ArrayListDeque,Directed,calls,1
net.minecraft.world.effect,net.minecraft.core.BlockPos,Directed,calls,1
net.minecraft.world.effect,net.minecraft.core.HolderSet,Directed,calls,2
net.minecraft.world.effect,net.minecraft.client.multiplayer,Directed,calls,1
net.minecraft.world.entity,net.minecraft.world.level,Directed,calls,609
net.minecraft.world.entity,net.minecraft.client.telemetry,Directed,calls,210
net.minecraft.world.entity,net.minecraft.nbt.CompoundTag,Directed,calls,900
net.minecraft.world.entity,net.minecraft.core.component,Directed,calls,35
net.minecraft.world.entity,net.minecraft.commands.arguments,Directed,calls,19
net.minecraft.world.entity,net.neoforged.neoforge.fluids,Directed,calls,13
net.minecraft.world.entity,net.minecraft.nbt.NbtOps,Directed,calls,5
net.minecraft.world.entity,net.minecraft.resources.ResourceLocation,Directed,calls,26
net.minecraft.world.entity,net.minecraft.Util,Directed,calls,45
net.minecraft.world.entity,net.minecraft.client.gui,Directed,calls,136
net.minecraft.world.entity,net.neoforged.neoforge.registries,Directed,calls,2
net.minecraft.world.entity,net.minecraft.network.codec,Directed,calls,10
net.minecraft.world.entity,net.minecraft.network.chat,Directed,calls,26
net.minecraft.world.entity,net.minecraft.core.Registry,Directed,calls,17
net.minecraft.world.entity,net.minecraft.util.Mth,Directed,calls,707
net.minecraft.world.entity,net.minecraft.core.BlockPos,Directed,calls,283
net.minecraft.world.entity,net.minecraft.network.protocol,Directed,calls,103
net.minecraft.world.entity,net.neoforged.neoforge.common,Directed,calls,60
net.minecraft.world.entity,net.minecraft.client.renderer,Directed,calls,19
net.minecraft.world.entity,net.minecraft.client.main,Directed,calls,23
net.minecraft.world.entity,net.minecraft.commands.execution,Directed,calls,3
net.minecraft.world.entity,net.minecraft.CrashReportCategory,Directed,calls,29
net.minecraft.world.entity,net.minecraft.world.phys,Directed,calls,281
net.minecraft.world.entity,net.minecraft.server.level,Directed,calls,52
net.minecraft.world.entity,net.minecraft.core.SectionPos,Directed,calls,50
net.minecraft.world.entity,net.minecraft.core.NonNullList,Directed,calls,157
net.minecraft.world.entity,net.minecraft.world.item,Directed,calls,321
net.minecraft.world.entity,net.minecraft.advancements.critereon,Directed,calls,32
net.minecraft.world.entity,com.mojang.blaze3d.vertex,Directed,calls,9
net.minecraft.world.entity,net.minecraft.util.RandomSource,Directed,calls,69
net.minecraft.world.entity,net.minecraft.client.multiplayer,Directed,calls,46
net.minecraft.world.entity,net.minecraft.core.HolderSet,Directed,calls,19
net.minecraft.world.entity,net.minecraft.stats.RecipeBookSettings,Directed,calls,1
net.minecraft.world.entity,net.minecraft.util.ArrayListDeque,Directed,calls,31
net.minecraft.world.entity,net.minecraft.core.Vec3i,Directed,calls,64
net.minecraft.world.entity,net.minecraft.util.random,Directed,calls,5
net.minecraft.world.entity,com.mojang.realmsclient.gui,Directed,calls,44
net.minecraft.world.entity,net.minecraft.client.animation,Directed,calls,4
net.minecraft.world.entity,net.minecraft.world.flag,Directed,calls,153
net.minecraft.world.entity,net.minecraft.data.structures,Directed,calls,1
net.minecraft.world.entity,net.neoforged.neoforge.event,Directed,calls,60
net.minecraft.world.entity,net.minecraft.util.TimeSource,Directed,calls,1
net.minecraft.world.entity,net.minecraft.world.Container,Directed,calls,3
net.minecraft.world.entity,net.minecraft.world.SimpleContainer,Directed,calls,2
net.minecraft.world.entity,net.minecraft.world.InteractionResultHolder,Directed,calls,2
net.minecraft.world.entity,net.minecraft.CharPredicate,Directed,calls,2
net.minecraft.world.entity,net.minecraft.core.Direction,Directed,calls,50
net.minecraft.world.entity,mcp.client.Start,Directed,calls,7
net.minecraft.world.entity,net.minecraft.server.players,Directed,calls,7
net.minecraft.world.entity,net.minecraft.server.packs,Directed,calls,1
net.minecraft.world.entity,net.minecraft.client.StringSplitter,Directed,calls,4
net.minecraft.world.entity,net.minecraft.resources.RegistryFixedCodec,Directed,calls,1
net.minecraft.world.entity,net.minecraft.core.Holder,Directed,calls,12
net.minecraft.world.entity,net.minecraft.resources.ResourceKey,Directed,calls,13
net.minecraft.world.entity,net.minecraft.stats.StatType,Directed,calls,1
net.minecraft.world.entity,com.mojang.realmsclient.client,Directed,calls,6
net.minecraft.world.entity,net.minecraft.commands.CommandSourceStack,Directed,calls,34
net.minecraft.world.entity,net.minecraft.util.valueproviders,Directed,calls,17
net.minecraft.world.entity,net.minecraft.world.InteractionResult,Directed,calls,40
net.minecraft.world.entity,net.minecraft.util.datafix,Directed,calls,47
net.minecraft.world.entity,net.minecraft.world.damagesource,Directed,calls,96
net.minecraft.world.entity,net.minecraft.util.StringRepresentable,Directed,calls,6
net.minecraft.world.entity,net.minecraft.data.tags,Directed,calls,15
net.minecraft.world.entity,net.minecraft.world.effect,Directed,calls,42
net.minecraft.world.entity,net.minecraft.nbt.NbtUtils,Directed,calls,28
net.minecraft.world.entity,net.minecraft.world.food,Directed,calls,3
net.minecraft.world.entity,net.minecraft.client.player,Directed,calls,5
net.minecraft.world.entity,net.minecraft.core.RegistryAccess,Directed,calls,3
net.minecraft.world.entity,net.minecraft.data.worldgen,Directed,calls,4
net.minecraft.world.entity,net.minecraft.core.particles,Directed,calls,10
net.minecraft.world.entity,net.minecraft.client.model,Directed,calls,1
net.minecraft.world.entity,com.mojang.blaze3d.platform,Directed,calls,2
net.minecraft.world.entity,net.minecraft.util.ExtraCodecs,Directed,calls,2
net.minecraft.world.entity,net.minecraft.resources.RegistryFileCodec,Directed,calls,1
net.minecraft.world.entity,com.mojang.math.Transformation,Directed,calls,7
net.minecraft.world.entity,net.neoforged.neoforge.client,Directed,calls,3
net.minecraft.world.entity,net.minecraft.network.syncher,Directed,calls,4
net.minecraft.world.entity,net.minecraft.world.scores,Directed,calls,11
net.minecraft.world.entity,net.minecraft.CrashReport,Directed,calls,5
net.minecraft.world.entity,net.minecraft.nbt.StringTag,Directed,calls,3
net.minecraft.world.entity,net.neoforged.neoforge.attachment,Directed,calls,2
net.minecraft.world.entity,net.minecraft.nbt.DoubleTag,Directed,calls,1
net.minecraft.world.entity,net.minecraft.nbt.FloatTag,Directed,calls,3
net.minecraft.world.entity,net.minecraft.server.commands,Directed,calls,1
net.minecraft.world.entity,net.minecraft.util.SortedArraySet,Directed,calls,3
net.minecraft.world.entity,net.minecraft.world.DifficultyInstance,Directed,calls,6
net.minecraft.world.entity,com.mojang.blaze3d.pipeline,Directed,calls,1
net.minecraft.world.entity,net.minecraft.util.SpawnUtil,Directed,calls,1
net.minecraft.world.entity,net.minecraft.world.CompoundContainer,Directed,calls,3
net.minecraft.world.entity,net.minecraft.world.ContainerHelper,Directed,calls,7
net.minecraft.world.entity,net.minecraft.nbt.ListTag,Directed,calls,5
net.minecraft.world.entity,net.minecraft.util.SignatureValidator,Directed,calls,2
net.minecraft.world.entity,net.minecraft.network.FriendlyByteBuf,Directed,calls,4
net.minecraft.world.entity,net.minecraft.world.Containers,Directed,calls,3
net.minecraft.world.entity,net.minecraft.world.inventory,Directed,calls,3
net.minecraft.world.entity,net.minecraft.server.MinecraftServer,Directed,calls,1
net.minecraft.world.flag,net.minecraft.client.renderer,Directed,calls,2
net.minecraft.world.flag,net.minecraft.core.HolderSet,Directed,calls,2
net.minecraft.world.flag,net.minecraft.server.level,Directed,calls,1
net.minecraft.world.flag,net.minecraft.world.InteractionResultHolder,Directed,calls,1
net.minecraft.world.flag,net.minecraft.core.NonNullList,Directed,calls,1
net.minecraft.world.flag,net.minecraft.resources.ResourceLocation,Directed,calls,1
net.minecraft.world.food,net.minecraft.util.Mth,Directed,calls,2
net.minecraft.world.food,net.minecraft.world.entity,Directed,calls,3
net.minecraft.world.food,net.minecraft.client.player,Directed,calls,2
net.minecraft.world.food,net.minecraft.nbt.CompoundTag,Directed,calls,9
net.minecraft.world.food,net.minecraft.client.gui,Directed,calls,2
net.minecraft.world.food,net.minecraft.core.NonNullList,Directed,calls,1
net.minecraft.world.food,net.minecraft.network.codec,Directed,calls,3
net.minecraft.world.food,net.minecraft.world.inventory,Directed,calls,2
net.minecraft.world.food,net.minecraft.world.item,Directed,calls,1
net.minecraft.world.food,net.minecraft.commands.arguments,Directed,calls,1
net.minecraft.world.inventory,net.minecraft.world.entity,Directed,calls,59
net.minecraft.world.inventory,net.minecraft.world.Container,Directed,calls,15
net.minecraft.world.inventory,net.minecraft.core.NonNullList,Directed,calls,11
net.minecraft.world.inventory,net.minecraft.world.item,Directed,calls,121
net.minecraft.world.inventory,net.minecraft.server.packs,Directed,calls,2
net.minecraft.world.inventory,com.mojang.blaze3d.vertex,Directed,calls,1
net.minecraft.world.inventory,net.minecraft.CrashReport,Directed,calls,1
net.minecraft.world.inventory,net.minecraft.client.gui,Directed,calls,15
net.minecraft.world.inventory,net.minecraft.util.Mth,Directed,calls,6
net.minecraft.world.inventory,net.minecraft.data.loot,Directed,calls,1
net.minecraft.world.inventory,net.minecraft.util.valueproviders,Directed,calls,4
net.minecraft.world.inventory,net.neoforged.neoforge.common,Directed,calls,3
net.minecraft.world.inventory,net.minecraft.world.level,Directed,calls,10
net.minecraft.world.inventory,net.minecraft.CrashReportCategory,Directed,calls,3
net.minecraft.world.inventory,net.minecraft.core.Holder,Directed,calls,4
net.minecraft.world.inventory,net.minecraft.util.StringUtil,Directed,calls,3
net.minecraft.world.inventory,net.minecraft.network.chat,Directed,calls,2
net.minecraft.world.inventory,net.minecraft.util.datafix,Directed,calls,12
net.minecraft.world.inventory,net.minecraft.client.sounds,Directed,calls,4
net.minecraft.world.inventory,net.minecraft.world.ticks,Directed,calls,1
net.minecraft.world.inventory,net.minecraft.client.multiplayer,Directed,calls,1
net.minecraft.world.inventory,net.neoforged.neoforge.client,Directed,calls,1
net.minecraft.world.inventory,net.minecraft.core.component,Directed,calls,1
net.minecraft.world.inventory,com.mojang.realmsclient.gui,Directed,calls,3
net.minecraft.world.inventory,net.minecraft.Util,Directed,calls,1
net.minecraft.world.inventory,net.minecraft.core.RegistryAccess,Directed,calls,1
net.minecraft.world.inventory,net.minecraft.world.phys,Directed,calls,1
net.minecraft.world.inventory,net.minecraft.world.CompoundContainer,Directed,calls,1
net.minecraft.world.inventory,net.minecraft.client.resources,Directed,calls,1
net.minecraft.world.inventory,net.minecraft.core.Registry,Directed,calls,2
net.minecraft.world.inventory,net.minecraft.world.ContainerHelper,Directed,calls,7
net.minecraft.world.inventory,net.minecraft.nbt.ByteArrayTag,Directed,calls,1
net.minecraft.world.inventory,net.minecraft.nbt.CompoundTag,Directed,calls,2
net.minecraft.world.item,net.minecraft.core.NonNullList,Directed,calls,69
net.minecraft.world.item,net.minecraft.client.multiplayer,Directed,calls,44
net.minecraft.world.item,net.minecraft.util.datafix,Directed,calls,13
net.minecraft.world.item,net.neoforged.neoforge.event,Directed,calls,7
net.minecraft.world.item,net.minecraft.network.chat,Directed,calls,87
net.minecraft.world.item,net.minecraft.client.gui,Directed,calls,114
net.minecraft.world.item,net.minecraft.network.codec,Directed,calls,58
net.minecraft.world.item,mcp.client.Start,Directed,calls,1
net.minecraft.world.item,net.minecraft.Util,Directed,calls,21
net.minecraft.world.item,net.minecraft.world.effect,Directed,calls,7
net.minecraft.world.item,net.minecraft.util.valueproviders,Directed,calls,54
net.minecraft.world.item,net.minecraft.core.Holder,Directed,calls,12
net.minecraft.world.item,com.mojang.realmsclient.gui,Directed,calls,15
net.minecraft.world.item,net.neoforged.neoforge.fluids,Directed,calls,4
net.minecraft.world.item,net.minecraft.commands.arguments,Directed,calls,66
net.minecraft.world.item,net.minecraft.core.Registry,Directed,calls,58
net.minecraft.world.item,net.minecraft.resources.ResourceLocation,Directed,calls,26
net.minecraft.world.item,net.neoforged.neoforge.capabilities,Directed,calls,2
net.minecraft.world.item,net.minecraft.world.entity,Directed,calls,284
net.minecraft.world.item,net.neoforged.neoforge.common,Directed,calls,27
net.minecraft.world.item,net.minecraft.world.level,Directed,calls,323
net.minecraft.world.item,com.mojang.blaze3d.shaders,Directed,calls,1
net.minecraft.world.item,net.minecraft.world.phys,Directed,calls,34
net.minecraft.world.item,net.minecraft.util.Mth,Directed,calls,33
net.minecraft.world.item,net.minecraft.world.InteractionResult,Directed,calls,27
net.minecraft.world.item,net.minecraft.client.resources,Directed,calls,1
net.minecraft.world.item,net.minecraft.resources.RegistryFixedCodec,Directed,calls,4
net.minecraft.world.item,net.minecraft.resources.RegistryFileCodec,Directed,calls,3
net.minecraft.world.item,net.minecraft.resources.ResourceKey,Directed,calls,18
net.minecraft.world.item,net.minecraft.data.worldgen,Directed,calls,53
net.minecraft.world.item,net.minecraft.core.SectionPos,Directed,calls,31
net.minecraft.world.item,net.minecraft.client.main,Directed,calls,8
net.minecraft.world.item,net.minecraft.client.renderer,Directed,calls,7
net.minecraft.world.item,net.minecraft.core.component,Directed,calls,40
net.minecraft.world.item,net.minecraft.world.InteractionResultHolder,Directed,calls,76
net.minecraft.world.item,net.minecraft.network.protocol,Directed,calls,59
net.minecraft.world.item,net.minecraft.server.level,Directed,calls,30
net.minecraft.world.item,net.minecraft.util.ParticleUtils,Directed,calls,3
net.minecraft.world.item,net.minecraft.client.player,Directed,calls,12
net.minecraft.world.item,net.minecraft.core.BlockPos,Directed,calls,17
net.minecraft.world.item,net.minecraft.world.inventory,Directed,calls,5
net.minecraft.world.item,net.minecraft.CrashReportCategory,Directed,calls,15
net.minecraft.world.item,com.mojang.blaze3d.vertex,Directed,calls,10
net.minecraft.world.item,net.minecraft.nbt.Tag,Directed,calls,1
net.minecraft.world.item,net.minecraft.nbt.NbtUtils,Directed,calls,1
net.minecraft.world.item,net.minecraft.nbt.CompoundTag,Directed,calls,3
net.minecraft.world.item,net.minecraft.network.CipherEncoder,Directed,calls,1
net.minecraft.world.item,net.minecraft.nbt.NbtOps,Directed,calls,2
net.minecraft.world.item,net.minecraft.network.CipherDecoder,Directed,calls,1
net.minecraft.world.item,net.minecraft.client.ComponentCollector,Directed,calls,2
net.minecraft.world.item,net.minecraft.nbt.StringTag,Directed,calls,1
net.minecraft.world.item,net.minecraft.nbt.LongTag,Directed,calls,1
net.minecraft.world.item,net.minecraft.nbt.FloatTag,Directed,calls,3
net.minecraft.world.item,net.minecraft.core.RegistryCodecs,Directed,calls,9
net.minecraft.world.item,net.minecraft.core.HolderSet,Directed,calls,7
net.minecraft.world.item,net.minecraft.util.ExtraCodecs,Directed,calls,6
net.minecraft.world.item,net.minecraft.commands.CommandSourceStack,Directed,calls,2
net.minecraft.world.item,net.minecraft.core.Direction,Directed,calls,16
net.minecraft.world.item,net.neoforged.neoforge.registries,Directed,calls,1
net.minecraft.world.item,net.minecraft.core.registries,Directed,calls,1
net.minecraft.world.item,net.minecraft.client.telemetry,Directed,calls,4
net.minecraft.world.item,net.neoforged.neoforge.resource,Directed,calls,1
net.minecraft.world.item,net.minecraft.core.HolderLookup,Directed,calls,3
net.minecraft.world.item,net.minecraft.network.FriendlyByteBuf,Directed,calls,23
net.minecraft.world.item,net.minecraft.client.StringSplitter,Directed,calls,8
net.minecraft.world.item,net.minecraft.util.ArrayListDeque,Directed,calls,8
net.minecraft.world.item,net.minecraft.util.RandomSource,Directed,calls,9
net.minecraft.world.item,net.minecraft.util.StringRepresentable,Directed,calls,1
net.minecraft.world.item,com.mojang.math.Transformation,Directed,calls,6
net.minecraft.world.item,net.minecraft.resources.RegistryOps,Directed,calls,3
net.minecraft.world.item,net.minecraft.util.CrudeIncrementalIntIdentityHashBiMap,Directed,calls,2
net.minecraft.world.item,net.neoforged.neoforge.client,Directed,calls,1
net.minecraft.world.item,net.minecraft.world.damagesource,Directed,calls,9
net.minecraft.world.item,net.minecraft.world.food,Directed,calls,1
net.minecraft.world.item,com.mojang.blaze3d.platform,Directed,calls,1
net.minecraft.world.item,net.minecraft.util.SortedArraySet,Directed,calls,1
net.minecraft.world.item,net.minecraft.world.flag,Directed,calls,1
net.minecraft.world.item,net.minecraft.network.ProtocolInfo,Directed,calls,2
net.minecraft.world.item,net.minecraft.core.RegistryAccess,Directed,calls,2
net.minecraft.world.item,net.minecraft.util.random,Directed,calls,2
net.minecraft.world.item,net.minecraft.world.DifficultyInstance,Directed,calls,1
net.minecraft.world.item,net.minecraft.advancements.critereon,Directed,calls,3
net.minecraft.world.item,net.minecraft.server.packs,Directed,calls,1
net.minecraft.world.item,net.minecraft.commands.execution,Directed,calls,1
net.minecraft.world.item,net.minecraft.network.syncher,Directed,calls,2
net.minecraft.world.item,net.minecraft.data.structures,Directed,calls,2
net.minecraft.world.item,net.minecraft.world.ItemInteractionResult,Directed,calls,1
net.minecraft.world.item,net.minecraft.util.StringUtil,Directed,calls,2
net.minecraft.world.level,net.minecraft.nbt.CompoundTag,Directed,calls,531
net.minecraft.world.level,net.minecraft.data.tags,Directed,calls,58
net.minecraft.world.level,net.minecraft.network.chat,Directed,calls,62
net.minecraft.world.level,net.minecraft.util.StringUtil,Directed,calls,7
net.minecraft.world.level,net.minecraft.CrashReport,Directed,calls,15
net.minecraft.world.level,com.mojang.blaze3d.platform,Directed,calls,2
net.minecraft.world.level,net.minecraft.world.entity,Directed,calls,563
net.minecraft.world.level,net.minecraft.world.InteractionResult,Directed,calls,22
net.minecraft.world.level,net.minecraft.core.BlockPos,Directed,calls,1448
net.minecraft.world.level,net.minecraft.client.multiplayer,Directed,calls,172
net.minecraft.world.level,net.minecraft.server.level,Directed,calls,144
net.minecraft.world.level,net.minecraft.util.datafix,Directed,calls,44
net.minecraft.world.level,net.minecraft.util.random,Directed,calls,25
net.minecraft.world.level,com.mojang.math.Transformation,Directed,calls,20
net.minecraft.world.level,net.minecraft.util.RandomSource,Directed,calls,564
net.minecraft.world.level,net.minecraft.util.Mth,Directed,calls,545
net.minecraft.world.level,net.minecraft.core.HolderSet,Directed,calls,27
net.minecraft.world.level,net.minecraft.core.QuartPos,Directed,calls,90
net.minecraft.world.level,net.minecraft.util.LinearCongruentialGenerator,Directed,calls,8
net.minecraft.world.level,net.minecraft.resources.ResourceKey,Directed,calls,43
net.minecraft.world.level,net.minecraft.resources.ResourceLocation,Directed,calls,92
net.minecraft.world.level,net.minecraft.client.renderer,Directed,calls,124
net.minecraft.world.level,net.minecraft.world.flag,Directed,calls,49
net.minecraft.world.level,net.minecraft.advancements.critereon,Directed,calls,35
net.minecraft.world.level,net.minecraft.core.Registry,Directed,calls,312
net.minecraft.world.level,net.minecraft.util.valueproviders,Directed,calls,33
net.minecraft.world.level,net.minecraft.client.main,Directed,calls,28
net.minecraft.world.level,net.minecraft.core.NonNullList,Directed,calls,97
net.minecraft.world.level,net.minecraft.util.ExtraCodecs,Directed,calls,5
net.minecraft.world.level,net.minecraft.client.gui,Directed,calls,440
net.minecraft.world.level,net.minecraft.util.ArrayListDeque,Directed,calls,55
net.minecraft.world.level,net.minecraft.util.Crypt,Directed,calls,3
net.minecraft.world.level,net.minecraft.core.Holder,Directed,calls,30
net.minecraft.world.level,net.minecraft.util.Graph,Directed,calls,1
net.minecraft.world.level,net.minecraft.world.phys,Directed,calls,301
net.minecraft.world.level,com.mojang.blaze3d.vertex,Directed,calls,182
net.minecraft.world.level,net.minecraft.Util,Directed,calls,92
net.minecraft.world.level,net.minecraft.network.codec,Directed,calls,47
net.minecraft.world.level,net.minecraft.data.worldgen,Directed,calls,69
net.minecraft.world.level,net.minecraft.data.registries,Directed,calls,1
net.minecraft.world.level,net.minecraft.client.StringSplitter,Directed,calls,27
net.minecraft.world.level,net.minecraft.core.HolderGetter,Directed,calls,11
net.minecraft.world.level,net.minecraft.core.SectionPos,Directed,calls,267
net.minecraft.world.level,net.minecraft.commands.arguments,Directed,calls,469
net.minecraft.world.level,net.minecraft.world.item,Directed,calls,507
net.minecraft.world.level,net.minecraft.world.Containers,Directed,calls,12
net.minecraft.world.level,net.minecraft.world.inventory,Directed,calls,23
net.minecraft.world.level,net.minecraft.client.model,Directed,calls,17
net.minecraft.world.level,net.minecraft.core.Direction,Directed,calls,219
net.minecraft.world.level,com.mojang.realmsclient.gui,Directed,calls,44
net.minecraft.world.level,net.neoforged.neoforge.common,Directed,calls,57
net.minecraft.world.level,net.minecraft.network.protocol,Directed,calls,62
net.minecraft.world.level,net.minecraft.world.ItemInteractionResult,Directed,calls,11
net.minecraft.world.level,net.minecraft.BlockUtil,Directed,calls,5
net.minecraft.world.level,net.minecraft.core.DefaultedMappedRegistry,Directed,calls,5
net.minecraft.world.level,net.minecraft.server.packs,Directed,calls,33
net.minecraft.world.level,com.mojang.realmsclient.util,Directed,calls,7
net.minecraft.world.level,net.minecraft.client.particle,Directed,calls,1
net.minecraft.world.level,net.minecraft.core.Vec3i,Directed,calls,51
net.minecraft.world.level,net.minecraft.util.ParticleUtils,Directed,calls,4
net.minecraft.world.level,net.minecraft.client.telemetry,Directed,calls,51
net.minecraft.world.level,net.minecraft.core.FrontAndTop,Directed,calls,4
net.minecraft.world.level,net.minecraft.world.Container,Directed,calls,17
net.minecraft.world.level,net.minecraft.core.dispenser,Directed,calls,4
net.minecraft.world.level,com.mojang.math.Axis,Directed,calls,2
net.minecraft.world.level,net.minecraft.world.ContainerHelper,Directed,calls,24
net.minecraft.world.level,net.neoforged.neoforge.event,Directed,calls,10
net.minecraft.world.level,net.minecraft.CrashReportCategory,Directed,calls,56
net.minecraft.world.level,net.minecraft.core.HolderLookup,Directed,calls,16
net.minecraft.world.level,net.minecraft.core.RegistrySetBuilder,Directed,calls,46
net.minecraft.world.level,net.minecraft.nbt.ByteArrayTag,Directed,calls,23
net.minecraft.world.level,net.minecraft.resources.RegistryFileCodec,Directed,calls,11
net.minecraft.world.level,net.minecraft.server.players,Directed,calls,2
net.minecraft.world.level,net.minecraft.core.component,Directed,calls,38
net.minecraft.world.level,net.minecraft.nbt.NbtUtils,Directed,calls,25
net.minecraft.world.level,net.minecraft.core.particles,Directed,calls,1
net.minecraft.world.level,net.neoforged.neoforge.attachment,Directed,calls,2
net.minecraft.world.level,net.minecraft.world.CompoundContainer,Directed,calls,3
net.minecraft.world.level,net.minecraft.world.ticks,Directed,calls,8
net.minecraft.world.level,net.minecraft.Optionull,Directed,calls,2
net.minecraft.world.level,net.minecraft.util.SpawnUtil,Directed,calls,1
net.minecraft.world.level,net.minecraft.data.structures,Directed,calls,1
net.minecraft.world.level,net.minecraft.client.server,Directed,calls,1
net.minecraft.world.level,net.minecraft.world.effect,Directed,calls,1
net.minecraft.world.level,net.minecraft.nbt.DoubleTag,Directed,calls,6
net.minecraft.world.level,net.minecraft.world.InteractionResultHolder,Directed,calls,17
net.minecraft.world.level,net.neoforged.neoforge.client,Directed,calls,8
net.minecraft.world.level,net.minecraft.data.BlockFamily,Directed,calls,5
net.minecraft.world.level,net.minecraft.sounds.SoundEvent,Directed,calls,1
net.minecraft.world.level,net.minecraft.core.MappedRegistry,Directed,calls,2
net.minecraft.world.level,net.minecraft.server.commands,Directed,calls,1
net.minecraft.world.level,net.minecraft.data.models,Directed,calls,3
net.minecraft.world.level,net.minecraft.util.SegmentedAnglePrecision,Directed,calls,3
net.minecraft.world.level,net.minecraft.data.loot,Directed,calls,2
net.minecraft.world.level,net.minecraft.server.dedicated,Directed,calls,1
net.minecraft.world.level,net.minecraft.SharedConstants,Directed,calls,17
net.minecraft.world.level,net.minecraft.server.rcon,Directed,calls,3
net.minecraft.world.level,net.minecraft.util.CrudeIncrementalIntIdentityHashBiMap,Directed,calls,1
net.minecraft.world.level,net.minecraft.network.FriendlyByteBuf,Directed,calls,42
net.minecraft.world.level,net.minecraft.network.VarInt,Directed,calls,6
net.minecraft.world.level,net.minecraft.util.BitStorage,Directed,calls,3
net.minecraft.world.level,net.minecraft.util.profiling,Directed,calls,5
net.minecraft.world.level,net.minecraft.client.resources,Directed,calls,1
net.minecraft.world.level,net.neoforged.neoforge.fluids,Directed,calls,1
net.minecraft.world.level,net.minecraft.core.RegistryAccess,Directed,calls,7
net.minecraft.world.level,net.minecraft.nbt.ShortTag,Directed,calls,1
net.minecraft.world.level,net.minecraft.util.thread,Directed,calls,1
net.minecraft.world.level,net.minecraft.FileUtil,Directed,calls,8
net.minecraft.world.level,net.minecraft.nbt.NbtIo,Directed,calls,12
net.minecraft.world.level,net.minecraft.nbt.NbtAccounter,Directed,calls,6
net.minecraft.world.level,net.minecraft.util.ExceptionCollector,Directed,calls,1
net.minecraft.world.level,net.neoforged.neoforge.server,Directed,calls,2
net.minecraft.world.level,net.minecraft.nbt.NbtOps,Directed,calls,17
net.minecraft.world.level,net.minecraft.nbt.StringTag,Directed,calls,2
net.minecraft.world.level,net.minecraft.core.Direction8,Directed,calls,6
net.minecraft.world.level,mcp.client.Start,Directed,calls,9
net.minecraft.world.level,net.minecraft.util.AbortableIterationConsumer,Directed,calls,1
net.minecraft.world.level,net.minecraft.util.CsvOutput,Directed,calls,2
net.minecraft.world.level,net.minecraft.resources.RegistryFixedCodec,Directed,calls,2
net.minecraft.world.level,net.minecraft.server.bossevents,Directed,calls,1
net.minecraft.world.level,net.minecraft.commands.Commands,Directed,calls,1
net.minecraft.world.level,net.minecraft.util.StringRepresentable,Directed,calls,4
net.minecraft.world.level,net.minecraft.nbt.visitors,Directed,calls,3
net.minecraft.world.level,net.minecraft.core.RegistryCodecs,Directed,calls,7
net.minecraft.world.level,net.minecraft.world.RandomizableContainer,Directed,calls,4
net.minecraft.world.level,net.minecraft.client.color,Directed,calls,1
net.minecraft.world.level,net.minecraft.util.ThreadingDetector,Directed,calls,2
net.minecraft.world.level,net.minecraft.world.DifficultyInstance,Directed,calls,1
net.minecraft.world.level,net.minecraft.util.SortedArraySet,Directed,calls,1
net.minecraft.world.level,net.minecraft.util.Tuple,Directed,calls,9
net.minecraft.world.level,net.neoforged.neoforge.capabilities,Directed,calls,12
net.minecraft.world.level,net.minecraft.nbt.Tag,Directed,calls,1
net.minecraft.world.level,net.minecraft.world.Clearable,Directed,calls,1
net.minecraft.world.level,net.minecraft.server.MinecraftServer,Directed,calls,2
net.minecraft.world.level,net.minecraft.nbt.IntTag,Directed,calls,1
net.minecraft.world.level,net.minecraft.resources.FileToIdConverter,Directed,calls,2
net.minecraft.world.level,net.minecraft.util.ListAndDeque,Directed,calls,1
net.minecraft.world.level,net.minecraft.world.Difficulty,Directed,calls,1
net.minecraft.world.level,net.minecraft.util.FastBufferedInputStream,Directed,calls,1
net.minecraft.world.level,net.minecraft.resources.RegistryOps,Directed,calls,1
net.minecraft.world.level,net.minecraft.util.DirectoryLock,Directed,calls,2
net.minecraft.world.level,net.minecraft.util.MemoryReserve,Directed,calls,1
net.minecraft.world.level,com.mojang.realmsclient.client,Directed,calls,3
net.minecraft.world.level,net.minecraft.commands.execution,Directed,calls,1
net.minecraft.world.level,net.minecraft.commands.functions,Directed,calls,3
net.minecraft.world.level,com.mojang.blaze3d.systems,Directed,calls,1
net.minecraft.world.level,net.minecraft.world.Nameable,Directed,calls,1
net.minecraft.world.level,net.minecraft.util.ProblemReporter,Directed,calls,1
net.minecraft.world.level,net.minecraft.world.scores,Directed,calls,5
net.minecraft.world.level,net.minecraft.server.PlayerAdvancements,Directed,calls,1
net.minecraft.world.level,net.minecraft.server.ServerFunctionManager,Directed,calls,2
net.minecraft.world.phys,net.minecraft.core.BlockPos,Directed,calls,26
net.minecraft.world.phys,net.minecraft.world.level,Directed,calls,15
net.minecraft.world.phys,net.minecraft.client.renderer,Directed,calls,2
net.minecraft.world.phys,net.minecraft.core.Direction,Directed,calls,19
net.minecraft.world.phys,net.minecraft.util.Mth,Directed,calls,37
net.minecraft.world.phys,net.minecraft.world.entity,Directed,calls,6
net.minecraft.world.phys,net.minecraft.Util,Directed,calls,4
net.minecraft.world.phys,net.minecraft.core.AxisCycle,Directed,calls,9
net.minecraft.world.phys,com.mojang.blaze3d.vertex,Directed,calls,4
net.minecraft.world.phys,net.minecraft.client.gui,Directed,calls,2
net.minecraft.world.phys,net.minecraft.core.SectionPos,Directed,calls,6
net.minecraft.world.phys,net.minecraft.util.RandomSource,Directed,calls,3
net.minecraft.world.phys,net.minecraft.core.Vec3i,Directed,calls,3
net.minecraft.world.RandomizableContainer,net.minecraft.world.level,Directed,calls,3
net.minecraft.world.RandomizableContainer,net.minecraft.util.RandomSource,Directed,calls,1
net.minecraft.world.RandomizableContainer,net.minecraft.data.tags,Directed,calls,2
net.minecraft.world.RandomizableContainer,net.minecraft.resources.ResourceKey,Directed,calls,1
net.minecraft.world.RandomizableContainer,net.minecraft.resources.ResourceLocation,Directed,calls,1
net.minecraft.world.RandomizableContainer,net.minecraft.nbt.CompoundTag,Directed,calls,4
net.minecraft.world.RandomizableContainer,net.minecraft.world.phys,Directed,calls,1
net.minecraft.world.RandomizableContainer,net.minecraft.world.entity,Directed,calls,1
net.minecraft.world.RandomSequence,net.minecraft.world.level,Directed,calls,2
net.minecraft.world.RandomSequence,com.mojang.blaze3d.platform,Directed,calls,1
net.minecraft.world.RandomSequences,net.minecraft.nbt.CompoundTag,Directed,calls,8
net.minecraft.world.RandomSequences,net.minecraft.data.tags,Directed,calls,1
net.minecraft.world.RandomSequences,net.minecraft.resources.ResourceLocation,Directed,calls,1
net.minecraft.world.scores,com.mojang.realmsclient.util,Directed,calls,2
net.minecraft.world.scores,net.minecraft.resources.ResourceLocation,Directed,calls,2
net.minecraft.world.scores,net.minecraft.stats.StatType,Directed,calls,1
net.minecraft.world.scores,net.minecraft.util.StringRepresentable,Directed,calls,1
net.minecraft.world.scores,net.minecraft.network.chat,Directed,calls,15
net.minecraft.world.scores,net.minecraft.resources.RegistryOps,Directed,calls,1
net.minecraft.world.scores,net.minecraft.client.multiplayer,Directed,calls,1
net.minecraft.world.scores,com.mojang.blaze3d.platform,Directed,calls,1
net.minecraft.world.scores,net.minecraft.nbt.CompoundTag,Directed,calls,37
net.minecraft.world.scores,net.minecraft.core.HolderLookup,Directed,calls,4
net.minecraft.world.scores,net.minecraft.data.tags,Directed,calls,4
net.minecraft.world.scores,net.minecraft.core.RegistrySetBuilder,Directed,calls,1
net.minecraft.world.scores,net.minecraft.core.component,Directed,calls,1
net.minecraft.world.scores,net.minecraft.client.gui,Directed,calls,3
net.minecraft.world.scores,net.minecraft.world.entity,Directed,calls,2
net.minecraft.world.scores,net.minecraft.nbt.ByteArrayTag,Directed,calls,3
net.minecraft.world.scores,net.minecraft.ChatFormatting,Directed,calls,1
net.minecraft.world.scores,net.minecraft.nbt.ListTag,Directed,calls,2
net.minecraft.world.scores,net.minecraft.nbt.StringTag,Directed,calls,1
net.minecraft.world.SimpleContainer,net.minecraft.core.NonNullList,Directed,calls,2
net.minecraft.world.SimpleContainer,net.minecraft.world.ContainerHelper,Directed,calls,1
net.minecraft.world.SimpleContainer,net.minecraft.world.item,Directed,calls,9
net.minecraft.world.SimpleContainer,com.mojang.blaze3d.vertex,Directed,calls,1
net.minecraft.world.SimpleContainer,net.minecraft.world.CompoundContainer,Directed,calls,2
net.minecraft.world.SimpleContainer,net.minecraft.nbt.ByteArrayTag,Directed,calls,1
net.minecraft.world.SimpleContainer,net.minecraft.nbt.CompoundTag,Directed,calls,1
net.minecraft.world.TickRateManager,net.minecraft.world.entity,Directed,calls,1
net.minecraft.world.ticks,net.minecraft.world.CompoundContainer,Directed,calls,2
net.minecraft.world.ticks,net.minecraft.world.Container,Directed,calls,1
net.minecraft.world.ticks,net.minecraft.util.ArrayListDeque,Directed,calls,4
net.minecraft.world.ticks,net.minecraft.advancements.critereon,Directed,calls,1
net.minecraft.world.ticks,net.minecraft.util.random,Directed,calls,1
net.minecraft.world.ticks,com.mojang.blaze3d.vertex,Directed,calls,1
net.minecraft.world.ticks,net.minecraft.world.level,Directed,calls,9
net.minecraft.world.ticks,net.minecraft.Util,Directed,calls,1
net.minecraft.world.ticks,net.minecraft.util.profiling,Directed,calls,1
net.minecraft.world.ticks,net.neoforged.neoforge.common,Directed,calls,1
net.minecraft.world.ticks,net.minecraft.core.SectionPos,Directed,calls,4
net.minecraft.world.ticks,net.minecraft.core.HolderSet,Directed,calls,1
net.minecraft.world.ticks,net.minecraft.core.NonNullList,Directed,calls,1
net.minecraft.world.ticks,net.minecraft.nbt.ByteArrayTag,Directed,calls,1
net.minecraft.world.ticks,net.minecraft.nbt.CompoundTag,Directed,calls,13
net.minecraft.world.ticks,net.minecraft.client.gui,Directed,calls,1
net.minecraft.world.ticks,net.minecraft.core.BlockPos,Directed,calls,4
net.neoforged.neoforge.attachment,net.minecraft.CrashReportCategory,Directed,calls,6
net.neoforged.neoforge.attachment,net.minecraft.nbt.CompoundTag,Directed,calls,2
net.neoforged.neoforge.attachment,com.mojang.blaze3d.platform,Directed,calls,1
net.neoforged.neoforge.attachment,net.minecraft.resources.ResourceLocation,Directed,calls,1
net.neoforged.neoforge.attachment,net.minecraft.core.RegistrySetBuilder,Directed,calls,1
net.neoforged.neoforge.attachment,net.minecraft.network.protocol,Directed,calls,7
net.neoforged.neoforge.attachment,net.neoforged.neoforge.event,Directed,calls,5
net.neoforged.neoforge.attachment,net.minecraft.world.level,Directed,calls,8
net.neoforged.neoforge.attachment,net.minecraft.server.level,Directed,calls,6
net.neoforged.neoforge.attachment,net.minecraft.world.entity,Directed,calls,2
net.neoforged.neoforge.attachment,net.neoforged.neoforge.common,Directed,calls,2
net.neoforged.neoforge.attachment,net.minecraft.network.FriendlyByteBuf,Directed,calls,9
net.neoforged.neoforge.attachment,net.minecraft.core.Holder,Directed,calls,1
net.neoforged.neoforge.attachment,net.minecraft.core.NonNullList,Directed,calls,1
net.neoforged.neoforge.attachment,net.minecraft.client.multiplayer,Directed,calls,2
net.neoforged.neoforge.attachment,net.neoforged.neoforge.client,Directed,calls,3
net.neoforged.neoforge.attachment,net.minecraft.client.StringSplitter,Directed,calls,1
net.neoforged.neoforge.attachment,net.minecraft.client.resources,Directed,calls,2
net.neoforged.neoforge.attachment,net.minecraft.core.HolderLookup,Directed,calls,2
net.neoforged.neoforge.attachment,net.neoforged.neoforge.network,Directed,calls,2
net.neoforged.neoforge.attachment,net.minecraft.stats.StatType,Directed,calls,7
net.neoforged.neoforge.attachment,net.minecraft.client.main,Directed,calls,1
net.neoforged.neoforge.capabilities,net.minecraft.core.RegistrySetBuilder,Directed,calls,3
net.neoforged.neoforge.capabilities,net.minecraft.core.BlockPos,Directed,calls,5
net.neoforged.neoforge.capabilities,net.minecraft.world.level,Directed,calls,16
net.neoforged.neoforge.capabilities,net.minecraft.commands.arguments,Directed,calls,3
net.neoforged.neoforge.capabilities,net.minecraft.core.NonNullList,Directed,calls,6
net.neoforged.neoforge.capabilities,net.minecraft.server.level,Directed,calls,2
net.neoforged.neoforge.capabilities,net.minecraft.server.network,Directed,calls,1
net.neoforged.neoforge.capabilities,net.neoforged.neoforge.common,Directed,calls,3
net.neoforged.neoforge.capabilities,net.minecraft.resources.ResourceLocation,Directed,calls,1
net.neoforged.neoforge.capabilities,net.minecraft.world.entity,Directed,calls,3
net.neoforged.neoforge.capabilities,net.neoforged.neoforge.client,Directed,calls,4
net.neoforged.neoforge.capabilities,net.neoforged.neoforge.event,Directed,calls,2
net.neoforged.neoforge.capabilities,net.minecraft.client.renderer,Directed,calls,1
net.neoforged.neoforge.capabilities,net.minecraft.data.BlockFamily,Directed,calls,3
net.neoforged.neoforge.capabilities,net.minecraft.client.gui,Directed,calls,3
net.neoforged.neoforge.capabilities,net.minecraft.util.SortedArraySet,Directed,calls,1
net.neoforged.neoforge.capabilities,net.minecraft.world.flag,Directed,calls,1
net.neoforged.neoforge.capabilities,net.minecraft.world.item,Directed,calls,2
net.neoforged.neoforge.client,net.minecraft.client.Minecraft,Directed,calls,71
net.neoforged.neoforge.client,net.minecraft.client.renderer,Directed,calls,163
net.neoforged.neoforge.client,net.minecraft.core.BlockPos,Directed,calls,12
net.neoforged.neoforge.client,net.minecraft.world.phys,Directed,calls,2
net.neoforged.neoforge.client,com.mojang.blaze3d.vertex,Directed,calls,63
net.neoforged.neoforge.client,net.minecraft.commands.Commands,Directed,calls,10
net.neoforged.neoforge.client,net.neoforged.neoforge.server,Directed,calls,7
net.neoforged.neoforge.client,net.minecraft.core.NonNullList,Directed,calls,31
net.neoforged.neoforge.client,net.minecraft.Util,Directed,calls,12
net.neoforged.neoforge.client,net.minecraft.commands.CommandBuildContext,Directed,calls,1
net.neoforged.neoforge.client,net.minecraft.network.protocol,Directed,calls,9
net.neoforged.neoforge.client,net.minecraft.commands.synchronization,Directed,calls,1
net.neoforged.neoforge.client,net.minecraft.client.player,Directed,calls,1
net.neoforged.neoforge.client,net.minecraft.world.entity,Directed,calls,6
net.neoforged.neoforge.client,net.minecraft.advancements.AdvancementNode,Directed,calls,1
net.neoforged.neoforge.client,net.minecraft.network.chat,Directed,calls,98
net.neoforged.neoforge.client,net.minecraft.client.multiplayer,Directed,calls,11
net.neoforged.neoforge.client,net.minecraft.client.gui,Directed,calls,241
net.neoforged.neoforge.client,net.minecraft.world.item,Directed,calls,20
net.neoforged.neoforge.client,net.minecraft.util.profiling,Directed,calls,2
net.neoforged.neoforge.client,net.neoforged.neoforge.forge,Directed,calls,1
net.neoforged.neoforge.client,net.neoforged.neoforge.internal,Directed,calls,4
net.neoforged.neoforge.client,net.minecraft.client.resources,Directed,calls,63
net.neoforged.neoforge.client,net.minecraft.world.level,Directed,calls,82
net.neoforged.neoforge.client,net.minecraft.client.Camera,Directed,calls,10
net.neoforged.neoforge.client,net.neoforged.neoforge.fluids,Directed,calls,6
net.neoforged.neoforge.client,com.mojang.blaze3d.systems,Directed,calls,46
net.neoforged.neoforge.client,net.minecraft.client.model,Directed,calls,8
net.neoforged.neoforge.client,net.minecraft.client.MouseHandler,Directed,calls,9
net.neoforged.neoforge.client,com.mojang.blaze3d.platform,Directed,calls,16
net.neoforged.neoforge.client,net.minecraft.util.RandomSource,Directed,calls,6
net.neoforged.neoforge.client,net.minecraft.client.telemetry,Directed,calls,21
net.neoforged.neoforge.client,net.minecraft.resources.ResourceLocation,Directed,calls,88
net.neoforged.neoforge.client,net.minecraft.network.codec,Directed,calls,5
net.neoforged.neoforge.client,net.minecraft.locale.Language,Directed,calls,5
net.neoforged.neoforge.client,com.mojang.realmsclient.dto,Directed,calls,1
net.neoforged.neoforge.client,net.minecraft.util.Mth,Directed,calls,65
net.neoforged.neoforge.client,net.minecraft.FileUtil,Directed,calls,1
net.neoforged.neoforge.client,net.minecraft.CrashReportCategory,Directed,calls,58
net.neoforged.neoforge.client,net.neoforged.neoforge.gametest,Directed,calls,1
net.neoforged.neoforge.client,net.neoforged.neoforge.common,Directed,calls,89
net.neoforged.neoforge.client,net.minecraft.util.random,Directed,calls,5
net.neoforged.neoforge.client,net.minecraft.commands.CommandSigningContext,Directed,calls,1
net.neoforged.neoforge.client,net.minecraft.nbt.CompoundTag,Directed,calls,3
net.neoforged.neoforge.client,net.minecraft.core.HolderSet,Directed,calls,2
net.neoforged.neoforge.client,net.minecraft.data.tags,Directed,calls,2
net.neoforged.neoforge.client,net.minecraft.client.animation,Directed,calls,1
net.neoforged.neoforge.client,com.mojang.math.Transformation,Directed,calls,13
net.neoforged.neoforge.client,net.minecraft.server.packs,Directed,calls,25
net.neoforged.neoforge.client,net.minecraft.client.color,Directed,calls,2
net.neoforged.neoforge.client,net.minecraft.client.searchtree,Directed,calls,8
net.neoforged.neoforge.client,net.minecraft.client.particle,Directed,calls,8
net.neoforged.neoforge.client,net.minecraft.resources.ResourceKey,Directed,calls,3
net.neoforged.neoforge.client,net.neoforged.neoforge.event,Directed,calls,5
net.neoforged.neoforge.client,net.neoforged.neoforge.data,Directed,calls,2
net.neoforged.neoforge.client,net.minecraft.world.effect,Directed,calls,2
net.neoforged.neoforge.client,net.minecraft.commands.arguments,Directed,calls,2
net.neoforged.neoforge.client,net.minecraft.client.DeltaTracker,Directed,calls,1
net.neoforged.neoforge.client,net.minecraft.util.datafix,Directed,calls,6
net.neoforged.neoforge.client,net.minecraft.nbt.NbtOps,Directed,calls,8
net.neoforged.neoforge.client,net.minecraft.client.OptionInstance,Directed,calls,4
net.neoforged.neoforge.client,net.minecraft.advancements.DisplayInfo,Directed,calls,2
net.neoforged.neoforge.client,net.minecraft.util.StringUtil,Directed,calls,1
net.neoforged.neoforge.client,net.minecraft.client.ComponentCollector,Directed,calls,4
net.neoforged.neoforge.client,net.minecraft.util.TimeSource,Directed,calls,16
net.neoforged.neoforge.client,net.minecraft.client.Options,Directed,calls,3
net.neoforged.neoforge.client,net.minecraft.nbt.ListTag,Directed,calls,1
net.neoforged.neoforge.client,net.minecraft.realms.RealmsLabel,Directed,calls,1
net.neoforged.neoforge.client,com.mojang.realmsclient.RealmsMainScreen,Directed,calls,4
net.neoforged.neoforge.client,com.mojang.realmsclient.gui,Directed,calls,2
net.neoforged.neoforge.client,net.minecraft.client.StringSplitter,Directed,calls,3
net.neoforged.neoforge.client,net.neoforged.neoforge.resource,Directed,calls,4
net.neoforged.neoforge.client,net.minecraft.core.component,Directed,calls,22
net.neoforged.neoforge.client,net.minecraft.client.main,Directed,calls,1
net.neoforged.neoforge.client,net.neoforged.neoforge.logging,Directed,calls,1
net.neoforged.neoforge.client,net.minecraft.world.inventory,Directed,calls,2
net.neoforged.neoforge.client,net.minecraft.util.GsonHelper,Directed,calls,22
net.neoforged.neoforge.client,net.minecraft.core.SectionPos,Directed,calls,13
net.neoforged.neoforge.client,net.minecraft.advancements.critereon,Directed,calls,2
net.neoforged.neoforge.client,com.mojang.realmsclient.util,Directed,calls,2
net.neoforged.neoforge.client,net.minecraft.server.rcon,Directed,calls,1
net.neoforged.neoforge.client,net.minecraft.data.recipes,Directed,calls,1
net.neoforged.neoforge.client,net.minecraft.core.Direction,Directed,calls,5
net.neoforged.neoforge.client,net.minecraft.data.DataProvider,Directed,calls,2
net.neoforged.neoforge.client,mcp.client.Start,Directed,calls,1
net.neoforged.neoforge.client,net.minecraft.tags.TagLoader,Directed,calls,2
net.neoforged.neoforge.client,com.mojang.blaze3d.pipeline,Directed,calls,2
net.neoforged.neoforge.client,net.minecraft.nbt.StringTag,Directed,calls,1
net.neoforged.neoforge.client,net.minecraft.world.food,Directed,calls,1
net.neoforged.neoforge.client,net.minecraft.commands.execution,Directed,calls,1
net.neoforged.neoforge.client,net.minecraft.core.RegistrySetBuilder,Directed,calls,1
net.neoforged.neoforge.client,net.minecraft.world.flag,Directed,calls,1
net.neoforged.neoforge.client,net.minecraft.core.Position,Directed,calls,3
net.neoforged.neoforge.client,net.minecraft.client.KeyMapping,Directed,calls,4
net.neoforged.neoforge.client,net.minecraft.nbt.ByteTag,Directed,calls,1
net.neoforged.neoforge.client,net.minecraft.core.RegistryAccess,Directed,calls,1
net.neoforged.neoforge.client,net.minecraft.core.Registry,Directed,calls,1
net.neoforged.neoforge.client,net.minecraft.resources.FileToIdConverter,Directed,calls,2
net.neoforged.neoforge.common,net.minecraft.world.entity,Directed,calls,91
net.neoforged.neoforge.common,net.minecraft.world.item,Directed,calls,117
net.neoforged.neoforge.common,net.minecraft.network.chat,Directed,calls,70
net.neoforged.neoforge.common,net.neoforged.neoforge.fluids,Directed,calls,23
net.neoforged.neoforge.common,net.minecraft.commands.arguments,Directed,calls,41
net.neoforged.neoforge.common,net.minecraft.core.DefaultedMappedRegistry,Directed,calls,1
net.neoforged.neoforge.common,net.minecraft.core.component,Directed,calls,23
net.neoforged.neoforge.common,net.minecraft.commands.SharedSuggestionProvider,Directed,calls,1
net.neoforged.neoforge.common,net.minecraft.client.gui,Directed,calls,61
net.neoforged.neoforge.common,net.neoforged.neoforge.event,Directed,calls,54
net.neoforged.neoforge.common,net.neoforged.neoforge.client,Directed,calls,42
net.neoforged.neoforge.common,net.minecraft.util.Mth,Directed,calls,20
net.neoforged.neoforge.common,net.minecraft.world.level,Directed,calls,197
net.neoforged.neoforge.common,net.minecraft.network.protocol,Directed,calls,10
net.neoforged.neoforge.common,net.minecraft.server.level,Directed,calls,22
net.neoforged.neoforge.common,net.minecraft.data.BlockFamily,Directed,calls,2
net.neoforged.neoforge.common,net.minecraft.world.phys,Directed,calls,5
net.neoforged.neoforge.common,net.minecraft.world.inventory,Directed,calls,3
net.neoforged.neoforge.common,net.minecraft.client.sounds,Directed,calls,1
net.neoforged.neoforge.common,com.mojang.blaze3d.vertex,Directed,calls,17
net.neoforged.neoforge.common,net.minecraft.client.resources,Directed,calls,10
net.neoforged.neoforge.common,net.minecraft.network.codec,Directed,calls,21
net.neoforged.neoforge.common,net.minecraft.core.Holder,Directed,calls,2
net.neoforged.neoforge.common,net.neoforged.neoforge.resource,Directed,calls,4
net.neoforged.neoforge.common,net.minecraft.nbt.CompoundTag,Directed,calls,16
net.neoforged.neoforge.common,net.minecraft.nbt.ListTag,Directed,calls,3
net.neoforged.neoforge.common,net.minecraft.data.tags,Directed,calls,10
net.neoforged.neoforge.common,net.minecraft.server.packs,Directed,calls,17
net.neoforged.neoforge.common,net.minecraft.core.MappedRegistry,Directed,calls,2
net.neoforged.neoforge.common,net.minecraft.resources.ResourceLocation,Directed,calls,178
net.neoforged.neoforge.common,net.neoforged.neoforge.server,Directed,calls,8
net.neoforged.neoforge.common,net.minecraft.core.HolderSet,Directed,calls,9
net.neoforged.neoforge.common,net.minecraft.core.BlockPos,Directed,calls,18
net.neoforged.neoforge.common,net.minecraft.world.effect,Directed,calls,1
net.neoforged.neoforge.common,net.minecraft.core.SectionPos,Directed,calls,2
net.neoforged.neoforge.common,net.minecraft.server.MinecraftServer,Directed,calls,1
net.neoforged.neoforge.common,net.minecraft.core.Direction,Directed,calls,3
net.neoforged.neoforge.common,net.minecraft.client.multiplayer,Directed,calls,27
net.neoforged.neoforge.common,net.minecraft.client.telemetry,Directed,calls,15
net.neoforged.neoforge.common,net.minecraft.data.recipes,Directed,calls,10
net.neoforged.neoforge.common,net.minecraft.util.ExtraCodecs,Directed,calls,2
net.neoforged.neoforge.common,net.minecraft.world.InteractionResultHolder,Directed,calls,7
net.neoforged.neoforge.common,net.minecraft.core.NonNullList,Directed,calls,24
net.neoforged.neoforge.common,net.minecraft.resources.DelegatingOps,Directed,calls,3
net.neoforged.neoforge.common,net.minecraft.nbt.NbtOps,Directed,calls,20
net.neoforged.neoforge.common,net.minecraft.tags.TagManager,Directed,calls,1
net.neoforged.neoforge.common,com.mojang.math.Transformation,Directed,calls,18
net.neoforged.neoforge.common,net.minecraft.resources.RegistryOps,Directed,calls,3
net.neoforged.neoforge.common,net.minecraft.resources.ResourceKey,Directed,calls,17
net.neoforged.neoforge.common,net.minecraft.world.flag,Directed,calls,3
net.neoforged.neoforge.common,net.minecraft.util.profiling,Directed,calls,1
net.neoforged.neoforge.common,com.mojang.realmsclient.gui,Directed,calls,3
net.neoforged.neoforge.common,net.minecraft.nbt.ByteArrayTag,Directed,calls,3
net.neoforged.neoforge.common,net.minecraft.stats.StatType,Directed,calls,5
net.neoforged.neoforge.common,net.minecraft.advancements.critereon,Directed,calls,24
net.neoforged.neoforge.common,net.minecraft.util.GsonHelper,Directed,calls,10
net.neoforged.neoforge.common,net.minecraft.util.SortedArraySet,Directed,calls,4
net.neoforged.neoforge.common,net.minecraft.server.ServerFunctionManager,Directed,calls,1
net.neoforged.neoforge.common,net.minecraft.world.damagesource,Directed,calls,3
net.neoforged.neoforge.common,net.minecraft.data.PackOutput,Directed,calls,3
net.neoforged.neoforge.common,net.minecraft.core.HolderLookup,Directed,calls,7
net.neoforged.neoforge.common,net.minecraft.CrashReportCategory,Directed,calls,41
net.neoforged.neoforge.common,net.neoforged.neoforge.registries,Directed,calls,25
net.neoforged.neoforge.common,net.minecraft.data.DataProvider,Directed,calls,8
net.neoforged.neoforge.common,net.minecraft.data.registries,Directed,calls,3
net.neoforged.neoforge.common,net.minecraft.data.advancements,Directed,calls,3
net.neoforged.neoforge.common,net.minecraft.client.renderer,Directed,calls,6
net.neoforged.neoforge.common,net.minecraft.advancements.Advancement,Directed,calls,6
net.neoforged.neoforge.common,net.minecraft.advancements.AdvancementNode,Directed,calls,1
net.neoforged.neoforge.common,net.minecraft.world.BossEvent,Directed,calls,8
net.neoforged.neoforge.common,net.minecraft.client.StringSplitter,Directed,calls,8
net.neoforged.neoforge.common,net.minecraft.tags.TagBuilder,Directed,calls,4
net.neoforged.neoforge.common,net.minecraft.tags.TagEntry,Directed,calls,5
net.neoforged.neoforge.common,net.minecraft.util.random,Directed,calls,4
net.neoforged.neoforge.common,net.neoforged.neoforge.attachment,Directed,calls,53
net.neoforged.neoforge.common,net.minecraft.data.loot,Directed,calls,1
net.neoforged.neoforge.common,net.minecraft.core.RegistrySetBuilder,Directed,calls,2
net.neoforged.neoforge.common,net.minecraft.data.models,Directed,calls,6
net.neoforged.neoforge.common,net.minecraft.network.syncher,Directed,calls,6
net.neoforged.neoforge.common,net.minecraft.client.searchtree,Directed,calls,2
net.neoforged.neoforge.common,mcp.client.Start,Directed,calls,6
net.neoforged.neoforge.common,net.minecraft.Util,Directed,calls,6
net.neoforged.neoforge.common,net.minecraft.sounds.SoundEvent,Directed,calls,3
net.neoforged.neoforge.common,com.mojang.blaze3d.platform,Directed,calls,10
net.neoforged.neoforge.common,net.minecraft.client.main,Directed,calls,1
net.neoforged.neoforge.common,net.minecraft.client.Minecraft,Directed,calls,2
net.neoforged.neoforge.common,net.neoforged.neoforge.network,Directed,calls,4
net.neoforged.neoforge.common,net.minecraft.util.datafix,Directed,calls,5
net.neoforged.neoforge.common,net.minecraft.network.FriendlyByteBuf,Directed,calls,8
net.neoforged.neoforge.common,net.minecraft.server.bossevents,Directed,calls,1
net.neoforged.neoforge.common,net.minecraft.nbt.NbtIo,Directed,calls,2
net.neoforged.neoforge.common,net.minecraft.server.commands,Directed,calls,6
net.neoforged.neoforge.common,net.minecraft.util.StringUtil,Directed,calls,2
net.neoforged.neoforge.common,net.minecraft.util.ArrayListDeque,Directed,calls,5
net.neoforged.neoforge.common,net.minecraft.client.OptionInstance,Directed,calls,1
net.neoforged.neoforge.common,net.minecraft.core.Registry,Directed,calls,3
net.neoforged.neoforge.common,net.minecraft.data.structures,Directed,calls,2
net.neoforged.neoforge.common,net.minecraft.resources.RegistryDataLoader,Directed,calls,1
net.neoforged.neoforge.common,net.neoforged.neoforge.internal,Directed,calls,2
net.neoforged.neoforge.common,net.neoforged.neoforge.forge,Directed,calls,1
net.neoforged.neoforge.common,net.minecraft.commands.synchronization,Directed,calls,1
net.neoforged.neoforge.common,net.minecraft.core.particles,Directed,calls,4
net.neoforged.neoforge.common,net.neoforged.neoforge.data,Directed,calls,19
net.neoforged.neoforge.common,net.minecraft.core.RegistryAccess,Directed,calls,1
net.neoforged.neoforge.common,net.minecraft.tags.BlockTags,Directed,calls,2
net.neoforged.neoforge.common,net.minecraft.tags.ItemTags,Directed,calls,2
net.neoforged.neoforge.common,net.minecraft.tags.FluidTags,Directed,calls,1
net.neoforged.neoforge.common,net.minecraft.resources.RegistryFileCodec,Directed,calls,3
net.neoforged.neoforge.common,com.mojang.math.OctahedralGroup,Directed,calls,1
net.neoforged.neoforge.common,net.minecraft.server.players,Directed,calls,1
net.neoforged.neoforge.common,net.minecraft.network.ProtocolInfo,Directed,calls,4
net.neoforged.neoforge.common,net.minecraft.nbt.TagParser,Directed,calls,1
net.neoforged.neoforge.common,net.minecraft.server.ReloadableServerRegistries,Directed,calls,1
net.neoforged.neoforge.common,net.minecraft.server.dedicated,Directed,calls,3
net.neoforged.neoforge.common,net.minecraft.client.particle,Directed,calls,1
net.neoforged.neoforge.common,net.minecraft.core.RegistryCodecs,Directed,calls,2
net.neoforged.neoforge.common,net.minecraft.nbt.NbtUtils,Directed,calls,2
net.neoforged.neoforge.data,net.minecraft.core.NonNullList,Directed,calls,1
net.neoforged.neoforge.data,net.minecraft.client.StringSplitter,Directed,calls,3
net.neoforged.neoforge.data,net.minecraft.client.resources,Directed,calls,2
net.neoforged.neoforge.data,net.minecraft.server.packs,Directed,calls,2
net.neoforged.neoforge.data,net.minecraft.commands.arguments,Directed,calls,1
net.neoforged.neoforge.data,net.minecraft.DetectedVersion,Directed,calls,1
net.neoforged.neoforge.data,net.neoforged.neoforge.event,Directed,calls,1
net.neoforged.neoforge.data,net.neoforged.neoforge.client,Directed,calls,3
net.neoforged.neoforge.data,net.minecraft.network.chat,Directed,calls,2
net.neoforged.neoforge.data,net.minecraft.client.gui,Directed,calls,3
net.neoforged.neoforge.data,net.minecraft.world.level,Directed,calls,3
net.neoforged.neoforge.data,net.neoforged.neoforge.common,Directed,calls,3
net.neoforged.neoforge.data,net.neoforged.neoforge.resource,Directed,calls,1
net.neoforged.neoforge.data,net.minecraft.data.DataGenerator,Directed,calls,3
net.neoforged.neoforge.data,net.minecraft.data.tags,Directed,calls,1
net.neoforged.neoforge.data,net.minecraft.world.flag,Directed,calls,3
net.neoforged.neoforge.data,net.minecraft.server.Bootstrap,Directed,calls,1
net.neoforged.neoforge.data,net.neoforged.neoforge.internal,Directed,calls,1
net.neoforged.neoforge.data,net.minecraft.Util,Directed,calls,1
net.neoforged.neoforge.energy,net.minecraft.util.Mth,Directed,calls,4
net.neoforged.neoforge.energy,net.minecraft.nbt.IntTag,Directed,calls,1
net.neoforged.neoforge.energy,net.minecraft.nbt.ByteTag,Directed,calls,1
net.neoforged.neoforge.entity,net.neoforged.neoforge.client,Directed,calls,1
net.neoforged.neoforge.entity,net.neoforged.neoforge.capabilities,Directed,calls,1
net.neoforged.neoforge.entity,net.minecraft.client.main,Directed,calls,1
net.neoforged.neoforge.event,net.minecraft.client.gui,Directed,calls,11
net.neoforged.neoforge.event,net.minecraft.resources.ResourceLocation,Directed,calls,3
net.neoforged.neoforge.event,net.minecraft.server.packs,Directed,calls,2
net.neoforged.neoforge.event,net.minecraft.util.NativeModuleLister,Directed,calls,1
net.neoforged.neoforge.event,net.minecraft.client.StringSplitter,Directed,calls,1
net.neoforged.neoforge.event,net.minecraft.core.NonNullList,Directed,calls,5
net.neoforged.neoforge.event,net.minecraft.server.ReloadableServerResources,Directed,calls,1
net.neoforged.neoforge.event,net.neoforged.neoforge.server,Directed,calls,1
net.neoforged.neoforge.event,net.minecraft.world.level,Directed,calls,16
net.neoforged.neoforge.event,net.neoforged.neoforge.common,Directed,calls,28
net.neoforged.neoforge.event,net.minecraft.client.renderer,Directed,calls,3
net.neoforged.neoforge.event,net.minecraft.core.HolderSet,Directed,calls,2
net.neoforged.neoforge.event,net.minecraft.util.profiling,Directed,calls,1
net.neoforged.neoforge.event,net.minecraft.world.entity,Directed,calls,23
net.neoforged.neoforge.event,net.minecraft.commands.arguments,Directed,calls,6
net.neoforged.neoforge.event,net.minecraft.core.SectionPos,Directed,calls,6
net.neoforged.neoforge.event,net.minecraft.world.effect,Directed,calls,3
net.neoforged.neoforge.event,net.minecraft.Util,Directed,calls,1
net.neoforged.neoforge.event,net.minecraft.util.Mth,Directed,calls,1
net.neoforged.neoforge.event,net.minecraft.client.main,Directed,calls,3
net.neoforged.neoforge.event,net.minecraft.world.phys,Directed,calls,3
net.neoforged.neoforge.event,net.minecraft.server.level,Directed,calls,4
net.neoforged.neoforge.event,net.minecraft.core.BlockPos,Directed,calls,1
net.neoforged.neoforge.event,net.minecraft.world.item,Directed,calls,16
net.neoforged.neoforge.event,net.minecraft.advancements.critereon,Directed,calls,4
net.neoforged.neoforge.event,net.minecraft.data.BlockFamily,Directed,calls,2
net.neoforged.neoforge.event,net.neoforged.neoforge.client,Directed,calls,11
net.neoforged.neoforge.event,net.minecraft.world.Difficulty,Directed,calls,1
net.neoforged.neoforge.event,net.minecraft.server.bossevents,Directed,calls,1
net.neoforged.neoforge.event,net.minecraft.network.chat,Directed,calls,1
net.neoforged.neoforge.event,net.minecraft.server.players,Directed,calls,2
net.neoforged.neoforge.event,net.minecraft.util.random,Directed,calls,3
net.neoforged.neoforge.event,com.mojang.blaze3d.systems,Directed,calls,1
net.neoforged.neoforge.event,net.minecraft.core.MappedRegistry,Directed,calls,2
net.neoforged.neoforge.event,net.minecraft.client.multiplayer,Directed,calls,1
net.neoforged.neoforge.event,net.minecraft.resources.ResourceKey,Directed,calls,1
net.neoforged.neoforge.event,net.minecraft.core.component,Directed,calls,2
net.neoforged.neoforge.event,com.mojang.blaze3d.vertex,Directed,calls,2
net.neoforged.neoforge.event,net.minecraft.network.codec,Directed,calls,1
net.neoforged.neoforge.fluids,net.minecraft.commands.arguments,Directed,calls,7
net.neoforged.neoforge.fluids,net.minecraft.server.level,Directed,calls,10
net.neoforged.neoforge.fluids,net.minecraft.world.level,Directed,calls,73
net.neoforged.neoforge.fluids,net.minecraft.data.BlockFamily,Directed,calls,1
net.neoforged.neoforge.fluids,net.minecraft.client.main,Directed,calls,3
net.neoforged.neoforge.fluids,com.mojang.blaze3d.vertex,Directed,calls,2
net.neoforged.neoforge.fluids,net.minecraft.world.inventory,Directed,calls,16
net.neoforged.neoforge.fluids,net.minecraft.commands.execution,Directed,calls,12
net.neoforged.neoforge.fluids,net.minecraft.world.entity,Directed,calls,8
net.neoforged.neoforge.fluids,net.minecraft.world.item,Directed,calls,16
net.neoforged.neoforge.fluids,net.minecraft.world.Container,Directed,calls,5
net.neoforged.neoforge.fluids,net.minecraft.client.renderer,Directed,calls,6
net.neoforged.neoforge.fluids,net.neoforged.neoforge.registries,Directed,calls,4
net.neoforged.neoforge.fluids,net.neoforged.neoforge.capabilities,Directed,calls,1
net.neoforged.neoforge.fluids,net.minecraft.core.NonNullList,Directed,calls,3
net.neoforged.neoforge.fluids,net.minecraft.network.codec,Directed,calls,5
net.neoforged.neoforge.fluids,net.minecraft.core.component,Directed,calls,5
net.neoforged.neoforge.fluids,net.minecraft.stats.StatType,Directed,calls,1
net.neoforged.neoforge.fluids,net.minecraft.core.HolderSet,Directed,calls,3
net.neoforged.neoforge.fluids,net.neoforged.neoforge.common,Directed,calls,7
net.neoforged.neoforge.fluids,net.minecraft.world.InteractionResultHolder,Directed,calls,1
net.neoforged.neoforge.fluids,net.minecraft.nbt.ByteArrayTag,Directed,calls,1
net.neoforged.neoforge.fluids,net.minecraft.core.dispenser,Directed,calls,2
net.neoforged.neoforge.fluids,net.minecraft.client.ComponentCollector,Directed,calls,1
net.neoforged.neoforge.fluids,net.minecraft.core.BlockPos,Directed,calls,5
net.neoforged.neoforge.fluids,net.minecraft.client.gui,Directed,calls,2
net.neoforged.neoforge.fluids,net.neoforged.neoforge.event,Directed,calls,1
net.neoforged.neoforge.fluids,net.minecraft.client.multiplayer,Directed,calls,2
net.neoforged.neoforge.fluids,net.minecraft.core.HolderLookup,Directed,calls,1
net.neoforged.neoforge.fluids,net.minecraft.nbt.CompoundTag,Directed,calls,1
net.neoforged.neoforge.fluids,net.minecraft.advancements.critereon,Directed,calls,1
net.neoforged.neoforge.fluids,net.minecraft.core.Holder,Directed,calls,1
net.neoforged.neoforge.fluids,net.minecraft.network.chat,Directed,calls,2
net.neoforged.neoforge.fluids,net.minecraft.Util,Directed,calls,1
net.neoforged.neoforge.fluids,net.minecraft.network.protocol,Directed,calls,6
net.neoforged.neoforge.fluids,net.neoforged.neoforge.items,Directed,calls,6
net.neoforged.neoforge.fluids,net.minecraft.world.CompoundContainer,Directed,calls,1
net.neoforged.neoforge.forge,net.neoforged.neoforge.common,Directed,calls,1
net.neoforged.neoforge.forge,net.minecraft.client.gui,Directed,calls,3
net.neoforged.neoforge.forge,net.minecraft.network.chat,Directed,calls,3
net.neoforged.neoforge.gametest,net.minecraft.core.BlockPos,Directed,calls,1
net.neoforged.neoforge.gametest,net.minecraft.commands.arguments,Directed,calls,3
net.neoforged.neoforge.gametest,net.minecraft.nbt.CompoundTag,Directed,calls,2
net.neoforged.neoforge.gametest,net.neoforged.neoforge.server,Directed,calls,1
net.neoforged.neoforge.gametest,net.minecraft.world.level,Directed,calls,1
net.neoforged.neoforge.gametest,net.minecraft.client.gui,Directed,calls,1
net.neoforged.neoforge.gametest,net.minecraft.core.Holder,Directed,calls,2
net.neoforged.neoforge.gametest,net.minecraft.gametest.framework,Directed,calls,1
net.neoforged.neoforge.gametest,net.minecraft.world.flag,Directed,calls,1
net.neoforged.neoforge.gametest,net.minecraft.util.StringUtil,Directed,calls,1
net.neoforged.neoforge.internal,net.minecraft.util.random,Directed,calls,2
net.neoforged.neoforge.internal,net.minecraft.client.gui,Directed,calls,4
net.neoforged.neoforge.internal,net.minecraft.world.phys,Directed,calls,2
net.neoforged.neoforge.internal,net.minecraft.world.level,Directed,calls,4
net.neoforged.neoforge.internal,net.minecraft.client.StringSplitter,Directed,calls,2
net.neoforged.neoforge.internal,net.neoforged.neoforge.registries,Directed,calls,5
net.neoforged.neoforge.internal,net.neoforged.neoforge.fluids,Directed,calls,1
net.neoforged.neoforge.internal,net.neoforged.neoforge.capabilities,Directed,calls,1
net.neoforged.neoforge.internal,net.neoforged.neoforge.common,Directed,calls,2
net.neoforged.neoforge.items,net.minecraft.world.item,Directed,calls,94
net.neoforged.neoforge.items,net.neoforged.neoforge.common,Directed,calls,2
net.neoforged.neoforge.items,net.minecraft.core.NonNullList,Directed,calls,4
net.neoforged.neoforge.items,net.minecraft.client.gui,Directed,calls,14
net.neoforged.neoforge.items,net.minecraft.world.entity,Directed,calls,14
net.neoforged.neoforge.items,net.minecraft.world.level,Directed,calls,13
net.neoforged.neoforge.items,net.minecraft.network.protocol,Directed,calls,6
net.neoforged.neoforge.items,net.minecraft.server.level,Directed,calls,4
net.neoforged.neoforge.items,net.minecraft.util.Mth,Directed,calls,1
net.neoforged.neoforge.items,net.minecraft.nbt.CompoundTag,Directed,calls,2
net.neoforged.neoforge.items,net.minecraft.nbt.ListTag,Directed,calls,3
net.neoforged.neoforge.items,net.minecraft.nbt.NbtOps,Directed,calls,1
net.neoforged.neoforge.items,com.mojang.blaze3d.vertex,Directed,calls,13
net.neoforged.neoforge.items,net.minecraft.core.FrontAndTop,Directed,calls,1
net.neoforged.neoforge.items,net.minecraft.core.BlockPos,Directed,calls,4
net.neoforged.neoforge.items,net.minecraft.core.Direction,Directed,calls,3
net.neoforged.neoforge.items,net.minecraft.commands.arguments,Directed,calls,1
net.neoforged.neoforge.items,com.mojang.realmsclient.gui,Directed,calls,1
net.neoforged.neoforge.items,net.minecraft.core.HolderLookup,Directed,calls,6
net.neoforged.neoforge.items,net.minecraft.util.datafix,Directed,calls,1
net.neoforged.neoforge.junit,net.minecraft.SharedConstants,Directed,calls,1
net.neoforged.neoforge.junit,net.minecraft.server.Bootstrap,Directed,calls,1
net.neoforged.neoforge.logging,net.minecraft.SystemReport,Directed,calls,1
net.neoforged.neoforge.logging,net.neoforged.neoforge.forge,Directed,calls,1
net.neoforged.neoforge.logging,net.minecraft.CrashReportCategory,Directed,calls,11
net.neoforged.neoforge.logging,net.minecraft.CrashReport,Directed,calls,4
net.neoforged.neoforge.logging,net.minecraft.client.main,Directed,calls,1
net.neoforged.neoforge.logging,net.minecraft.ReportedException,Directed,calls,3
net.neoforged.neoforge.logging,net.minecraft.server.Bootstrap,Directed,calls,1
net.neoforged.neoforge.logging,net.minecraft.network.FriendlyByteBuf,Directed,calls,1
net.neoforged.neoforge.logging,com.mojang.blaze3d.pipeline,Directed,calls,1
net.neoforged.neoforge.network,net.minecraft.network.protocol,Directed,calls,11
net.neoforged.neoforge.network,net.minecraft.client.StringSplitter,Directed,calls,2
net.neoforged.neoforge.network,net.neoforged.neoforge.common,Directed,calls,28
net.neoforged.neoforge.network,net.minecraft.core.HolderLookup,Directed,calls,2
net.neoforged.neoforge.network,net.minecraft.network.FriendlyByteBuf,Directed,calls,38
net.neoforged.neoforge.network,net.minecraft.resources.ResourceKey,Directed,calls,1
net.neoforged.neoforge.network,net.minecraft.network.RegistryFriendlyByteBuf,Directed,calls,4
net.neoforged.neoforge.network,net.minecraft.network.chat,Directed,calls,39
net.neoforged.neoforge.network,net.minecraft.Util,Directed,calls,6
net.neoforged.neoforge.network,net.minecraft.core.component,Directed,calls,2
net.neoforged.neoforge.network,net.minecraft.client.Minecraft,Directed,calls,8
net.neoforged.neoforge.network,net.minecraft.client.main,Directed,calls,1
net.neoforged.neoforge.network,net.minecraft.resources.ResourceLocation,Directed,calls,30
net.neoforged.neoforge.network,net.minecraft.client.multiplayer,Directed,calls,62
net.neoforged.neoforge.network,net.minecraft.server.network,Directed,calls,25
net.neoforged.neoforge.network,net.minecraft.util.debugchart,Directed,calls,4
net.neoforged.neoforge.network,net.minecraft.CrashReportCategory,Directed,calls,14
net.neoforged.neoforge.network,net.minecraft.world.level,Directed,calls,21
net.neoforged.neoforge.network,net.minecraft.client.gui,Directed,calls,9
net.neoforged.neoforge.network,net.minecraft.network.codec,Directed,calls,51
net.neoforged.neoforge.network,net.minecraft.commands.arguments,Directed,calls,2
net.neoforged.neoforge.network,net.minecraft.server.level,Directed,calls,4
net.neoforged.neoforge.network,net.neoforged.neoforge.registries,Directed,calls,13
net.neoforged.neoforge.network,net.minecraft.client.telemetry,Directed,calls,19
net.neoforged.neoforge.network,net.minecraft.util.HttpUtil,Directed,calls,1
net.neoforged.neoforge.network,net.minecraft.client.server,Directed,calls,2
net.neoforged.neoforge.network,net.neoforged.neoforge.client,Directed,calls,8
net.neoforged.neoforge.network,com.mojang.blaze3d.vertex,Directed,calls,2
net.neoforged.neoforge.network,net.minecraft.network.PacketEncoder,Directed,calls,2
net.neoforged.neoforge.network,net.minecraft.network.Connection,Directed,calls,11
net.neoforged.neoforge.network,net.minecraft.commands.Commands,Directed,calls,1
net.neoforged.neoforge.network,net.minecraft.data.registries,Directed,calls,1
net.neoforged.neoforge.network,net.minecraft.commands.synchronization,Directed,calls,1
net.neoforged.neoforge.network,net.neoforged.neoforge.server,Directed,calls,2
net.neoforged.neoforge.network,net.minecraft.world.entity,Directed,calls,7
net.neoforged.neoforge.network,net.neoforged.neoforge.entity,Directed,calls,1
net.neoforged.neoforge.network,net.minecraft.world.inventory,Directed,calls,1
net.neoforged.neoforge.network,net.neoforged.neoforge.attachment,Directed,calls,4
net.neoforged.neoforge.network,com.mojang.realmsclient.util,Directed,calls,2
net.neoforged.neoforge.network,net.minecraft.data.loot,Directed,calls,1
net.neoforged.neoforge.network,net.minecraft.core.NonNullList,Directed,calls,14
net.neoforged.neoforge.network,com.mojang.realmsclient.gui,Directed,calls,1
net.neoforged.neoforge.network,net.minecraft.server.dedicated,Directed,calls,1
net.neoforged.neoforge.network,net.minecraft.client.renderer,Directed,calls,1
net.neoforged.neoforge.network,com.mojang.math.Transformation,Directed,calls,2
net.neoforged.neoforge.network,net.minecraft.core.Registry,Directed,calls,1
net.neoforged.neoforge.network,net.minecraft.util.GsonHelper,Directed,calls,1
net.neoforged.neoforge.network,net.minecraft.client.sounds,Directed,calls,1
net.neoforged.neoforge.network,net.minecraft.util.StringUtil,Directed,calls,1
net.neoforged.neoforge.network,net.neoforged.neoforge.internal,Directed,calls,11
net.neoforged.neoforge.network,net.minecraft.network.PacketListener,Directed,calls,13
net.neoforged.neoforge.network,net.minecraft.client.resources,Directed,calls,1
net.neoforged.neoforge.network,net.minecraft.world.InteractionResultHolder,Directed,calls,3
net.neoforged.neoforge.network,net.minecraft.network.ClientboundPacketListener,Directed,calls,10
net.neoforged.neoforge.registries,net.minecraft.core.MappedRegistry,Directed,calls,4
net.neoforged.neoforge.registries,net.minecraft.resources.ResourceKey,Directed,calls,26
net.neoforged.neoforge.registries,net.minecraft.core.component,Directed,calls,7
net.neoforged.neoforge.registries,net.minecraft.client.gui,Directed,calls,32
net.neoforged.neoforge.registries,net.neoforged.neoforge.network,Directed,calls,6
net.neoforged.neoforge.registries,net.minecraft.client.Minecraft,Directed,calls,1
net.neoforged.neoforge.registries,net.minecraft.core.RegistryAccess,Directed,calls,3
net.neoforged.neoforge.registries,net.minecraft.network.chat,Directed,calls,7
net.neoforged.neoforge.registries,net.minecraft.client.OptionInstance,Directed,calls,1
net.neoforged.neoforge.registries,net.minecraft.server.level,Directed,calls,2
net.neoforged.neoforge.registries,net.minecraft.util.profiling,Directed,calls,4
net.neoforged.neoforge.registries,net.minecraft.world.level,Directed,calls,11
net.neoforged.neoforge.registries,net.minecraft.core.Holder,Directed,calls,6
net.neoforged.neoforge.registries,net.minecraft.world.phys,Directed,calls,1
net.neoforged.neoforge.registries,net.minecraft.world.inventory,Directed,calls,2
net.neoforged.neoforge.registries,net.minecraft.server.dedicated,Directed,calls,2
net.neoforged.neoforge.registries,net.minecraft.core.Registry,Directed,calls,24
net.neoforged.neoforge.registries,net.minecraft.client.StringSplitter,Directed,calls,4
net.neoforged.neoforge.registries,net.minecraft.resources.RegistryOps,Directed,calls,3
net.neoforged.neoforge.registries,net.minecraft.core.HolderLookup,Directed,calls,1
net.neoforged.neoforge.registries,net.minecraft.resources.FileToIdConverter,Directed,calls,3
net.neoforged.neoforge.registries,net.minecraft.CrashReportCategory,Directed,calls,9
net.neoforged.neoforge.registries,net.minecraft.server.packs,Directed,calls,1
net.neoforged.neoforge.registries,net.minecraft.client.telemetry,Directed,calls,28
net.neoforged.neoforge.registries,net.minecraft.commands.arguments,Directed,calls,2
net.neoforged.neoforge.registries,net.minecraft.resources.ResourceLocation,Directed,calls,4
net.neoforged.neoforge.registries,net.minecraft.network.codec,Directed,calls,7
net.neoforged.neoforge.registries,com.mojang.math.Transformation,Directed,calls,2
net.neoforged.neoforge.registries,net.minecraft.client.multiplayer,Directed,calls,2
net.neoforged.neoforge.registries,net.neoforged.neoforge.common,Directed,calls,12
net.neoforged.neoforge.registries,net.minecraft.util.ExtraCodecs,Directed,calls,2
net.neoforged.neoforge.registries,net.minecraft.core.NonNullList,Directed,calls,7
net.neoforged.neoforge.registries,net.minecraft.data.metadata,Directed,calls,1
net.neoforged.neoforge.registries,mcp.client.Start,Directed,calls,1
net.neoforged.neoforge.registries,net.minecraft.world.item,Directed,calls,5
net.neoforged.neoforge.registries,net.minecraft.data.BlockFamily,Directed,calls,1
net.neoforged.neoforge.registries,net.minecraft.world.entity,Directed,calls,2
net.neoforged.neoforge.registries,net.neoforged.neoforge.client,Directed,calls,3
net.neoforged.neoforge.registries,net.minecraft.core.registries,Directed,calls,1
net.neoforged.neoforge.registries,net.minecraft.world.flag,Directed,calls,2
net.neoforged.neoforge.registries,net.minecraft.resources.HolderSetCodec,Directed,calls,5
net.neoforged.neoforge.registries,net.minecraft.Util,Directed,calls,1
net.neoforged.neoforge.registries,net.minecraft.network.RegistryFriendlyByteBuf,Directed,calls,2
net.neoforged.neoforge.registries,com.mojang.blaze3d.platform,Directed,calls,1
net.neoforged.neoforge.registries,net.minecraft.util.thread,Directed,calls,2
net.neoforged.neoforge.registries,net.minecraft.core.HolderSet,Directed,calls,2
net.neoforged.neoforge.registries,net.minecraft.util.RandomSource,Directed,calls,1
net.neoforged.neoforge.registries,net.minecraft.data.recipes,Directed,calls,1
net.neoforged.neoforge.registries,net.minecraft.core.IdMapper,Directed,calls,1
net.neoforged.neoforge.registries,net.minecraft.client.renderer,Directed,calls,1
net.neoforged.neoforge.resource,net.minecraft.client.main,Directed,calls,4
net.neoforged.neoforge.resource,net.minecraft.client.gui,Directed,calls,3
net.neoforged.neoforge.resource,net.neoforged.neoforge.common,Directed,calls,6
net.neoforged.neoforge.resource,net.minecraft.server.packs,Directed,calls,17
net.neoforged.neoforge.resource,net.minecraft.Util,Directed,calls,1
net.neoforged.neoforge.resource,net.minecraft.network.chat,Directed,calls,3
net.neoforged.neoforge.resource,net.neoforged.neoforge.network,Directed,calls,2
net.neoforged.neoforge.resource,net.minecraft.SharedConstants,Directed,calls,2
net.neoforged.neoforge.resource,net.minecraft.world.flag,Directed,calls,1
net.neoforged.neoforge.resource,net.minecraft.core.NonNullList,Directed,calls,3
net.neoforged.neoforge.resource,net.minecraft.commands.arguments,Directed,calls,1
net.neoforged.neoforge.resource,net.minecraft.util.ArrayListDeque,Directed,calls,2
net.neoforged.neoforge.resource,net.minecraft.core.HolderSet,Directed,calls,2
net.neoforged.neoforge.resource,net.minecraft.util.SortedArraySet,Directed,calls,1
net.neoforged.neoforge.server,net.minecraft.client.renderer,Directed,calls,3
net.neoforged.neoforge.server,net.minecraft.advancements.AdvancementNode,Directed,calls,2
net.neoforged.neoforge.server,net.minecraft.commands.Commands,Directed,calls,62
net.neoforged.neoforge.server,net.minecraft.commands.arguments,Directed,calls,17
net.neoforged.neoforge.server,net.minecraft.world.level,Directed,calls,19
net.neoforged.neoforge.server,net.minecraft.data.structures,Directed,calls,2
net.neoforged.neoforge.server,com.mojang.realmsclient.gui,Directed,calls,2
net.neoforged.neoforge.server,net.minecraft.commands.SharedSuggestionProvider,Directed,calls,5
net.neoforged.neoforge.server,com.mojang.blaze3d.vertex,Directed,calls,7
net.neoforged.neoforge.server,net.minecraft.locale.Language,Directed,calls,5
net.neoforged.neoforge.server,net.minecraft.network.chat,Directed,calls,36
net.neoforged.neoforge.server,net.neoforged.neoforge.client,Directed,calls,6
net.neoforged.neoforge.server,net.neoforged.neoforge.capabilities,Directed,calls,1
net.neoforged.neoforge.server,net.minecraft.commands.CommandSigningContext,Directed,calls,2
net.neoforged.neoforge.server,net.neoforged.neoforge.common,Directed,calls,10
net.neoforged.neoforge.server,net.minecraft.world.entity,Directed,calls,10
net.neoforged.neoforge.server,net.minecraft.world.item,Directed,calls,4
net.neoforged.neoforge.server,net.minecraft.core.component,Directed,calls,7
net.neoforged.neoforge.server,net.minecraft.CrashReportCategory,Directed,calls,8
net.neoforged.neoforge.server,net.minecraft.client.ComponentCollector,Directed,calls,2
net.neoforged.neoforge.server,net.minecraft.core.RegistrySetBuilder,Directed,calls,4
net.neoforged.neoforge.server,net.minecraft.resources.ResourceKey,Directed,calls,16
net.neoforged.neoforge.server,net.neoforged.neoforge.registries,Directed,calls,2
net.neoforged.neoforge.server,net.minecraft.resources.RegistryFileCodec,Directed,calls,2
net.neoforged.neoforge.server,net.minecraft.core.MappedRegistry,Directed,calls,2
net.neoforged.neoforge.server,net.minecraft.core.Registry,Directed,calls,8
net.neoforged.neoforge.server,net.minecraft.server.rcon,Directed,calls,2
net.neoforged.neoforge.server,com.mojang.blaze3d.systems,Directed,calls,2
net.neoforged.neoforge.server,net.minecraft.client.gui,Directed,calls,4
net.neoforged.neoforge.server,com.mojang.blaze3d.font,Directed,calls,2
net.neoforged.neoforge.server,net.minecraft.util.ArrayListDeque,Directed,calls,3
net.neoforged.neoforge.server,net.minecraft.network.codec,Directed,calls,2
net.neoforged.neoforge.server,net.minecraft.commands.CommandSourceStack,Directed,calls,25
net.neoforged.neoforge.server,com.mojang.realmsclient.util,Directed,calls,1
net.neoforged.neoforge.server,com.mojang.blaze3d.platform,Directed,calls,5
net.neoforged.neoforge.server,net.minecraft.server.level,Directed,calls,8
net.neoforged.neoforge.server,net.minecraft.Util,Directed,calls,1
net.neoforged.neoforge.server,net.minecraft.nbt.visitors,Directed,calls,1
net.neoforged.neoforge.server,net.minecraft.nbt.CompoundTag,Directed,calls,2
net.neoforged.neoforge.server,net.minecraft.server.packs,Directed,calls,4
net.neoforged.neoforge.server,net.minecraft.client.multiplayer,Directed,calls,2
net.neoforged.neoforge.server,net.minecraft.tags.TagBuilder,Directed,calls,1
net.neoforged.neoforge.server,net.minecraft.nbt.ByteArrayTag,Directed,calls,2
net.neoforged.neoforge.server,net.minecraft.core.Holder,Directed,calls,9
net.neoforged.neoforge.server,net.minecraft.client.model,Directed,calls,1
net.neoforged.neoforge.server,net.minecraft.util.Mth,Directed,calls,3
net.neoforged.neoforge.server,net.minecraft.server.MinecraftServer,Directed,calls,8
net.neoforged.neoforge.server,net.minecraft.world.TickRateManager,Directed,calls,3
net.neoforged.neoforge.server,net.minecraft.stats.StatFormatter,Directed,calls,2
net.neoforged.neoforge.server,net.minecraft.world.phys,Directed,calls,1
net.neoforged.neoforge.server,net.minecraft.core.HolderSet,Directed,calls,1
net.neoforged.neoforge.server,net.minecraft.core.BlockPos,Directed,calls,6
net.neoforged.neoforge.server,net.minecraft.client.StringSplitter,Directed,calls,2
net.neoforged.neoforge.server,net.minecraft.server.dedicated,Directed,calls,1
net.neoforged.neoforge.server,net.minecraft.client.server,Directed,calls,1
net.neoforged.neoforge.server,net.minecraft.resources.ResourceLocation,Directed,calls,2
net.neoforged.neoforge.server,net.neoforged.neoforge.logging,Directed,calls,1
net.neoforged.neoforge.server,net.minecraft.stats.RecipeBookSettings,Directed,calls,1
net.neoforged.neoforge.server,net.minecraft.data.DataProvider,Directed,calls,1
net.neoforged.neoforge.server,net.neoforged.neoforge.gametest,Directed,calls,1
net.neoforged.neoforge.server,net.minecraft.core.RegistryAccess,Directed,calls,5
net.neoforged.neoforge.server,net.minecraft.util.random,Directed,calls,1
com.mojang.blaze3d.platform,net.minecraft.client.main,Directed,extends,1
com.mojang.realmsclient.gui,net.minecraft.client.gui,Directed,extends,3
com.mojang.realmsclient.gui,net.minecraft.realms.RealmsScreen,Directed,extends,25
com.mojang.realmsclient.RealmsMainScreen,net.minecraft.realms.RealmsScreen,Directed,extends,1
com.mojang.realmsclient.RealmsMainScreen,com.mojang.realmsclient.gui,Directed,extends,6
com.mojang.realmsclient.RealmsMainScreen,net.minecraft.client.gui,Directed,extends,2
net.minecraft.advancements.critereon,net.minecraft.advancements.CriterionTriggerInstance,Directed,extends,1
net.minecraft.client.ClientRecipeBook,net.minecraft.stats.RecipeBook,Directed,extends,1
net.minecraft.client.GameNarrator,net.minecraft.client.main,Directed,extends,1
net.minecraft.client.gui,net.minecraft.world.BossEvent,Directed,extends,1
net.minecraft.client.gui,net.minecraft.client.renderer,Directed,extends,2
net.minecraft.client.gui,net.minecraft.client.resources,Directed,extends,1
net.minecraft.client.gui,net.minecraft.world.inventory,Directed,extends,3
net.minecraft.client.multiplayer,net.minecraft.network.chat,Directed,extends,1
net.minecraft.client.multiplayer,net.minecraft.world.level,Directed,extends,2
net.minecraft.client.multiplayer,net.minecraft.client.gui,Directed,extends,1
net.minecraft.client.multiplayer,net.minecraft.world.entity,Directed,extends,1
net.minecraft.client.OptionInstance,net.minecraft.client.gui,Directed,extends,1
net.minecraft.client.player,net.minecraft.world.entity,Directed,extends,1
net.minecraft.client.renderer,net.minecraft.client.model,Directed,extends,2
net.minecraft.client.resources,net.minecraft.server.packs,Directed,extends,1
net.minecraft.client.resources,net.minecraft.locale.Language,Directed,extends,1
net.minecraft.client.resources,net.neoforged.neoforge.client,Directed,extends,1
net.minecraft.client.server,net.minecraft.server.players,Directed,extends,1
net.minecraft.client.server,net.minecraft.server.MinecraftServer,Directed,extends,1
net.minecraft.client.ToggleKeyMapping,net.minecraft.client.KeyMapping,Directed,extends,1
net.minecraft.commands.arguments,net.minecraft.data.models,Directed,extends,1
net.minecraft.core.BlockPos,net.minecraft.core.Vec3i,Directed,extends,1
net.minecraft.core.SectionPos,net.minecraft.core.Vec3i,Directed,extends,1
net.minecraft.gametest.framework,net.minecraft.server.MinecraftServer,Directed,extends,1
net.minecraft.nbt.ByteTag,net.minecraft.nbt.NumericTag,Directed,extends,1
net.minecraft.nbt.DoubleTag,net.minecraft.nbt.NumericTag,Directed,extends,1
net.minecraft.nbt.FloatTag,net.minecraft.nbt.NumericTag,Directed,extends,1
net.minecraft.nbt.IntTag,net.minecraft.nbt.NumericTag,Directed,extends,1
net.minecraft.nbt.LongTag,net.minecraft.nbt.NumericTag,Directed,extends,1
net.minecraft.nbt.NbtAccounterException,net.minecraft.nbt.NbtException,Directed,extends,1
net.minecraft.nbt.NbtFormatException,net.minecraft.nbt.NbtException,Directed,extends,1
net.minecraft.nbt.NbtIo,net.minecraft.util.DelegateDataOutput,Directed,extends,1
net.minecraft.nbt.ReportedNbtException,net.minecraft.ReportedException,Directed,extends,1
net.minecraft.nbt.ShortTag,net.minecraft.nbt.NumericTag,Directed,extends,1
net.minecraft.nbt.visitors,net.minecraft.nbt.StreamTagVisitor,Directed,extends,1
net.minecraft.network.chat,net.minecraft.server.level,Directed,extends,1
net.minecraft.network.ClientboundPacketListener,net.minecraft.network.PacketListener,Directed,extends,1
net.minecraft.network.protocol,net.minecraft.network.ClientboundPacketListener,Directed,extends,4
net.minecraft.network.protocol,net.neoforged.neoforge.network,Directed,extends,1
net.minecraft.network.protocol,net.minecraft.network.ServerboundPacketListener,Directed,extends,1
net.minecraft.network.protocol,net.minecraft.network.PacketListener,Directed,extends,2
net.minecraft.network.RateKickingConnection,net.minecraft.network.Connection,Directed,extends,1
net.minecraft.network.RegistryFriendlyByteBuf,net.minecraft.network.FriendlyByteBuf,Directed,extends,1
net.minecraft.network.ServerboundPacketListener,net.minecraft.network.PacketListener,Directed,extends,1
net.minecraft.network.TickablePacketListener,net.minecraft.network.PacketListener,Directed,extends,1
net.minecraft.realms.DisconnectedRealmsScreen,net.minecraft.realms.RealmsScreen,Directed,extends,1
net.minecraft.realms.RealmsScreen,net.minecraft.client.gui,Directed,extends,1
net.minecraft.server.bossevents,net.minecraft.server.level,Directed,extends,1
net.minecraft.server.DebugLoggedPrintStream,net.minecraft.server.LoggedPrintStream,Directed,extends,1
net.minecraft.server.dedicated,net.minecraft.server.players,Directed,extends,1
net.minecraft.server.dedicated,net.minecraft.server.MinecraftServer,Directed,extends,1
net.minecraft.server.level,net.minecraft.world.level,Directed,extends,5
net.minecraft.server.level,net.minecraft.world.BossEvent,Directed,extends,1
net.minecraft.server.level,net.minecraft.world.entity,Directed,extends,2
net.minecraft.server.packs,net.neoforged.neoforge.event,Directed,extends,1
net.minecraft.server.ServerAdvancementManager,net.minecraft.server.packs,Directed,extends,1
net.minecraft.server.ServerInterface,net.minecraft.server.ServerInfo,Directed,extends,1
net.minecraft.server.ServerScoreboard,net.minecraft.world.scores,Directed,extends,1
net.minecraft.server.ServerTickRateManager,net.minecraft.world.TickRateManager,Directed,extends,1
net.minecraft.stats.ServerRecipeBook,net.minecraft.stats.RecipeBook,Directed,extends,1
net.minecraft.stats.ServerStatsCounter,net.minecraft.stats.StatsCounter,Directed,extends,1
net.minecraft.stats.Stat,net.minecraft.world.scores,Directed,extends,1
net.minecraft.util.profiling,net.minecraft.world.level,Directed,extends,6
net.minecraft.world.Container,net.minecraft.world.Clearable,Directed,extends,1
net.minecraft.world.entity,net.minecraft.util.random,Directed,extends,1
net.minecraft.world.entity,net.minecraft.server.level,Directed,extends,1
net.minecraft.world.entity,net.minecraft.world.level,Directed,extends,3
net.minecraft.world.entity,net.minecraft.network.chat,Directed,extends,1
net.minecraft.world.entity,net.minecraft.world.Container,Directed,extends,1
net.minecraft.world.entity,net.minecraft.world.MenuProvider,Directed,extends,1
net.minecraft.world.inventory,net.minecraft.world.Container,Directed,extends,1
net.minecraft.world.inventory,net.minecraft.world.SimpleContainer,Directed,extends,1
net.minecraft.world.inventory,net.minecraft.util.StringRepresentable,Directed,extends,1
net.minecraft.world.item,net.minecraft.server.packs,Directed,extends,1
net.minecraft.world.item,net.minecraft.util.random,Directed,extends,1
net.minecraft.world.level,net.minecraft.util.random,Directed,extends,1
net.minecraft.world.level,net.minecraft.world.SimpleContainer,Directed,extends,3
net.minecraft.world.level,net.minecraft.util.StringRepresentable,Directed,extends,1
net.minecraft.world.level,net.minecraft.nbt.NbtException,Directed,extends,1
net.minecraft.world.level,net.minecraft.util.RandomSource,Directed,extends,1
net.minecraft.world.MenuProvider,net.minecraft.world.inventory,Directed,extends,1
net.minecraft.world.MenuProvider,net.neoforged.neoforge.network,Directed,extends,1
net.minecraft.world.RandomizableContainer,net.minecraft.world.Container,Directed,extends,1
net.minecraft.world.RandomSequences,net.minecraft.world.level,Directed,extends,1
net.minecraft.world.scores,net.minecraft.world.level,Directed,extends,1
net.minecraft.world.ticks,net.minecraft.world.Container,Directed,extends,1
net.minecraft.world.WorldlyContainer,net.minecraft.world.Container,Directed,extends,1
net.neoforged.neoforge.attachment,net.minecraft.world.level,Directed,extends,1
net.neoforged.neoforge.capabilities,net.minecraft.world.level,Directed,extends,1
net.neoforged.neoforge.client,net.minecraft.commands.CommandSourceStack,Directed,extends,1
net.neoforged.neoforge.client,net.minecraft.server.packs,Directed,extends,1
net.neoforged.neoforge.client,net.minecraft.world.level,Directed,extends,61
net.neoforged.neoforge.client,net.neoforged.neoforge.event,Directed,extends,3
net.neoforged.neoforge.client,net.minecraft.client.gui,Directed,extends,13
net.neoforged.neoforge.client,net.neoforged.neoforge.internal,Directed,extends,1
net.neoforged.neoforge.client,net.minecraft.client.renderer,Directed,extends,6
net.neoforged.neoforge.client,net.minecraft.client.resources,Directed,extends,2
net.neoforged.neoforge.common,net.minecraft.world.entity,Directed,extends,2
net.neoforged.neoforge.common,net.minecraft.data.advancements,Directed,extends,1
net.neoforged.neoforge.common,net.minecraft.data.registries,Directed,extends,1
net.neoforged.neoforge.common,net.minecraft.data.tags,Directed,extends,6
net.neoforged.neoforge.common,net.minecraft.data.loot,Directed,extends,1
net.neoforged.neoforge.common,net.minecraft.data.recipes,Directed,extends,1
net.neoforged.neoforge.common,net.minecraft.world.item,Directed,extends,1
net.neoforged.neoforge.common,net.minecraft.network.PacketListener,Directed,extends,1
net.neoforged.neoforge.common,net.minecraft.server.packs,Directed,extends,1
net.neoforged.neoforge.common,net.minecraft.core.component,Directed,extends,1
net.neoforged.neoforge.common,net.minecraft.world.level,Directed,extends,5
net.neoforged.neoforge.common,net.minecraft.server.level,Directed,extends,1
net.neoforged.neoforge.common,net.minecraft.server.network,Directed,extends,1
net.neoforged.neoforge.common,net.minecraft.network.Connection,Directed,extends,1
net.neoforged.neoforge.data,net.minecraft.world.level,Directed,extends,1
net.neoforged.neoforge.data,net.neoforged.neoforge.internal,Directed,extends,1
net.neoforged.neoforge.entity,net.neoforged.neoforge.client,Directed,extends,1
net.neoforged.neoforge.entity,net.minecraft.world.level,Directed,extends,1
net.neoforged.neoforge.event,net.minecraft.world.level,Directed,extends,49
net.neoforged.neoforge.event,net.neoforged.neoforge.resource,Directed,extends,1
net.neoforged.neoforge.fluids,net.minecraft.world.level,Directed,extends,2
net.neoforged.neoforge.fluids,net.minecraft.core.dispenser,Directed,extends,1
net.neoforged.neoforge.items,net.minecraft.world.inventory,Directed,extends,2
net.neoforged.neoforge.network,net.minecraft.server.network,Directed,extends,1
net.neoforged.neoforge.network,net.minecraft.world.level,Directed,extends,2
net.neoforged.neoforge.registries,net.minecraft.world.level,Directed,extends,7
net.neoforged.neoforge.resource,net.minecraft.server.packs,Directed,extends,1
net.neoforged.neoforge.server,net.neoforged.neoforge.internal,Directed,extends,1
net.neoforged.neoforge.server,net.minecraft.world.level,Directed,extends,1
com.mojang.blaze3d.vertex,net.neoforged.neoforge.network,Directed,implements,1
com.mojang.math.OctahedralGroup,net.minecraft.util.StringRepresentable,Directed,implements,1
com.mojang.realmsclient.util,com.mojang.realmsclient.dto,Directed,implements,1
net.minecraft.advancements.Advancement,net.neoforged.neoforge.common,Directed,implements,1
net.minecraft.advancements.AdvancementType,net.minecraft.util.StringRepresentable,Directed,implements,1
net.minecraft.ChatFormatting,net.minecraft.util.StringRepresentable,Directed,implements,1
net.minecraft.client.AttackIndicatorStatus,net.minecraft.util.OptionEnum,Directed,implements,1
net.minecraft.client.CloudStatus,net.minecraft.util.OptionEnum,Directed,implements,1
net.minecraft.client.CloudStatus,net.minecraft.util.StringRepresentable,Directed,implements,1
net.minecraft.client.GraphicsStatus,net.minecraft.util.OptionEnum,Directed,implements,1
net.minecraft.client.gui,net.minecraft.client.sounds,Directed,implements,1
net.minecraft.client.gui,com.mojang.blaze3d.font,Directed,implements,4
net.minecraft.client.gui,net.minecraft.server.packs,Directed,implements,1
net.minecraft.client.gui,net.minecraft.util.StringRepresentable,Directed,implements,2
net.minecraft.client.gui,net.minecraft.client.renderer,Directed,implements,1
net.minecraft.client.gui,net.neoforged.neoforge.network,Directed,implements,2
net.minecraft.client.gui,net.minecraft.util.FormattedCharSink,Directed,implements,1
net.minecraft.client.gui,net.neoforged.neoforge.client,Directed,implements,1
net.minecraft.client.gui,net.minecraft.world.level,Directed,implements,1
net.minecraft.client.gui,net.minecraft.world.ContainerListener,Directed,implements,2
net.minecraft.client.gui,net.minecraft.util.ProgressListener,Directed,implements,1
net.minecraft.client.Minecraft,com.mojang.blaze3d.platform,Directed,implements,1
net.minecraft.client.model,net.minecraft.server.packs,Directed,implements,1
net.minecraft.client.model,net.neoforged.neoforge.network,Directed,implements,1
net.minecraft.client.multiplayer,net.minecraft.util.StringRepresentable,Directed,implements,2
net.minecraft.client.multiplayer,net.minecraft.network.protocol,Directed,implements,4
net.minecraft.client.multiplayer,net.minecraft.network.TickablePacketListener,Directed,implements,2
net.minecraft.client.multiplayer,net.minecraft.world.level,Directed,implements,1
net.minecraft.client.multiplayer,net.minecraft.commands.SharedSuggestionProvider,Directed,implements,1
net.minecraft.client.particle,net.minecraft.server.packs,Directed,implements,1
net.minecraft.client.ParticleStatus,net.minecraft.util.OptionEnum,Directed,implements,1
net.minecraft.client.PrioritizeChunkUpdates,net.minecraft.util.OptionEnum,Directed,implements,1
net.minecraft.client.profiling,net.minecraft.util.profiling,Directed,implements,1
net.minecraft.client.quickplay,net.minecraft.util.StringRepresentable,Directed,implements,1
net.minecraft.client.RecipeBookCategories,net.neoforged.neoforge.network,Directed,implements,1
net.minecraft.client.renderer,net.minecraft.server.packs,Directed,implements,7
net.minecraft.client.renderer,net.minecraft.client.resources,Directed,implements,4
net.minecraft.client.renderer,net.minecraft.world.level,Directed,implements,2
net.minecraft.client.renderer,net.minecraft.client.gui,Directed,implements,1
net.minecraft.client.renderer,com.mojang.blaze3d.shaders,Directed,implements,1
net.minecraft.client.renderer,com.mojang.blaze3d.vertex,Directed,implements,1
net.minecraft.client.resources,net.minecraft.server.packs,Directed,implements,3
net.minecraft.client.resources,net.minecraft.util.StringRepresentable,Directed,implements,1
net.minecraft.client.StringSplitter,net.minecraft.util.FormattedCharSink,Directed,implements,2
net.minecraft.client.StringSplitter,net.minecraft.network.chat,Directed,implements,1
net.minecraft.client.telemetry,net.minecraft.util.StringRepresentable,Directed,implements,2
net.minecraft.commands.CommandSourceStack,net.minecraft.commands.SharedSuggestionProvider,Directed,implements,1
net.minecraft.core.Direction,net.minecraft.util.StringRepresentable,Directed,implements,2
net.minecraft.core.FrontAndTop,net.minecraft.util.StringRepresentable,Directed,implements,1
net.minecraft.data.advancements,net.minecraft.data.DataProvider,Directed,implements,1
net.minecraft.data.HashCache,net.minecraft.data.CachedOutput,Directed,implements,1
net.minecraft.data.info,net.minecraft.data.DataProvider,Directed,implements,6
net.minecraft.data.loot,net.minecraft.data.DataProvider,Directed,implements,1
net.minecraft.data.metadata,net.minecraft.data.DataProvider,Directed,implements,1
net.minecraft.data.models,net.minecraft.data.DataProvider,Directed,implements,1
net.minecraft.data.recipes,net.minecraft.data.DataProvider,Directed,implements,1
net.minecraft.data.registries,net.minecraft.data.DataProvider,Directed,implements,1
net.minecraft.data.structures,net.minecraft.data.DataProvider,Directed,implements,2
net.minecraft.data.structures,net.minecraft.client.gui,Directed,implements,1
net.minecraft.data.tags,net.minecraft.data.DataProvider,Directed,implements,1
net.minecraft.DetectedVersion,net.minecraft.WorldVersion,Directed,implements,1
net.minecraft.nbt.CollectionTag,net.minecraft.nbt.Tag,Directed,implements,1
net.minecraft.nbt.CompoundTag,net.minecraft.nbt.Tag,Directed,implements,1
net.minecraft.nbt.EndTag,net.minecraft.nbt.Tag,Directed,implements,1
net.minecraft.nbt.NumericTag,net.minecraft.nbt.Tag,Directed,implements,1
net.minecraft.nbt.SnbtPrinterTagVisitor,net.minecraft.nbt.TagVisitor,Directed,implements,1
net.minecraft.nbt.StringTag,net.minecraft.nbt.Tag,Directed,implements,1
net.minecraft.nbt.StringTagVisitor,net.minecraft.nbt.TagVisitor,Directed,implements,1
net.minecraft.nbt.TextComponentTagVisitor,net.minecraft.nbt.TagVisitor,Directed,implements,1
net.minecraft.nbt.visitors,net.minecraft.nbt.StreamTagVisitor,Directed,implements,1
net.minecraft.network.chat,net.minecraft.util.StringRepresentable,Directed,implements,4
net.minecraft.network.PacketDecoder,net.minecraft.network.ProtocolSwapHandler,Directed,implements,1
net.minecraft.realms.RealmsLabel,net.minecraft.client.gui,Directed,implements,1
net.minecraft.server.commands,net.minecraft.commands.CommandSource,Directed,implements,1
net.minecraft.server.commands,net.minecraft.commands.execution,Directed,implements,1
net.minecraft.server.dedicated,net.minecraft.server.ServerInterface,Directed,implements,1
net.minecraft.server.level,net.minecraft.world.level,Directed,implements,2
net.minecraft.server.MinecraftServer,net.minecraft.server.ServerInfo,Directed,implements,1
net.minecraft.server.MinecraftServer,net.minecraft.world.level,Directed,implements,1
net.minecraft.server.MinecraftServer,net.minecraft.commands.CommandSource,Directed,implements,1
net.minecraft.server.network,net.minecraft.network.protocol,Directed,implements,7
net.minecraft.server.network,net.minecraft.network.TickablePacketListener,Directed,implements,3
net.minecraft.server.packs,net.minecraft.world.level,Directed,implements,1
net.minecraft.server.packs,net.minecraft.advancements.AdvancementType,Directed,implements,1
net.minecraft.server.rcon,net.minecraft.commands.CommandSource,Directed,implements,1
net.minecraft.server.ServerFunctionLibrary,net.minecraft.server.packs,Directed,implements,1
net.minecraft.tags.TagManager,net.minecraft.server.packs,Directed,implements,1
net.minecraft.util.FutureChain,net.minecraft.util.TaskChainer,Directed,implements,1
net.minecraft.util.SimpleBitStorage,net.minecraft.util.BitStorage,Directed,implements,1
net.minecraft.util.thread,net.minecraft.util.profiling,Directed,implements,2
net.minecraft.util.ZeroBitStorage,net.minecraft.util.BitStorage,Directed,implements,1
net.minecraft.world.CompoundContainer,net.minecraft.world.Container,Directed,implements,1
net.minecraft.world.damagesource,net.minecraft.util.StringRepresentable,Directed,implements,3
net.minecraft.world.damagesource,net.neoforged.neoforge.network,Directed,implements,3
net.minecraft.world.Difficulty,net.minecraft.util.StringRepresentable,Directed,implements,1
net.minecraft.world.effect,net.minecraft.world.flag,Directed,implements,1
net.minecraft.world.entity,net.neoforged.neoforge.common,Directed,implements,2
net.minecraft.world.entity,net.minecraft.util.StringRepresentable,Directed,implements,19
net.minecraft.world.entity,net.minecraft.world.level,Directed,implements,8
net.minecraft.world.entity,net.minecraft.client.User,Directed,implements,2
net.minecraft.world.entity,net.minecraft.world.ContainerListener,Directed,implements,1
net.minecraft.world.entity,net.minecraft.network.syncher,Directed,implements,1
net.minecraft.world.entity,net.minecraft.world.Nameable,Directed,implements,2
net.minecraft.world.entity,net.minecraft.commands.CommandSource,Directed,implements,1
net.minecraft.world.entity,net.minecraft.world.scores,Directed,implements,1
net.minecraft.world.entity,net.neoforged.neoforge.attachment,Directed,implements,1
net.minecraft.world.entity,net.minecraft.world.flag,Directed,implements,1
net.minecraft.world.entity,net.minecraft.util.OptionEnum,Directed,implements,2
net.minecraft.world.entity,net.neoforged.neoforge.network,Directed,implements,3
net.minecraft.world.entity,net.minecraft.world.item,Directed,implements,2
net.minecraft.world.entity,net.minecraft.world.Container,Directed,implements,1
net.minecraft.world.inventory,net.minecraft.world.flag,Directed,implements,1
net.minecraft.world.inventory,net.minecraft.world.Container,Directed,implements,2
net.minecraft.world.inventory,net.neoforged.neoforge.network,Directed,implements,1
net.minecraft.world.item,net.minecraft.world.flag,Directed,implements,2
net.minecraft.world.item,net.minecraft.util.StringRepresentable,Directed,implements,9
net.minecraft.world.item,net.minecraft.world.inventory,Directed,implements,1
net.minecraft.world.item,net.neoforged.neoforge.network,Directed,implements,3
net.minecraft.world.item,net.minecraft.client.gui,Directed,implements,1
net.minecraft.world.item,net.minecraft.world.level,Directed,implements,1
net.minecraft.world.item,net.neoforged.neoforge.common,Directed,implements,1
net.minecraft.world.item,net.minecraft.core.component,Directed,implements,1
net.minecraft.world.item,net.neoforged.neoforge.energy,Directed,implements,1
net.minecraft.world.item,net.neoforged.neoforge.event,Directed,implements,1
net.minecraft.world.level,net.minecraft.commands.CommandSource,Directed,implements,1
net.minecraft.world.level,net.neoforged.neoforge.event,Directed,implements,3
net.minecraft.world.level,net.minecraft.util.StringRepresentable,Directed,implements,54
net.minecraft.world.level,net.neoforged.neoforge.network,Directed,implements,1
net.minecraft.world.level,net.minecraft.world.item,Directed,implements,3
net.minecraft.world.level,net.neoforged.neoforge.common,Directed,implements,4
net.minecraft.world.level,net.minecraft.world.WorldlyContainerHolder,Directed,implements,1
net.minecraft.world.level,net.minecraft.world.WorldlyContainer,Directed,implements,6
net.minecraft.world.level,net.minecraft.world.inventory,Directed,implements,3
net.minecraft.world.level,net.minecraft.world.Nameable,Directed,implements,4
net.minecraft.world.level,net.minecraft.world.MenuProvider,Directed,implements,3
net.minecraft.world.level,net.minecraft.world.Clearable,Directed,implements,3
net.minecraft.world.level,net.minecraft.world.RandomizableContainer,Directed,implements,2
net.minecraft.world.level,net.minecraft.client.User,Directed,implements,2
net.minecraft.world.level,net.minecraft.world.flag,Directed,implements,1
net.minecraft.world.level,net.minecraft.util.RandomSource,Directed,implements,1
net.minecraft.world.phys,net.minecraft.core.Position,Directed,implements,1
net.minecraft.world.RandomSequences,net.minecraft.util.RandomSource,Directed,implements,1
net.minecraft.world.scores,net.minecraft.util.StringRepresentable,Directed,implements,2
net.minecraft.world.SimpleContainer,net.minecraft.world.Container,Directed,implements,1
net.minecraft.world.SimpleContainer,net.minecraft.world.inventory,Directed,implements,1
net.minecraft.world.SimpleMenuProvider,net.minecraft.world.MenuProvider,Directed,implements,1
net.neoforged.neoforge.client,net.minecraft.client.gui,Directed,implements,2
net.neoforged.neoforge.client,net.minecraft.client.resources,Directed,implements,2
net.neoforged.neoforge.client,net.minecraft.client.color,Directed,implements,1
net.neoforged.neoforge.client,net.minecraft.data.DataProvider,Directed,implements,2
net.neoforged.neoforge.client,net.minecraft.server.packs,Directed,implements,1
net.neoforged.neoforge.client,com.mojang.blaze3d.vertex,Directed,implements,3
net.neoforged.neoforge.common,net.minecraft.advancements.critereon,Directed,implements,3
net.neoforged.neoforge.common,net.minecraft.world.entity,Directed,implements,1
net.neoforged.neoforge.common,net.minecraft.data.recipes,Directed,implements,1
net.neoforged.neoforge.common,net.minecraft.data.DataProvider,Directed,implements,7
net.neoforged.neoforge.common,net.neoforged.neoforge.data,Directed,implements,1
net.neoforged.neoforge.common,net.minecraft.world.level,Directed,implements,3
net.neoforged.neoforge.common,net.minecraft.world.item,Directed,implements,1
net.neoforged.neoforge.common,net.minecraft.util.StringRepresentable,Directed,implements,1
net.neoforged.neoforge.event,net.minecraft.server.packs,Directed,implements,1
net.neoforged.neoforge.event,net.minecraft.client.gui,Directed,implements,1
net.neoforged.neoforge.fluids,net.neoforged.neoforge.common,Directed,implements,1
net.neoforged.neoforge.fluids,net.minecraft.core.component,Directed,implements,1
net.neoforged.neoforge.items,net.minecraft.world.item,Directed,implements,1
net.neoforged.neoforge.network,net.minecraft.network.protocol,Directed,implements,3
net.neoforged.neoforge.registries,net.minecraft.server.packs,Directed,implements,1
net.neoforged.neoforge.registries,net.minecraft.world.level,Directed,implements,2
net.neoforged.neoforge.resource,net.minecraft.server.packs,Directed,implements,1
com.mojang.blaze3d.audio,net.minecraft.world.phys,Directed,instantiates,2
com.mojang.blaze3d.font,com.mojang.blaze3d.platform,Directed,instantiates,1
com.mojang.blaze3d.platform,net.minecraft.util.LazyLoadedValue,Directed,instantiates,1
com.mojang.realmsclient.client,com.mojang.realmsclient.exception,Directed,instantiates,14
com.mojang.realmsclient.client,net.minecraft.util.eventlog,Directed,instantiates,3
com.mojang.realmsclient.client,com.mojang.realmsclient.gui,Directed,instantiates,1
com.mojang.realmsclient.client,com.mojang.realmsclient.dto,Directed,instantiates,8
com.mojang.realmsclient.dto,com.mojang.realmsclient.gui,Directed,instantiates,1
com.mojang.realmsclient.dto,net.minecraft.client.gui,Directed,instantiates,1
com.mojang.realmsclient.dto,net.minecraft.client.multiplayer,Directed,instantiates,1
com.mojang.realmsclient.gui,com.mojang.realmsclient.util,Directed,instantiates,16
com.mojang.realmsclient.gui,com.mojang.realmsclient.dto,Directed,instantiates,4
com.mojang.realmsclient.gui,net.minecraft.client.gui,Directed,instantiates,21
com.mojang.realmsclient.gui,com.mojang.realmsclient.client,Directed,instantiates,4
com.mojang.realmsclient.gui,com.mojang.realmsclient.exception,Directed,instantiates,1
com.mojang.realmsclient.gui,net.minecraft.realms.RealmsLabel,Directed,instantiates,3
com.mojang.realmsclient.gui,com.mojang.realmsclient.RealmsMainScreen,Directed,instantiates,1
com.mojang.realmsclient.gui,net.minecraft.util.eventlog,Directed,instantiates,3
com.mojang.realmsclient.RealmsAvailability,com.mojang.realmsclient.gui,Directed,instantiates,4
com.mojang.realmsclient.RealmsMainScreen,com.mojang.realmsclient.dto,Directed,instantiates,2
com.mojang.realmsclient.RealmsMainScreen,com.mojang.realmsclient.gui,Directed,instantiates,13
com.mojang.realmsclient.RealmsMainScreen,net.minecraft.client.gui,Directed,instantiates,11
com.mojang.realmsclient.RealmsMainScreen,com.mojang.realmsclient.util,Directed,instantiates,3
com.mojang.realmsclient.util,net.minecraft.client.renderer,Directed,instantiates,1
com.mojang.realmsclient.util,net.minecraft.realms.RealmsConnect,Directed,instantiates,1
com.mojang.realmsclient.util,com.mojang.realmsclient.gui,Directed,instantiates,9
com.mojang.realmsclient.util,net.minecraft.client.gui,Directed,instantiates,2
com.mojang.realmsclient.util,com.mojang.realmsclient.dto,Directed,instantiates,1
com.mojang.realmsclient.util,com.mojang.realmsclient.RealmsMainScreen,Directed,instantiates,1
net.minecraft.advancements.Advancement,net.minecraft.network.chat,Directed,instantiates,1
net.minecraft.advancements.Advancement,net.minecraft.advancements.AdvancementRequirements,Directed,instantiates,1
net.minecraft.advancements.Advancement,net.minecraft.advancements.critereon,Directed,instantiates,1
net.minecraft.advancements.Advancement,net.minecraft.advancements.DisplayInfo,Directed,instantiates,2
net.minecraft.advancements.Advancement,net.minecraft.world.item,Directed,instantiates,1
net.minecraft.advancements.AdvancementProgress,net.minecraft.advancements.CriterionProgress,Directed,instantiates,1
net.minecraft.advancements.AdvancementTree,net.minecraft.advancements.AdvancementNode,Directed,instantiates,1
net.minecraft.advancements.critereon,net.minecraft.commands.arguments,Directed,instantiates,3
net.minecraft.advancements.critereon,net.minecraft.world.level,Directed,instantiates,4
net.minecraft.advancements.critereon,com.mojang.blaze3d.vertex,Directed,instantiates,2
net.minecraft.advancements.critereon,net.minecraft.network.protocol,Directed,instantiates,1
net.minecraft.advancements.critereon,net.minecraft.nbt.CompoundTag,Directed,instantiates,1
net.minecraft.advancements.critereon,net.minecraft.world.phys,Directed,instantiates,1
net.minecraft.advancements.critereon,net.minecraft.client.renderer,Directed,instantiates,2
net.minecraft.client.Camera,net.neoforged.neoforge.client,Directed,instantiates,1
net.minecraft.client.Camera,net.minecraft.world.phys,Directed,instantiates,6
net.minecraft.client.Camera,net.minecraft.world.level,Directed,instantiates,1
net.minecraft.client.ClientRecipeBook,net.minecraft.client.gui,Directed,instantiates,1
net.minecraft.client.DebugQueryHandler,net.minecraft.network.protocol,Directed,instantiates,2
net.minecraft.client.gui,net.minecraft.world.level,Directed,instantiates,19
net.minecraft.client.gui,net.minecraft.client.multiplayer,Directed,instantiates,8
net.minecraft.client.gui,net.minecraft.client.renderer,Directed,instantiates,8
net.minecraft.client.gui,net.minecraft.world.phys,Directed,instantiates,3
net.minecraft.client.gui,net.minecraft.client.ComponentCollector,Directed,instantiates,1
net.minecraft.client.gui,net.neoforged.neoforge.client,Directed,instantiates,20
net.minecraft.client.gui,net.minecraft.world.DifficultyInstance,Directed,instantiates,1
net.minecraft.client.gui,net.minecraft.client.model,Directed,instantiates,4
net.minecraft.client.gui,net.minecraft.util.DependencySorter,Directed,instantiates,1
net.minecraft.client.gui,com.mojang.blaze3d.platform,Directed,instantiates,1
net.minecraft.client.gui,com.mojang.blaze3d.font,Directed,instantiates,7
net.minecraft.client.gui,net.minecraft.core.Holder,Directed,instantiates,1
net.minecraft.client.gui,net.minecraft.util.FastBufferedInputStream,Directed,instantiates,1
net.minecraft.client.gui,net.minecraft.client.StringSplitter,Directed,instantiates,1
net.minecraft.client.gui,com.mojang.blaze3d.vertex,Directed,instantiates,2
net.minecraft.client.gui,net.minecraft.ReportedException,Directed,instantiates,3
net.minecraft.client.gui,com.mojang.math.Divisor,Directed,instantiates,3
net.minecraft.client.gui,net.minecraft.network.protocol,Directed,instantiates,16
net.minecraft.client.gui,net.minecraft.network.Connection,Directed,instantiates,1
net.minecraft.client.gui,net.minecraft.DefaultUncaughtExceptionHandler,Directed,instantiates,1
net.minecraft.client.gui,net.minecraft.world.item,Directed,instantiates,9
net.minecraft.client.gui,net.minecraft.world.ContainerListener,Directed,instantiates,1
net.minecraft.client.gui,net.minecraft.world.inventory,Directed,instantiates,2
net.minecraft.client.gui,net.minecraft.world.entity,Directed,instantiates,1
net.minecraft.client.gui,net.minecraft.core.BlockPos,Directed,instantiates,1
net.minecraft.client.gui,net.minecraft.core.Vec3i,Directed,instantiates,1
net.minecraft.client.gui,net.minecraft.client.resources,Directed,instantiates,1
net.minecraft.client.gui,net.minecraft.client.server,Directed,instantiates,2
net.minecraft.client.gui,net.minecraft.client.OptionInstance,Directed,instantiates,2
net.minecraft.client.gui,net.minecraft.server.packs,Directed,instantiates,3
net.minecraft.client.gui,com.mojang.realmsclient.RealmsMainScreen,Directed,instantiates,2
net.minecraft.client.gui,net.minecraft.util.eventlog,Directed,instantiates,1
net.minecraft.client.gui,com.mojang.realmsclient.gui,Directed,instantiates,1
net.minecraft.client.gui,net.minecraft.util.worldupdate,Directed,instantiates,1
net.minecraft.client.gui,net.minecraft.core.MappedRegistry,Directed,instantiates,1
net.minecraft.client.HotbarManager,net.minecraft.client.player,Directed,instantiates,1
net.minecraft.client.HotbarManager,net.minecraft.nbt.CompoundTag,Directed,instantiates,1
net.minecraft.client.KeyboardHandler,net.minecraft.network.chat,Directed,instantiates,1
net.minecraft.client.KeyboardHandler,net.minecraft.client.gui,Directed,instantiates,1
net.minecraft.client.KeyboardHandler,net.minecraft.nbt.CompoundTag,Directed,instantiates,1
net.minecraft.client.KeyboardHandler,net.minecraft.CrashReport,Directed,instantiates,1
net.minecraft.client.KeyboardHandler,net.minecraft.ReportedException,Directed,instantiates,1
net.minecraft.client.main,net.minecraft.util.eventlog,Directed,instantiates,3
net.minecraft.client.main,net.minecraft.network.chat,Directed,instantiates,1
net.minecraft.client.main,net.minecraft.client.User,Directed,instantiates,1
net.minecraft.client.main,com.mojang.blaze3d.platform,Directed,instantiates,1
net.minecraft.client.main,net.minecraft.DefaultUncaughtExceptionHandler,Directed,instantiates,1
net.minecraft.client.main,net.minecraft.client.Minecraft,Directed,instantiates,1
net.minecraft.client.Minecraft,net.minecraft.client.resources,Directed,instantiates,11
net.minecraft.client.Minecraft,net.minecraft.server.packs,Directed,instantiates,3
net.minecraft.client.Minecraft,net.minecraft.client.gui,Directed,instantiates,27
net.minecraft.client.Minecraft,net.minecraft.client.Options,Directed,instantiates,1
net.minecraft.client.Minecraft,net.minecraft.client.tutorial,Directed,instantiates,1
net.minecraft.client.Minecraft,net.minecraft.client.HotbarManager,Directed,instantiates,1
net.minecraft.client.Minecraft,com.mojang.blaze3d.platform,Directed,instantiates,1
net.minecraft.client.Minecraft,net.minecraft.client.renderer,Directed,instantiates,12
net.minecraft.client.Minecraft,net.minecraft.client.MouseHandler,Directed,instantiates,1
net.minecraft.client.Minecraft,net.minecraft.client.KeyboardHandler,Directed,instantiates,1
net.minecraft.client.Minecraft,com.mojang.blaze3d.pipeline,Directed,instantiates,2
net.minecraft.client.Minecraft,net.minecraft.world.level,Directed,instantiates,1
net.minecraft.client.Minecraft,net.minecraft.client.CommandHistory,Directed,instantiates,1
net.minecraft.client.Minecraft,net.minecraft.client.sounds,Directed,instantiates,2
net.minecraft.client.Minecraft,net.minecraft.client.model,Directed,instantiates,1
net.minecraft.client.Minecraft,net.minecraft.client.main,Directed,instantiates,1
net.minecraft.client.Minecraft,net.minecraft.client.particle,Directed,instantiates,1
net.minecraft.client.Minecraft,net.neoforged.neoforge.client,Directed,instantiates,3
net.minecraft.client.Minecraft,com.mojang.realmsclient.gui,Directed,instantiates,1
net.minecraft.client.Minecraft,net.minecraft.client.telemetry,Directed,instantiates,1
net.minecraft.client.Minecraft,net.minecraft.client.GameNarrator,Directed,instantiates,1
net.minecraft.client.Minecraft,net.minecraft.client.multiplayer,Directed,instantiates,2
net.minecraft.client.Minecraft,net.minecraft.CrashReport,Directed,instantiates,1
net.minecraft.client.Minecraft,net.minecraft.network.chat,Directed,instantiates,3
net.minecraft.client.Minecraft,net.minecraft.SystemReport,Directed,instantiates,1
net.minecraft.client.Minecraft,net.minecraft.client.profiling,Directed,instantiates,1
net.minecraft.client.Minecraft,net.minecraft.util.profiling,Directed,instantiates,1
net.minecraft.client.Minecraft,net.minecraft.util.FileZipper,Directed,instantiates,1
net.minecraft.client.Minecraft,net.neoforged.neoforge.event,Directed,instantiates,3
net.minecraft.client.Minecraft,net.minecraft.ReportedException,Directed,instantiates,2
net.minecraft.client.Minecraft,net.minecraft.network.protocol,Directed,instantiates,2
net.minecraft.client.Minecraft,net.minecraft.client.server,Directed,instantiates,1
net.minecraft.client.Minecraft,net.minecraft.client.Screenshot,Directed,instantiates,1
net.minecraft.client.model,net.minecraft.client.animation,Directed,instantiates,2
net.minecraft.client.model,net.minecraft.world.phys,Directed,instantiates,2
net.minecraft.client.multiplayer,net.minecraft.world.level,Directed,instantiates,11
net.minecraft.client.multiplayer,net.minecraft.util.CryptException,Directed,instantiates,2
net.minecraft.client.multiplayer,net.minecraft.server.level,Directed,instantiates,1
net.minecraft.client.multiplayer,net.minecraft.world.entity,Directed,instantiates,2
net.minecraft.client.multiplayer,net.neoforged.neoforge.client,Directed,instantiates,2
net.minecraft.client.multiplayer,net.minecraft.client.gui,Directed,instantiates,16
net.minecraft.client.multiplayer,net.minecraft.commands.arguments,Directed,instantiates,3
net.minecraft.client.multiplayer,net.neoforged.neoforge.event,Directed,instantiates,6
net.minecraft.client.multiplayer,net.minecraft.network.protocol,Directed,instantiates,40
net.minecraft.client.multiplayer,com.mojang.realmsclient.dto,Directed,instantiates,1
net.minecraft.client.multiplayer,net.minecraft.realms.DisconnectedRealmsScreen,Directed,instantiates,2
net.minecraft.client.multiplayer,net.minecraft.world.TickRateManager,Directed,instantiates,1
net.minecraft.client.multiplayer,net.minecraft.core.BlockPos,Directed,instantiates,3
net.minecraft.client.multiplayer,net.minecraft.core.particles,Directed,instantiates,1
net.minecraft.client.multiplayer,net.minecraft.client.resources,Directed,instantiates,9
net.minecraft.client.multiplayer,net.minecraft.client.particle,Directed,instantiates,2
net.minecraft.client.multiplayer,net.minecraft.ReportedException,Directed,instantiates,1
net.minecraft.client.multiplayer,net.minecraft.world.phys,Directed,instantiates,2
net.minecraft.client.multiplayer,net.minecraft.core.Cursor3D,Directed,instantiates,1
net.minecraft.client.multiplayer,net.minecraft.world.item,Directed,instantiates,3
net.minecraft.client.multiplayer,net.minecraft.stats.StatsCounter,Directed,instantiates,1
net.minecraft.client.multiplayer,net.minecraft.client.ClientRecipeBook,Directed,instantiates,1
net.minecraft.client.multiplayer,net.minecraft.client.player,Directed,instantiates,4
net.minecraft.client.multiplayer,net.minecraft.network.chat,Directed,instantiates,1
net.minecraft.client.multiplayer,net.minecraft.world.SimpleContainer,Directed,instantiates,1
net.minecraft.client.multiplayer,net.minecraft.world.inventory,Directed,instantiates,1
net.minecraft.client.multiplayer,net.minecraft.world.effect,Directed,instantiates,1
net.minecraft.client.multiplayer,net.minecraft.client.renderer,Directed,instantiates,1
net.minecraft.client.multiplayer,net.minecraft.util.datafix,Directed,instantiates,2
net.minecraft.client.multiplayer,net.minecraft.core.LayeredRegistryAccess,Directed,instantiates,1
net.minecraft.client.multiplayer,net.minecraft.commands.SharedSuggestionProvider,Directed,instantiates,2
net.minecraft.client.multiplayer,net.minecraft.server.packs,Directed,instantiates,1
net.minecraft.client.multiplayer,net.minecraft.nbt.CompoundTag,Directed,instantiates,2
net.minecraft.client.multiplayer,net.minecraft.nbt.ListTag,Directed,instantiates,1
net.minecraft.client.multiplayer,net.minecraft.server.Bootstrap,Directed,instantiates,1
net.minecraft.client.multiplayer,net.minecraft.client.searchtree,Directed,instantiates,3
net.minecraft.client.Options,net.minecraft.client.OptionInstance,Directed,instantiates,3
net.minecraft.client.Options,net.minecraft.util.eventlog,Directed,instantiates,1
net.minecraft.client.Options,net.minecraft.world.level,Directed,instantiates,2
net.minecraft.client.Options,net.minecraft.nbt.CompoundTag,Directed,instantiates,1
net.minecraft.client.Options,net.minecraft.server.level,Directed,instantiates,1
net.minecraft.client.Options,net.minecraft.network.protocol,Directed,instantiates,1
net.minecraft.client.particle,net.minecraft.world.item,Directed,instantiates,3
net.minecraft.client.particle,com.mojang.blaze3d.vertex,Directed,instantiates,2
net.minecraft.client.particle,net.minecraft.client.model,Directed,instantiates,1
net.minecraft.client.particle,net.minecraft.world.phys,Directed,instantiates,5
net.minecraft.client.particle,net.minecraft.client.renderer,Directed,instantiates,1
net.minecraft.client.particle,net.minecraft.ReportedException,Directed,instantiates,2
net.minecraft.client.PeriodicNotificationManager,net.minecraft.client.DeltaTracker,Directed,instantiates,1
net.minecraft.client.player,net.minecraft.world.phys,Directed,instantiates,9
net.minecraft.client.player,net.minecraft.client.resources,Directed,instantiates,7
net.minecraft.client.player,net.minecraft.network.protocol,Directed,instantiates,18
net.minecraft.client.player,net.minecraft.client.gui,Directed,instantiates,8
net.minecraft.client.quickplay,net.minecraft.client.gui,Directed,instantiates,13
net.minecraft.client.quickplay,net.minecraft.client.multiplayer,Directed,instantiates,2
net.minecraft.client.quickplay,com.mojang.realmsclient.RealmsMainScreen,Directed,instantiates,2
net.minecraft.client.quickplay,com.mojang.realmsclient.util,Directed,instantiates,1
net.minecraft.client.quickplay,com.mojang.realmsclient.gui,Directed,instantiates,1
net.minecraft.client.renderer,net.minecraft.client.resources,Directed,instantiates,11
net.minecraft.client.renderer,net.neoforged.neoforge.client,Directed,instantiates,12
net.minecraft.client.renderer,net.minecraft.ReportedException,Directed,instantiates,14
net.minecraft.client.renderer,net.minecraft.world.item,Directed,instantiates,4
net.minecraft.client.renderer,net.minecraft.core.BlockPos,Directed,instantiates,7
net.minecraft.client.renderer,net.minecraft.client.model,Directed,instantiates,155
net.minecraft.client.renderer,net.minecraft.world.phys,Directed,instantiates,43
net.minecraft.client.renderer,com.mojang.blaze3d.vertex,Directed,instantiates,21
net.minecraft.client.renderer,net.minecraft.world.level,Directed,instantiates,3
net.minecraft.client.renderer,com.mojang.blaze3d.shaders,Directed,instantiates,6
net.minecraft.client.renderer,net.minecraft.server.ChainedJsonException,Directed,instantiates,8
net.minecraft.client.renderer,net.minecraft.world.entity,Directed,instantiates,1
net.minecraft.client.renderer,net.minecraft.client.gui,Directed,instantiates,2
net.minecraft.client.renderer,net.minecraft.server.packs,Directed,instantiates,2
net.minecraft.client.renderer,com.mojang.blaze3d.platform,Directed,instantiates,9
net.minecraft.client.renderer,net.minecraft.CrashReport,Directed,instantiates,1
net.minecraft.client.renderer,net.minecraft.core.particles,Directed,instantiates,3
net.minecraft.client.renderer,net.minecraft.server.level,Directed,instantiates,1
net.minecraft.client.renderer,com.mojang.blaze3d.pipeline,Directed,instantiates,1
net.minecraft.client.renderer,com.mojang.blaze3d.preprocessor,Directed,instantiates,1
net.minecraft.client.renderer,net.minecraft.resources.FileToIdConverter,Directed,instantiates,2
net.minecraft.client.renderer,com.mojang.realmsclient.dto,Directed,instantiates,1
net.minecraft.client.resources,net.minecraft.server.packs,Directed,instantiates,4
net.minecraft.client.resources,net.minecraft.client.renderer,Directed,instantiates,4
net.minecraft.client.resources,com.mojang.math.Transformation,Directed,instantiates,1
net.minecraft.client.resources,net.minecraft.client.ResourceLoadStateTracker,Directed,instantiates,1
net.minecraft.client.resources,net.minecraft.util.HttpUtil,Directed,instantiates,1
net.minecraft.client.resources,net.minecraft.client.gui,Directed,instantiates,3
net.minecraft.client.resources,net.minecraft.network.protocol,Directed,instantiates,2
net.minecraft.client.Screenshot,net.minecraft.util.eventlog,Directed,instantiates,5
net.minecraft.client.Screenshot,net.minecraft.network.chat,Directed,instantiates,1
net.minecraft.client.Screenshot,com.mojang.blaze3d.platform,Directed,instantiates,1
net.minecraft.client.server,net.minecraft.nbt.CompoundTag,Directed,instantiates,1
net.minecraft.client.server,net.minecraft.DefaultUncaughtExceptionHandler,Directed,instantiates,2
net.minecraft.client.sounds,com.mojang.blaze3d.audio,Directed,instantiates,1
net.minecraft.client.sounds,net.neoforged.neoforge.client,Directed,instantiates,4
net.minecraft.client.sounds,net.minecraft.world.phys,Directed,instantiates,4
net.minecraft.client.sounds,net.minecraft.client.resources,Directed,instantiates,1
net.minecraft.client.sounds,net.minecraft.util.valueproviders,Directed,instantiates,2
net.minecraft.client.StringSplitter,net.minecraft.network.chat,Directed,instantiates,1
net.minecraft.client.StringSplitter,net.minecraft.client.ComponentCollector,Directed,instantiates,3
net.minecraft.client.telemetry,net.minecraft.util.eventlog,Directed,instantiates,1
net.minecraft.client.tutorial,net.minecraft.client.gui,Directed,instantiates,7
net.minecraft.commands.arguments,net.minecraft.world.level,Directed,instantiates,1
net.minecraft.commands.arguments,net.minecraft.nbt.TagParser,Directed,instantiates,10
net.minecraft.commands.arguments,net.minecraft.world.phys,Directed,instantiates,9
net.minecraft.commands.arguments,net.minecraft.util.parsing,Directed,instantiates,1
net.minecraft.commands.arguments,net.minecraft.world.item,Directed,instantiates,1
net.minecraft.commands.arguments,net.minecraft.server.level,Directed,instantiates,2
net.minecraft.commands.arguments,net.minecraft.nbt.ListTag,Directed,instantiates,3
net.minecraft.commands.arguments,net.minecraft.nbt.CompoundTag,Directed,instantiates,5
net.minecraft.commands.arguments,net.minecraft.advancements.Advancement,Directed,instantiates,2
net.minecraft.commands.Commands,net.neoforged.neoforge.event,Directed,instantiates,1
net.minecraft.commands.Commands,net.minecraft.network.chat,Directed,instantiates,2
net.minecraft.commands.Commands,net.minecraft.commands.execution,Directed,instantiates,1
net.minecraft.commands.Commands,net.minecraft.network.protocol,Directed,instantiates,1
net.minecraft.commands.Commands,net.minecraft.commands.CommandBuildContext,Directed,instantiates,1
net.minecraft.commands.Commands,net.minecraft.core.HolderLookup,Directed,instantiates,1
net.minecraft.commands.CommandSourceStack,net.minecraft.world.phys,Directed,instantiates,2
net.minecraft.commands.functions,net.minecraft.commands.execution,Directed,instantiates,1
net.minecraft.commands.functions,net.minecraft.commands.FunctionInstantiationException,Directed,instantiates,3
net.minecraft.commands.synchronization,net.minecraft.commands.arguments,Directed,instantiates,7
net.minecraft.core.BlockMath,com.mojang.math.Transformation,Directed,instantiates,2
net.minecraft.core.BlockPos,net.minecraft.world.phys,Directed,instantiates,1
net.minecraft.core.cauldron,net.minecraft.world.item,Directed,instantiates,6
net.minecraft.core.component,net.minecraft.network.codec,Directed,instantiates,1
net.minecraft.core.Direction8,net.minecraft.core.Vec3i,Directed,instantiates,1
net.minecraft.core.dispenser,net.minecraft.world.entity,Directed,instantiates,4
net.minecraft.core.dispenser,net.minecraft.world.phys,Directed,instantiates,6
net.minecraft.core.dispenser,net.minecraft.world.item,Directed,instantiates,6
net.minecraft.core.Holder,net.minecraft.core.HolderSet,Directed,instantiates,1
net.minecraft.core.LayeredRegistryAccess,net.minecraft.core.RegistryAccess,Directed,instantiates,2
net.minecraft.core.MappedRegistry,net.minecraft.core.HolderSet,Directed,instantiates,1
net.minecraft.core.MappedRegistry,net.minecraft.core.HolderGetter,Directed,instantiates,1
net.minecraft.core.registries,net.minecraft.core.MappedRegistry,Directed,instantiates,2
net.minecraft.core.registries,net.minecraft.core.DefaultedMappedRegistry,Directed,instantiates,2
net.minecraft.core.Registry,net.minecraft.core.IdMap,Directed,instantiates,1
net.minecraft.core.Registry,net.minecraft.core.HolderLookup,Directed,instantiates,1
net.minecraft.core.RegistrySetBuilder,net.minecraft.client.gui,Directed,instantiates,2
net.minecraft.core.RegistrySetBuilder,net.minecraft.core.HolderGetter,Directed,instantiates,1
net.minecraft.core.RegistrySetBuilder,net.minecraft.resources.RegistryOps,Directed,instantiates,1
net.minecraft.core.RegistrySetBuilder,net.minecraft.data.worldgen,Directed,instantiates,1
net.minecraft.core.Rotations,net.minecraft.nbt.ListTag,Directed,instantiates,1
net.minecraft.core.SectionPos,net.minecraft.core.BlockPos,Directed,instantiates,2
net.minecraft.core.SectionPos,net.minecraft.world.level,Directed,instantiates,1
net.minecraft.core.SectionPos,net.minecraft.core.Cursor3D,Directed,instantiates,1
net.minecraft.CrashReport,net.minecraft.CrashReportCategory,Directed,instantiates,1
net.minecraft.data.advancements,net.minecraft.world.level,Directed,instantiates,1
net.minecraft.data.advancements,net.minecraft.world.item,Directed,instantiates,2
net.minecraft.data.advancements,net.minecraft.core.BlockPos,Directed,instantiates,2
net.minecraft.data.advancements,net.minecraft.data.BlockFamily,Directed,instantiates,1
net.minecraft.data.advancements,net.minecraft.advancements.AdvancementRequirements,Directed,instantiates,1
net.minecraft.data.advancements,net.minecraft.advancements.critereon,Directed,instantiates,1
net.minecraft.data.BlockFamilies,net.minecraft.data.BlockFamily,Directed,instantiates,1
net.minecraft.data.DataGenerator,net.minecraft.data.PackOutput,Directed,instantiates,4
net.minecraft.data.DataGenerator,net.minecraft.data.HashCache,Directed,instantiates,1
net.minecraft.data.info,net.minecraft.commands.Commands,Directed,instantiates,1
net.minecraft.data.loot,net.minecraft.advancements.critereon,Directed,instantiates,2
net.minecraft.data.loot,net.minecraft.core.BlockPos,Directed,instantiates,2
net.minecraft.data.loot,net.minecraft.core.MappedRegistry,Directed,instantiates,1
net.minecraft.data.loot,net.minecraft.client.multiplayer,Directed,instantiates,1
net.minecraft.data.loot,net.minecraft.core.RegistryAccess,Directed,instantiates,1
net.minecraft.data.loot,net.minecraft.world.level,Directed,instantiates,1
net.minecraft.data.loot,net.minecraft.data.BlockFamily,Directed,instantiates,22
net.minecraft.data.loot,net.minecraft.world.item,Directed,instantiates,2
net.minecraft.data.Main,net.minecraft.util.eventlog,Directed,instantiates,1
net.minecraft.data.Main,net.minecraft.data.DataGenerator,Directed,instantiates,1
net.minecraft.data.Main,net.minecraft.data.structures,Directed,instantiates,3
net.minecraft.data.Main,net.minecraft.data.tags,Directed,instantiates,1
net.minecraft.data.metadata,net.minecraft.server.packs,Directed,instantiates,1
net.minecraft.data.recipes,net.neoforged.neoforge.common,Directed,instantiates,3
net.minecraft.data.recipes,net.minecraft.world.item,Directed,instantiates,9
net.minecraft.data.registries,net.neoforged.neoforge.common,Directed,instantiates,1
net.minecraft.data.registries,net.minecraft.data.DataProvider,Directed,instantiates,1
net.minecraft.data.structures,net.minecraft.util.FastBufferedInputStream,Directed,instantiates,1
net.minecraft.data.structures,net.minecraft.world.level,Directed,instantiates,1
net.minecraft.data.structures,net.minecraft.nbt.CompoundTag,Directed,instantiates,1
net.minecraft.data.tags,net.neoforged.neoforge.common,Directed,instantiates,2
net.minecraft.data.worldgen,net.minecraft.world.level,Directed,instantiates,1011
net.minecraft.data.worldgen,net.minecraft.data.BlockFamily,Directed,instantiates,104
net.minecraft.data.worldgen,net.minecraft.util.valueproviders,Directed,instantiates,5
net.minecraft.data.worldgen,net.minecraft.util.parsing,Directed,instantiates,2
net.minecraft.data.worldgen,net.minecraft.core.BlockPos,Directed,instantiates,5
net.minecraft.data.worldgen,net.minecraft.core.Vec3i,Directed,instantiates,1
net.minecraft.DetectedVersion,net.minecraft.world.level,Directed,instantiates,2
net.minecraft.gametest.framework,net.minecraft.world.entity,Directed,instantiates,2
net.minecraft.gametest.framework,net.minecraft.world.item,Directed,instantiates,5
net.minecraft.gametest.framework,net.minecraft.world.phys,Directed,instantiates,25
net.minecraft.gametest.framework,net.minecraft.core.BlockPos,Directed,instantiates,26
net.minecraft.gametest.framework,net.minecraft.server.level,Directed,instantiates,1
net.minecraft.gametest.framework,net.minecraft.network.Connection,Directed,instantiates,1
net.minecraft.gametest.framework,net.minecraft.world.level,Directed,instantiates,5
net.minecraft.gametest.framework,net.minecraft.core.MappedRegistry,Directed,instantiates,1
net.minecraft.gametest.framework,net.minecraft.server.players,Directed,instantiates,1
net.minecraft.gametest.framework,net.minecraft.commands.arguments,Directed,instantiates,1
net.minecraft.gametest.framework,net.minecraft.core.Vec3i,Directed,instantiates,1
net.minecraft.gametest.framework,net.minecraft.network.chat,Directed,instantiates,4
net.minecraft.nbt.CompoundTag,net.minecraft.nbt.ByteArrayTag,Directed,instantiates,2
net.minecraft.nbt.CompoundTag,net.minecraft.nbt.IntArrayTag,Directed,instantiates,2
net.minecraft.nbt.CompoundTag,net.minecraft.nbt.LongArrayTag,Directed,instantiates,2
net.minecraft.nbt.CompoundTag,net.minecraft.ReportedException,Directed,instantiates,5
net.minecraft.nbt.CompoundTag,net.minecraft.nbt.ListTag,Directed,instantiates,2
net.minecraft.nbt.CompoundTag,net.minecraft.nbt.ReportedNbtException,Directed,instantiates,1
net.minecraft.nbt.ListTag,net.minecraft.nbt.CompoundTag,Directed,instantiates,1
net.minecraft.nbt.NbtAccounter,net.minecraft.nbt.NbtAccounterException,Directed,instantiates,3
net.minecraft.nbt.NbtIo,net.minecraft.util.FastBufferedInputStream,Directed,instantiates,3
net.minecraft.nbt.NbtIo,net.minecraft.nbt.ReportedNbtException,Directed,instantiates,1
net.minecraft.nbt.NbtOps,net.minecraft.nbt.CompoundTag,Directed,instantiates,6
net.minecraft.nbt.NbtOps,net.minecraft.nbt.ByteArrayTag,Directed,instantiates,2
net.minecraft.nbt.NbtOps,net.minecraft.nbt.IntArrayTag,Directed,instantiates,2
net.minecraft.nbt.NbtOps,net.minecraft.nbt.LongArrayTag,Directed,instantiates,2
net.minecraft.nbt.NbtOps,net.minecraft.nbt.ListTag,Directed,instantiates,1
net.minecraft.nbt.NbtUtils,net.minecraft.nbt.IntArrayTag,Directed,instantiates,2
net.minecraft.nbt.NbtUtils,net.minecraft.core.BlockPos,Directed,instantiates,1
net.minecraft.nbt.NbtUtils,net.minecraft.nbt.CompoundTag,Directed,instantiates,7
net.minecraft.nbt.NbtUtils,net.minecraft.nbt.TextComponentTagVisitor,Directed,instantiates,1
net.minecraft.nbt.NbtUtils,net.minecraft.nbt.SnbtPrinterTagVisitor,Directed,instantiates,1
net.minecraft.nbt.NbtUtils,net.minecraft.nbt.ListTag,Directed,instantiates,1
net.minecraft.nbt.Tag,net.minecraft.nbt.StringTagVisitor,Directed,instantiates,1
net.minecraft.nbt.TagParser,net.minecraft.nbt.CompoundTag,Directed,instantiates,1
net.minecraft.nbt.TagParser,net.minecraft.nbt.ListTag,Directed,instantiates,1
net.minecraft.nbt.TagParser,net.minecraft.nbt.ByteArrayTag,Directed,instantiates,1
net.minecraft.nbt.TagParser,net.minecraft.nbt.LongArrayTag,Directed,instantiates,1
net.minecraft.nbt.TagParser,net.minecraft.nbt.IntArrayTag,Directed,instantiates,1
net.minecraft.nbt.visitors,net.minecraft.nbt.ByteArrayTag,Directed,instantiates,1
net.minecraft.nbt.visitors,net.minecraft.nbt.IntArrayTag,Directed,instantiates,1
net.minecraft.nbt.visitors,net.minecraft.nbt.LongArrayTag,Directed,instantiates,1
net.minecraft.nbt.visitors,net.minecraft.nbt.ListTag,Directed,instantiates,2
net.minecraft.nbt.visitors,net.minecraft.nbt.CompoundTag,Directed,instantiates,2
net.minecraft.network.chat,net.minecraft.network.protocol,Directed,instantiates,4
net.minecraft.network.chat,net.minecraft.commands.arguments,Directed,instantiates,4
net.minecraft.network.chat,net.minecraft.world.item,Directed,instantiates,1
net.minecraft.network.chat,net.minecraft.world.entity,Directed,instantiates,1
net.minecraft.network.chat,net.minecraft.world.level,Directed,instantiates,3
net.minecraft.network.CipherDecoder,net.minecraft.network.CipherBase,Directed,instantiates,1
net.minecraft.network.CipherEncoder,net.minecraft.network.CipherBase,Directed,instantiates,1
net.minecraft.network.codec,net.minecraft.world.level,Directed,instantiates,1
net.minecraft.network.codec,net.minecraft.network.protocol,Directed,instantiates,1
net.minecraft.network.Connection,net.minecraft.network.protocol,Directed,instantiates,2
net.minecraft.network.Connection,net.minecraft.network.PacketBundlePacker,Directed,instantiates,1
net.minecraft.network.Connection,net.minecraft.network.PacketBundleUnpacker,Directed,instantiates,1
net.minecraft.network.Connection,net.minecraft.server.Bootstrap,Directed,instantiates,2
net.minecraft.network.Connection,net.minecraft.network.PacketDecoder,Directed,instantiates,1
net.minecraft.network.Connection,net.minecraft.network.UnconfiguredPipelineHandler,Directed,instantiates,2
net.minecraft.network.Connection,net.minecraft.network.PacketEncoder,Directed,instantiates,1
net.minecraft.network.Connection,net.minecraft.network.NoOpFrameEncoder,Directed,instantiates,1
net.minecraft.network.Connection,net.minecraft.network.Varint21LengthFieldPrepender,Directed,instantiates,1
net.minecraft.network.Connection,net.minecraft.network.Varint21FrameDecoder,Directed,instantiates,1
net.minecraft.network.Connection,net.minecraft.network.MonitorFrameDecoder,Directed,instantiates,1
net.minecraft.network.Connection,net.minecraft.network.NoOpFrameDecoder,Directed,instantiates,1
net.minecraft.network.Connection,net.minecraft.network.CipherDecoder,Directed,instantiates,1
net.minecraft.network.Connection,net.minecraft.network.CipherEncoder,Directed,instantiates,1
net.minecraft.network.Connection,net.minecraft.network.CompressionDecoder,Directed,instantiates,1
net.minecraft.network.Connection,net.minecraft.network.CompressionEncoder,Directed,instantiates,1
net.minecraft.network.Connection,net.minecraft.network.BandwidthDebugMonitor,Directed,instantiates,1
net.minecraft.network.FriendlyByteBuf,net.minecraft.world.level,Directed,instantiates,1
net.minecraft.network.FriendlyByteBuf,net.minecraft.world.phys,Directed,instantiates,3
net.minecraft.network.PacketEncoder,net.minecraft.network.SkipPacketException,Directed,instantiates,1
net.minecraft.network.protocol,net.minecraft.network.codec,Directed,instantiates,1
net.minecraft.network.protocol,net.minecraft.world.level,Directed,instantiates,1
net.minecraft.network.protocol,net.minecraft.server.level,Directed,instantiates,1
net.minecraft.network.protocol,net.minecraft.network.FriendlyByteBuf,Directed,instantiates,4
net.minecraft.network.protocol,net.minecraft.world.phys,Directed,instantiates,5
net.minecraft.network.protocol,net.minecraft.world.damagesource,Directed,instantiates,2
net.minecraft.network.protocol,net.minecraft.core.BlockPos,Directed,instantiates,4
net.minecraft.network.protocol,net.minecraft.nbt.CompoundTag,Directed,instantiates,1
net.minecraft.network.protocol,net.minecraft.nbt.LongArrayTag,Directed,instantiates,1
net.minecraft.network.protocol,net.minecraft.network.chat,Directed,instantiates,3
net.minecraft.network.protocol,net.minecraft.commands.arguments,Directed,instantiates,1
net.minecraft.network.protocol,net.minecraft.core.Vec3i,Directed,instantiates,1
net.minecraft.network.protocol,net.minecraft.ReportedException,Directed,instantiates,1
net.minecraft.network.protocol,net.minecraft.network.ProtocolInfo,Directed,instantiates,1
net.minecraft.network.ProtocolSwapHandler,net.minecraft.network.UnconfiguredPipelineHandler,Directed,instantiates,2
net.minecraft.network.syncher,net.minecraft.server.commands,Directed,instantiates,1
net.minecraft.network.UnconfiguredPipelineHandler,net.minecraft.network.PacketDecoder,Directed,instantiates,1
net.minecraft.network.UnconfiguredPipelineHandler,net.minecraft.network.PacketEncoder,Directed,instantiates,1
net.minecraft.realms.RealmsConnect,net.minecraft.client.multiplayer,Directed,instantiates,1
net.minecraft.realms.RealmsConnect,net.minecraft.network.protocol,Directed,instantiates,1
net.minecraft.realms.RealmsConnect,net.minecraft.realms.DisconnectedRealmsScreen,Directed,instantiates,1
net.minecraft.recipebook.ServerPlaceRecipe,net.minecraft.network.protocol,Directed,instantiates,1
net.minecraft.resources.DelegatingOps,net.minecraft.advancements.Advancement,Directed,instantiates,1
net.minecraft.resources.RegistryDataLoader,net.minecraft.core.RegistryAccess,Directed,instantiates,1
net.minecraft.resources.RegistryDataLoader,net.minecraft.resources.RegistryOps,Directed,instantiates,1
net.minecraft.resources.RegistryDataLoader,net.neoforged.neoforge.common,Directed,instantiates,1
net.minecraft.resources.RegistryDataLoader,net.neoforged.neoforge.registries,Directed,instantiates,1
net.minecraft.resources.RegistryDataLoader,net.minecraft.client.gui,Directed,instantiates,1
net.minecraft.resources.ResourceLocation,net.minecraft.ResourceLocationException,Directed,instantiates,2
net.minecraft.server.Bootstrap,net.minecraft.world.level,Directed,instantiates,1
net.minecraft.server.Bootstrap,net.minecraft.server.DebugLoggedPrintStream,Directed,instantiates,2
net.minecraft.server.Bootstrap,net.minecraft.server.LoggedPrintStream,Directed,instantiates,2
net.minecraft.server.bossevents,net.minecraft.network.chat,Directed,instantiates,1
net.minecraft.server.bossevents,net.minecraft.nbt.CompoundTag,Directed,instantiates,2
net.minecraft.server.bossevents,net.minecraft.nbt.ListTag,Directed,instantiates,1
net.minecraft.server.chase,net.minecraft.world.phys,Directed,instantiates,2
net.minecraft.server.chase,net.minecraft.commands.CommandSourceStack,Directed,instantiates,1
net.minecraft.server.commands,net.minecraft.server.players,Directed,instantiates,4
net.minecraft.server.commands,net.minecraft.server.chase,Directed,instantiates,2
net.minecraft.server.commands,net.minecraft.core.BlockPos,Directed,instantiates,6
net.minecraft.server.commands,net.minecraft.world.level,Directed,instantiates,23
net.minecraft.server.commands,net.minecraft.world.damagesource,Directed,instantiates,4
net.minecraft.server.commands,net.minecraft.nbt.CompoundTag,Directed,instantiates,4
net.minecraft.server.commands,net.minecraft.commands.execution,Directed,instantiates,6
net.minecraft.server.commands,net.minecraft.world.entity,Directed,instantiates,3
net.minecraft.server.commands,net.minecraft.world.effect,Directed,instantiates,2
net.minecraft.server.commands,net.minecraft.world.phys,Directed,instantiates,2
net.minecraft.server.commands,net.minecraft.server.packs,Directed,instantiates,8
net.minecraft.server.commands,net.minecraft.network.chat,Directed,instantiates,6
net.minecraft.server.commands,net.minecraft.util.FileZipper,Directed,instantiates,1
net.minecraft.server.commands,net.minecraft.SystemReport,Directed,instantiates,1
net.minecraft.server.commands,net.minecraft.network.protocol,Directed,instantiates,8
net.minecraft.server.commands,net.minecraft.world.item,Directed,instantiates,2
net.minecraft.server.dedicated,net.minecraft.server.rcon,Directed,instantiates,1
net.minecraft.server.dedicated,net.minecraft.DefaultUncaughtExceptionHandler,Directed,instantiates,1
net.minecraft.server.dedicated,net.minecraft.util.debugchart,Directed,instantiates,2
net.minecraft.server.dedicated,net.minecraft.DefaultUncaughtExceptionHandlerWithName,Directed,instantiates,1
net.minecraft.server.dedicated,net.minecraft.client.server,Directed,instantiates,1
net.minecraft.server.dedicated,net.minecraft.server.ConsoleInput,Directed,instantiates,1
net.minecraft.server.dedicated,net.neoforged.neoforge.event,Directed,instantiates,1
net.minecraft.server.dedicated,net.minecraft.world.level,Directed,instantiates,3
net.minecraft.server.dedicated,net.minecraft.CrashReport,Directed,instantiates,1
net.minecraft.server.dedicated,net.minecraft.client.DeltaTracker,Directed,instantiates,1
net.minecraft.server.dedicated,net.minecraft.world.item,Directed,instantiates,4
net.minecraft.server.Eula,net.minecraft.world.item,Directed,instantiates,2
net.minecraft.server.gui,com.mojang.blaze3d.pipeline,Directed,instantiates,4
net.minecraft.server.gui,net.minecraft.DefaultUncaughtExceptionHandler,Directed,instantiates,1
net.minecraft.server.gui,net.minecraft.client.DeltaTracker,Directed,instantiates,1
net.minecraft.server.gui,net.neoforged.neoforge.client,Directed,instantiates,2
net.minecraft.server.level,net.minecraft.network.protocol,Directed,instantiates,85
net.minecraft.server.level,net.minecraft.world.entity,Directed,instantiates,1
net.minecraft.server.level,net.minecraft.ReportedException,Directed,instantiates,7
net.minecraft.server.level,net.minecraft.world.level,Directed,instantiates,35
net.minecraft.server.level,net.neoforged.neoforge.event,Directed,instantiates,8
net.minecraft.server.level,net.minecraft.util.thread,Directed,instantiates,8
net.minecraft.server.level,net.minecraft.util.eventlog,Directed,instantiates,2
net.minecraft.server.level,net.minecraft.core.BlockPos,Directed,instantiates,3
net.minecraft.server.level,net.minecraft.client.gui,Directed,instantiates,1
net.minecraft.server.level,net.neoforged.neoforge.network,Directed,instantiates,1
net.minecraft.server.level,net.minecraft.server.players,Directed,instantiates,1
net.minecraft.server.level,net.minecraft.world.phys,Directed,instantiates,7
net.minecraft.server.level,net.minecraft.CrashReport,Directed,instantiates,1
net.minecraft.server.level,net.minecraft.nbt.CompoundTag,Directed,instantiates,4
net.minecraft.server.level,net.minecraft.world.item,Directed,instantiates,2
net.minecraft.server.level,net.minecraft.network.chat,Directed,instantiates,1
net.minecraft.server.level,net.minecraft.core.particles,Directed,instantiates,1
net.minecraft.server.level,net.minecraft.world.inventory,Directed,instantiates,1
net.minecraft.server.level,net.minecraft.world.effect,Directed,instantiates,1
net.minecraft.server.level,net.minecraft.world.DifficultyInstance,Directed,instantiates,1
net.minecraft.server.Main,net.minecraft.util.eventlog,Directed,instantiates,4
net.minecraft.server.Main,net.neoforged.neoforge.gametest,Directed,instantiates,1
net.minecraft.server.Main,net.minecraft.core.BlockPos,Directed,instantiates,1
net.minecraft.server.Main,net.minecraft.server.Eula,Directed,instantiates,1
net.minecraft.server.Main,net.minecraft.server.dedicated,Directed,instantiates,2
net.minecraft.server.Main,net.minecraft.world.level,Directed,instantiates,3
net.minecraft.server.Main,net.minecraft.DefaultUncaughtExceptionHandler,Directed,instantiates,1
net.minecraft.server.Main,net.minecraft.util.worldupdate,Directed,instantiates,1
net.minecraft.server.MinecraftServer,net.minecraft.server.network,Directed,instantiates,1
net.minecraft.server.MinecraftServer,net.minecraft.server.ServerTickRateManager,Directed,instantiates,1
net.minecraft.server.MinecraftServer,net.minecraft.server.ServerFunctionManager,Directed,instantiates,1
net.minecraft.server.MinecraftServer,net.minecraft.world.level,Directed,instantiates,12
net.minecraft.server.MinecraftServer,net.minecraft.world.entity,Directed,instantiates,3
net.minecraft.server.MinecraftServer,net.minecraft.server.level,Directed,instantiates,4
net.minecraft.server.MinecraftServer,net.neoforged.neoforge.event,Directed,instantiates,3
net.minecraft.server.MinecraftServer,net.minecraft.ReportedException,Directed,instantiates,2
net.minecraft.server.MinecraftServer,net.minecraft.CrashReport,Directed,instantiates,1
net.minecraft.server.MinecraftServer,net.minecraft.server.TickTask,Directed,instantiates,1
net.minecraft.server.MinecraftServer,net.minecraft.network.protocol,Directed,instantiates,3
net.minecraft.server.MinecraftServer,net.minecraft.server.packs,Directed,instantiates,1
net.minecraft.server.MinecraftServer,net.minecraft.commands.CommandSourceStack,Directed,instantiates,1
net.minecraft.server.MinecraftServer,net.minecraft.util.profiling,Directed,instantiates,3
net.minecraft.server.network,net.minecraft.network.protocol,Directed,instantiates,31
net.minecraft.server.network,net.minecraft.ReportedException,Directed,instantiates,2
net.minecraft.server.network,net.neoforged.neoforge.network,Directed,instantiates,1
net.minecraft.server.network,net.minecraft.network.RateKickingConnection,Directed,instantiates,1
net.minecraft.server.network,net.minecraft.network.Connection,Directed,instantiates,2
net.minecraft.server.network,net.minecraft.util.FutureChain,Directed,instantiates,1
net.minecraft.server.network,net.minecraft.world.phys,Directed,instantiates,5
net.minecraft.server.network,net.minecraft.world.item,Directed,instantiates,2
net.minecraft.server.network,net.minecraft.nbt.CompoundTag,Directed,instantiates,1
net.minecraft.server.network,net.minecraft.network.chat,Directed,instantiates,2
net.minecraft.server.network,net.minecraft.client.multiplayer,Directed,instantiates,1
net.minecraft.server.network,net.neoforged.neoforge.event,Directed,instantiates,1
net.minecraft.server.network,net.minecraft.DefaultUncaughtExceptionHandler,Directed,instantiates,1
net.minecraft.server.packs,com.mojang.blaze3d.platform,Directed,instantiates,1
net.minecraft.server.packs,net.minecraft.network.chat,Directed,instantiates,1
net.minecraft.server.packs,net.minecraft.world.level,Directed,instantiates,1
net.minecraft.server.packs,net.minecraft.client.gui,Directed,instantiates,1
net.minecraft.server.packs,net.minecraft.util.profiling,Directed,instantiates,2
net.minecraft.server.PlayerAdvancements,net.minecraft.world.level,Directed,instantiates,1
net.minecraft.server.PlayerAdvancements,net.minecraft.advancements.AdvancementTree,Directed,instantiates,2
net.minecraft.server.PlayerAdvancements,net.minecraft.network.protocol,Directed,instantiates,2
net.minecraft.server.PlayerAdvancements,net.minecraft.advancements.AdvancementProgress,Directed,instantiates,1
net.minecraft.server.players,net.minecraft.util.eventlog,Directed,instantiates,6
net.minecraft.server.players,net.minecraft.server.network,Directed,instantiates,1
net.minecraft.server.players,net.minecraft.network.protocol,Directed,instantiates,32
net.minecraft.server.players,net.neoforged.neoforge.event,Directed,instantiates,2
net.minecraft.server.players,net.minecraft.world.level,Directed,instantiates,1
net.minecraft.server.players,net.minecraft.server.level,Directed,instantiates,2
net.minecraft.server.players,net.minecraft.stats.ServerStatsCounter,Directed,instantiates,1
net.minecraft.server.players,net.minecraft.server.PlayerAdvancements,Directed,instantiates,1
net.minecraft.server.rcon,net.minecraft.commands.CommandSourceStack,Directed,instantiates,1
net.minecraft.server.rcon,net.minecraft.DefaultUncaughtExceptionHandlerWithName,Directed,instantiates,1
net.minecraft.server.RegistryLayer,net.minecraft.core.LayeredRegistryAccess,Directed,instantiates,1
net.minecraft.server.ReloadableServerRegistries,net.minecraft.core.MappedRegistry,Directed,instantiates,1
net.minecraft.server.ReloadableServerRegistries,net.minecraft.client.multiplayer,Directed,instantiates,1
net.minecraft.server.ReloadableServerRegistries,net.minecraft.world.level,Directed,instantiates,1
net.minecraft.server.ReloadableServerRegistries,net.minecraft.core.RegistryAccess,Directed,instantiates,1
net.minecraft.server.ReloadableServerResources,net.minecraft.server.ReloadableServerRegistries,Directed,instantiates,1
net.minecraft.server.ReloadableServerResources,net.minecraft.world.item,Directed,instantiates,1
net.minecraft.server.ReloadableServerResources,net.minecraft.tags.TagManager,Directed,instantiates,1
net.minecraft.server.ReloadableServerResources,net.minecraft.commands.Commands,Directed,instantiates,1
net.minecraft.server.ReloadableServerResources,net.minecraft.server.ServerAdvancementManager,Directed,instantiates,1
net.minecraft.server.ReloadableServerResources,net.minecraft.server.ServerFunctionLibrary,Directed,instantiates,1
net.minecraft.server.ReloadableServerResources,net.neoforged.neoforge.common,Directed,instantiates,1
net.minecraft.server.ReloadableServerResources,net.neoforged.neoforge.event,Directed,instantiates,1
net.minecraft.server.ReloadableServerResources,net.minecraft.core.HolderLookup,Directed,instantiates,1
net.minecraft.server.ServerAdvancementManager,net.minecraft.advancements.AdvancementTree,Directed,instantiates,1
net.minecraft.server.ServerAdvancementManager,net.minecraft.client.multiplayer,Directed,instantiates,1
net.minecraft.server.ServerFunctionLibrary,net.minecraft.commands.CommandSourceStack,Directed,instantiates,1
net.minecraft.server.ServerLinks,net.minecraft.server.ChainedJsonException,Directed,instantiates,2
net.minecraft.server.ServerScoreboard,net.minecraft.network.protocol,Directed,instantiates,9
net.minecraft.server.ServerScoreboard,net.minecraft.core.Cloner,Directed,instantiates,1
net.minecraft.server.ServerScoreboard,net.minecraft.world.scores,Directed,instantiates,1
net.minecraft.server.WorldLoader,net.minecraft.server.packs,Directed,instantiates,1
net.minecraft.SharedConstants,net.minecraft.commands.BrigadierExceptions,Directed,instantiates,1
net.minecraft.sounds.Musics,net.minecraft.sounds.Music,Directed,instantiates,1
net.minecraft.stats.ServerRecipeBook,net.minecraft.network.protocol,Directed,instantiates,2
net.minecraft.stats.ServerRecipeBook,net.minecraft.nbt.CompoundTag,Directed,instantiates,1
net.minecraft.stats.ServerRecipeBook,net.minecraft.nbt.ListTag,Directed,instantiates,2
net.minecraft.stats.ServerStatsCounter,net.minecraft.nbt.CompoundTag,Directed,instantiates,1
net.minecraft.stats.Stats,net.minecraft.stats.StatType,Directed,instantiates,1
net.minecraft.stats.StatType,net.minecraft.stats.Stat,Directed,instantiates,1
net.minecraft.tags.TagLoader,net.minecraft.tags.TagEntry,Directed,instantiates,1
net.minecraft.tags.TagLoader,net.minecraft.util.DependencySorter,Directed,instantiates,1
net.minecraft.tags.TagManager,net.minecraft.tags.TagLoader,Directed,instantiates,1
net.minecraft.util.Crypt,net.minecraft.util.CryptException,Directed,instantiates,9
net.minecraft.util.CubicSpline,net.minecraft.world.entity,Directed,instantiates,3
net.minecraft.util.datafix,net.neoforged.neoforge.common,Directed,instantiates,1
net.minecraft.util.datafix,net.minecraft.stats.StatType,Directed,instantiates,4
net.minecraft.util.datafix,net.minecraft.nbt.NbtFormatException,Directed,instantiates,1
net.minecraft.util.debugchart,net.minecraft.network.protocol,Directed,instantiates,1
net.minecraft.util.EncoderCache,net.minecraft.client.multiplayer,Directed,instantiates,1
net.minecraft.util.ExtraCodecs,net.minecraft.network.chat,Directed,instantiates,1
net.minecraft.util.monitoring,net.minecraft.world.entity,Directed,instantiates,1
net.minecraft.util.parsing,net.minecraft.nbt.TagParser,Directed,instantiates,1
net.minecraft.util.parsing,net.minecraft.core.Holder,Directed,instantiates,1
net.minecraft.util.parsing,net.minecraft.client.renderer,Directed,instantiates,1
net.minecraft.util.ParticleUtils,net.minecraft.world.phys,Directed,instantiates,1
net.minecraft.util.ParticleUtils,net.minecraft.core.particles,Directed,instantiates,1
net.minecraft.util.profiling,net.minecraft.world.level,Directed,instantiates,1
net.minecraft.util.profiling,net.minecraft.client.renderer,Directed,instantiates,1
net.minecraft.util.profiling,net.minecraft.util.eventlog,Directed,instantiates,2
net.minecraft.util.random,net.minecraft.commands.synchronization,Directed,instantiates,1
net.minecraft.util.RandomSource,net.minecraft.world.level,Directed,instantiates,3
net.minecraft.util.SpawnUtil,net.minecraft.core.BlockPos,Directed,instantiates,1
net.minecraft.util.ThreadingDetector,net.minecraft.CrashReport,Directed,instantiates,1
net.minecraft.util.ThreadingDetector,net.minecraft.ReportedException,Directed,instantiates,1
net.minecraft.util.worldupdate,net.minecraft.world.level,Directed,instantiates,8
net.minecraft.Util,net.minecraft.DefaultUncaughtExceptionHandler,Directed,instantiates,1
net.minecraft.Util,net.minecraft.util.SingleKeyCache,Directed,instantiates,1
net.minecraft.Util,net.minecraft.ReportedException,Directed,instantiates,1
net.minecraft.world.ContainerHelper,net.minecraft.nbt.ListTag,Directed,instantiates,1
net.minecraft.world.ContainerHelper,net.minecraft.nbt.CompoundTag,Directed,instantiates,1
net.minecraft.world.Containers,net.minecraft.world.entity,Directed,instantiates,1
net.minecraft.world.effect,net.minecraft.world.phys,Directed,instantiates,1
net.minecraft.world.effect,net.minecraft.world.damagesource,Directed,instantiates,1
net.minecraft.world.entity,net.minecraft.nbt.CompoundTag,Directed,instantiates,21
net.minecraft.world.entity,net.minecraft.nbt.ListTag,Directed,instantiates,18
net.minecraft.world.entity,net.minecraft.world.phys,Directed,instantiates,180
net.minecraft.world.entity,net.minecraft.world.item,Directed,instantiates,142
net.minecraft.world.entity,net.minecraft.core.BlockPos,Directed,instantiates,69
net.minecraft.world.entity,net.minecraft.core.particles,Directed,instantiates,14
net.minecraft.world.entity,net.minecraft.world.level,Directed,instantiates,51
net.minecraft.world.entity,net.neoforged.neoforge.common,Directed,instantiates,2
net.minecraft.world.entity,net.neoforged.neoforge.event,Directed,instantiates,15
net.minecraft.world.entity,net.minecraft.world.effect,Directed,instantiates,38
net.minecraft.world.entity,net.minecraft.world.SimpleContainer,Directed,instantiates,1
net.minecraft.world.entity,net.minecraft.server.TickTask,Directed,instantiates,1
net.minecraft.world.entity,net.minecraft.network.protocol,Directed,instantiates,25
net.minecraft.world.entity,net.minecraft.core.Rotations,Directed,instantiates,6
net.minecraft.world.entity,com.mojang.math.Transformation,Directed,instantiates,1
net.minecraft.world.entity,net.minecraft.ReportedException,Directed,instantiates,5
net.minecraft.world.entity,net.minecraft.network.chat,Directed,instantiates,3
net.minecraft.world.entity,net.minecraft.commands.CommandSourceStack,Directed,instantiates,2
net.minecraft.world.entity,net.neoforged.neoforge.entity,Directed,instantiates,1
net.minecraft.world.entity,net.minecraft.client.gui,Directed,instantiates,1
net.minecraft.world.entity,net.minecraft.world.inventory,Directed,instantiates,2
net.minecraft.world.food,net.minecraft.world.item,Directed,instantiates,1
net.minecraft.world.food,net.minecraft.world.effect,Directed,instantiates,1
net.minecraft.world.inventory,net.minecraft.ReportedException,Directed,instantiates,1
net.minecraft.world.inventory,net.minecraft.world.entity,Directed,instantiates,2
net.minecraft.world.inventory,net.minecraft.world.SimpleContainer,Directed,instantiates,8
net.minecraft.world.inventory,net.minecraft.world.item,Directed,instantiates,1
net.minecraft.world.inventory,net.minecraft.network.protocol,Directed,instantiates,1
net.minecraft.world.inventory,net.minecraft.nbt.ListTag,Directed,instantiates,1
net.minecraft.world.inventory,net.minecraft.nbt.CompoundTag,Directed,instantiates,1
net.minecraft.world.inventory,net.minecraft.recipebook.ServerPlaceRecipe,Directed,instantiates,1
net.minecraft.world.item,net.neoforged.neoforge.event,Directed,instantiates,3
net.minecraft.world.item,net.neoforged.neoforge.common,Directed,instantiates,1
net.minecraft.world.item,net.minecraft.world.effect,Directed,instantiates,6
net.minecraft.world.item,net.minecraft.world.phys,Directed,instantiates,10
net.minecraft.world.item,net.minecraft.world.entity,Directed,instantiates,32
net.minecraft.world.item,net.minecraft.core.particles,Directed,instantiates,1
net.minecraft.world.item,net.minecraft.nbt.CompoundTag,Directed,instantiates,3
net.minecraft.world.item,net.minecraft.client.gui,Directed,instantiates,3
net.minecraft.world.item,net.minecraft.world.inventory,Directed,instantiates,2
net.minecraft.world.item,net.minecraft.util.parsing,Directed,instantiates,2
net.minecraft.world.item,net.minecraft.world.level,Directed,instantiates,8
net.minecraft.world.item,net.minecraft.client.multiplayer,Directed,instantiates,1
net.minecraft.world.item,net.minecraft.world.damagesource,Directed,instantiates,3
net.minecraft.world.item,net.minecraft.core.Vec3i,Directed,instantiates,2
net.minecraft.world.item,net.minecraft.tags.TagEntry,Directed,instantiates,1
net.minecraft.world.item,net.minecraft.network.codec,Directed,instantiates,1
net.minecraft.world.item,net.minecraft.core.component,Directed,instantiates,2
net.minecraft.world.item,net.minecraft.network.chat,Directed,instantiates,2
net.minecraft.world.item,net.minecraft.network.protocol,Directed,instantiates,2
net.minecraft.world.item,net.minecraft.core.BlockPos,Directed,instantiates,3
net.minecraft.world.item,net.minecraft.world.InteractionResultHolder,Directed,instantiates,1
net.minecraft.world.item,net.neoforged.neoforge.registries,Directed,instantiates,3
net.minecraft.world.item,net.minecraft.world.SimpleMenuProvider,Directed,instantiates,1
net.minecraft.world.level,net.minecraft.ReportedException,Directed,instantiates,14
net.minecraft.world.level,net.minecraft.world.phys,Directed,instantiates,54
net.minecraft.world.level,net.neoforged.neoforge.common,Directed,instantiates,3
net.minecraft.world.level,net.minecraft.core.BlockPos,Directed,instantiates,202
net.minecraft.world.level,net.minecraft.network.chat,Directed,instantiates,4
net.minecraft.world.level,net.minecraft.commands.arguments,Directed,instantiates,2
net.minecraft.world.level,net.minecraft.world.SimpleMenuProvider,Directed,instantiates,9
net.minecraft.world.level,net.minecraft.world.inventory,Directed,instantiates,18
net.minecraft.world.level,net.minecraft.world.item,Directed,instantiates,51
net.minecraft.world.level,net.minecraft.world.entity,Directed,instantiates,20
net.minecraft.world.level,net.minecraft.core.particles,Directed,instantiates,7
net.minecraft.world.level,net.minecraft.core.dispenser,Directed,instantiates,1
net.minecraft.world.level,net.minecraft.nbt.CompoundTag,Directed,instantiates,47
net.minecraft.world.level,net.minecraft.world.effect,Directed,instantiates,6
net.minecraft.world.level,net.minecraft.commands.CommandSourceStack,Directed,instantiates,2
net.minecraft.world.level,net.minecraft.core.Vec3i,Directed,instantiates,10
net.minecraft.world.level,net.minecraft.client.gui,Directed,instantiates,4
net.minecraft.world.level,net.neoforged.neoforge.event,Directed,instantiates,6
net.minecraft.world.level,net.minecraft.core.Cursor3D,Directed,instantiates,1
net.minecraft.world.level,net.minecraft.world.ticks,Directed,instantiates,7
net.minecraft.world.level,net.minecraft.util.ZeroBitStorage,Directed,instantiates,2
net.minecraft.world.level,net.minecraft.util.SimpleBitStorage,Directed,instantiates,7
net.minecraft.world.level,net.minecraft.server.level,Directed,instantiates,7
net.minecraft.world.level,net.minecraft.nbt.ListTag,Directed,instantiates,23
net.minecraft.world.level,net.minecraft.nbt.LongArrayTag,Directed,instantiates,2
net.minecraft.world.level,net.minecraft.nbt.IntArrayTag,Directed,instantiates,1
net.minecraft.world.level,net.minecraft.util.thread,Directed,instantiates,5
net.minecraft.world.level,net.minecraft.nbt.visitors,Directed,instantiates,10
net.minecraft.world.level,net.minecraft.util.ExceptionCollector,Directed,instantiates,1
net.minecraft.world.level,net.minecraft.util.ClassInstanceMultiMap,Directed,instantiates,1
net.minecraft.world.level,net.minecraft.world.damagesource,Directed,instantiates,1
net.minecraft.world.level,net.minecraft.world.DifficultyInstance,Directed,instantiates,1
net.minecraft.world.level,net.minecraft.core.HolderSet,Directed,instantiates,4
net.minecraft.world.level,net.minecraft.util.Tuple,Directed,instantiates,2
net.minecraft.world.level,net.minecraft.util.FastBufferedInputStream,Directed,instantiates,2
net.minecraft.world.level,net.minecraft.ResourceLocationException,Directed,instantiates,3
net.minecraft.world.level,net.minecraft.core.MappedRegistry,Directed,instantiates,1
net.minecraft.world.level,net.minecraft.core.RegistryAccess,Directed,instantiates,1
net.minecraft.world.level,net.minecraft.network.protocol,Directed,instantiates,2
net.minecraft.world.level,net.minecraft.BlockUtil,Directed,instantiates,1
net.minecraft.world.level,net.minecraft.util.eventlog,Directed,instantiates,2
net.minecraft.world.level,net.minecraft.nbt.NbtFormatException,Directed,instantiates,1
net.minecraft.world.RandomizableContainer,net.minecraft.world.entity,Directed,instantiates,1
net.minecraft.world.RandomSequence,net.minecraft.world.level,Directed,instantiates,1
net.minecraft.world.RandomSequences,net.minecraft.world.item,Directed,instantiates,1
net.minecraft.world.RandomSequences,net.minecraft.world.RandomSequence,Directed,instantiates,1
net.minecraft.world.RandomSequences,net.minecraft.nbt.CompoundTag,Directed,instantiates,1
net.minecraft.world.scores,net.minecraft.network.chat,Directed,instantiates,3
net.minecraft.world.scores,net.minecraft.nbt.CompoundTag,Directed,instantiates,4
net.minecraft.world.scores,net.minecraft.nbt.ListTag,Directed,instantiates,4
net.minecraft.world.SimpleContainer,net.minecraft.world.item,Directed,instantiates,1
net.minecraft.world.SimpleContainer,net.minecraft.nbt.ListTag,Directed,instantiates,1
net.minecraft.world.ticks,net.minecraft.nbt.ListTag,Directed,instantiates,2
net.minecraft.world.ticks,net.minecraft.world.level,Directed,instantiates,2
net.minecraft.world.ticks,net.minecraft.core.BlockPos,Directed,instantiates,1
net.minecraft.world.ticks,net.minecraft.nbt.CompoundTag,Directed,instantiates,1
net.neoforged.neoforge.attachment,net.minecraft.nbt.CompoundTag,Directed,instantiates,1
net.neoforged.neoforge.attachment,net.minecraft.world.level,Directed,instantiates,2
net.neoforged.neoforge.attachment,net.minecraft.network.protocol,Directed,instantiates,1
net.neoforged.neoforge.attachment,net.minecraft.network.RegistryFriendlyByteBuf,Directed,instantiates,1
net.neoforged.neoforge.attachment,net.neoforged.neoforge.client,Directed,instantiates,1
net.neoforged.neoforge.capabilities,net.neoforged.neoforge.items,Directed,instantiates,13
net.neoforged.neoforge.capabilities,net.neoforged.neoforge.fluids,Directed,instantiates,2
net.neoforged.neoforge.client,net.minecraft.network.chat,Directed,instantiates,3
net.neoforged.neoforge.client,net.minecraft.client.renderer,Directed,instantiates,22
net.neoforged.neoforge.client,net.minecraft.client.color,Directed,instantiates,1
net.neoforged.neoforge.client,net.minecraft.util.eventlog,Directed,instantiates,1
net.neoforged.neoforge.client,com.mojang.blaze3d.vertex,Directed,instantiates,2
net.neoforged.neoforge.client,net.minecraft.world.phys,Directed,instantiates,4
net.neoforged.neoforge.client,net.minecraft.client.gui,Directed,instantiates,17
net.neoforged.neoforge.client,com.mojang.realmsclient.RealmsMainScreen,Directed,instantiates,1
net.neoforged.neoforge.client,net.minecraft.client.OptionInstance,Directed,instantiates,3
net.neoforged.neoforge.client,net.minecraft.world.level,Directed,instantiates,1
net.neoforged.neoforge.client,net.neoforged.neoforge.common,Directed,instantiates,9
net.neoforged.neoforge.client,com.mojang.math.Transformation,Directed,instantiates,1
net.neoforged.neoforge.client,net.minecraft.client.resources,Directed,instantiates,1
net.neoforged.neoforge.client,net.minecraft.resources.FileToIdConverter,Directed,instantiates,1
net.neoforged.neoforge.client,com.mojang.blaze3d.platform,Directed,instantiates,1
net.neoforged.neoforge.common,net.neoforged.neoforge.registries,Directed,instantiates,12
net.neoforged.neoforge.common,net.minecraft.world.item,Directed,instantiates,12
net.neoforged.neoforge.common,net.neoforged.neoforge.event,Directed,instantiates,53
net.neoforged.neoforge.common,net.neoforged.neoforge.client,Directed,instantiates,7
net.neoforged.neoforge.common,net.minecraft.core.BlockPos,Directed,instantiates,3
net.neoforged.neoforge.common,net.minecraft.network.chat,Directed,instantiates,1
net.neoforged.neoforge.common,net.minecraft.network.protocol,Directed,instantiates,3
net.neoforged.neoforge.common,net.minecraft.world.level,Directed,instantiates,10
net.neoforged.neoforge.common,net.minecraft.nbt.ListTag,Directed,instantiates,4
net.neoforged.neoforge.common,net.minecraft.nbt.CompoundTag,Directed,instantiates,7
net.neoforged.neoforge.common,net.minecraft.core.HolderLookup,Directed,instantiates,1
net.neoforged.neoforge.common,net.minecraft.world.phys,Directed,instantiates,3
net.neoforged.neoforge.common,net.minecraft.client.renderer,Directed,instantiates,3
net.neoforged.neoforge.common,net.minecraft.server.packs,Directed,instantiates,7
net.neoforged.neoforge.common,net.minecraft.data.tags,Directed,instantiates,2
net.neoforged.neoforge.common,net.minecraft.tags.TagBuilder,Directed,instantiates,1
net.neoforged.neoforge.common,net.minecraft.data.recipes,Directed,instantiates,1
net.neoforged.neoforge.common,net.neoforged.neoforge.network,Directed,instantiates,1
net.neoforged.neoforge.common,net.minecraft.world.inventory,Directed,instantiates,1
net.neoforged.neoforge.common,com.mojang.math.Transformation,Directed,instantiates,5
net.neoforged.neoforge.common,net.minecraft.world.entity,Directed,instantiates,1
net.neoforged.neoforge.common,net.minecraft.server.TickTask,Directed,instantiates,1
net.neoforged.neoforge.common,net.minecraft.data.metadata,Directed,instantiates,1
net.neoforged.neoforge.common,net.neoforged.neoforge.fluids,Directed,instantiates,3
net.neoforged.neoforge.common,net.minecraft.network.RegistryFriendlyByteBuf,Directed,instantiates,1
net.neoforged.neoforge.data,net.minecraft.data.DataGenerator,Directed,instantiates,1
net.neoforged.neoforge.data,net.minecraft.server.packs,Directed,instantiates,2
net.neoforged.neoforge.data,net.neoforged.neoforge.common,Directed,instantiates,3
net.neoforged.neoforge.event,net.minecraft.server.packs,Directed,instantiates,1
net.neoforged.neoforge.event,net.neoforged.neoforge.attachment,Directed,instantiates,1
net.neoforged.neoforge.event,net.minecraft.world.phys,Directed,instantiates,2
net.neoforged.neoforge.event,net.minecraft.util.eventlog,Directed,instantiates,2
net.neoforged.neoforge.event,net.minecraft.world.level,Directed,instantiates,2
net.neoforged.neoforge.event,net.minecraft.world.InteractionResultHolder,Directed,instantiates,1
net.neoforged.neoforge.event,net.minecraft.world.item,Directed,instantiates,2
net.neoforged.neoforge.event,net.neoforged.neoforge.common,Directed,instantiates,4
net.neoforged.neoforge.event,net.neoforged.neoforge.client,Directed,instantiates,4
net.neoforged.neoforge.fluids,net.minecraft.world.item,Directed,instantiates,5
net.neoforged.neoforge.fluids,net.minecraft.core.component,Directed,instantiates,2
net.neoforged.neoforge.fluids,net.minecraft.nbt.CompoundTag,Directed,instantiates,2
net.neoforged.neoforge.fluids,net.minecraft.world.phys,Directed,instantiates,1
net.neoforged.neoforge.gametest,net.neoforged.neoforge.event,Directed,instantiates,1
net.neoforged.neoforge.internal,net.neoforged.neoforge.event,Directed,instantiates,1
net.neoforged.neoforge.items,net.minecraft.world.entity,Directed,instantiates,1
net.neoforged.neoforge.items,net.minecraft.nbt.ListTag,Directed,instantiates,1
net.neoforged.neoforge.items,net.minecraft.nbt.CompoundTag,Directed,instantiates,2
net.neoforged.neoforge.items,net.minecraft.world.phys,Directed,instantiates,1
net.neoforged.neoforge.logging,net.minecraft.util.eventlog,Directed,instantiates,2
net.neoforged.neoforge.network,net.minecraft.network.codec,Directed,instantiates,5
net.neoforged.neoforge.network,net.neoforged.neoforge.registries,Directed,instantiates,29
net.neoforged.neoforge.network,net.minecraft.network.FriendlyByteBuf,Directed,instantiates,3
net.neoforged.neoforge.network,net.minecraft.network.protocol,Directed,instantiates,5
net.neoforged.neoforge.network,net.minecraft.network.RegistryFriendlyByteBuf,Directed,instantiates,2
net.neoforged.neoforge.network,net.minecraft.world.level,Directed,instantiates,1
net.neoforged.neoforge.registries,net.neoforged.neoforge.common,Directed,instantiates,5
net.neoforged.neoforge.registries,net.minecraft.resources.RegistryDataLoader,Directed,instantiates,3
net.neoforged.neoforge.registries,net.minecraft.world.item,Directed,instantiates,1
net.neoforged.neoforge.registries,net.neoforged.neoforge.event,Directed,instantiates,1
net.neoforged.neoforge.registries,net.minecraft.network.codec,Directed,instantiates,2
net.neoforged.neoforge.registries,net.minecraft.core.DefaultedMappedRegistry,Directed,instantiates,1
net.neoforged.neoforge.registries,net.minecraft.core.MappedRegistry,Directed,instantiates,2
net.neoforged.neoforge.resource,net.neoforged.neoforge.common,Directed,instantiates,1
net.neoforged.neoforge.resource,net.neoforged.neoforge.event,Directed,instantiates,1
net.neoforged.neoforge.resource,net.minecraft.server.packs,Directed,instantiates,5
net.neoforged.neoforge.server,net.minecraft.util.eventlog,Directed,instantiates,2
net.neoforged.neoforge.server,net.minecraft.network.chat,Directed,instantiates,7
net.neoforged.neoforge.server,net.minecraft.world.level,Directed,instantiates,7
net.neoforged.neoforge.server,net.minecraft.server.level,Directed,instantiates,1
net.neoforged.neoforge.server,net.minecraft.nbt.visitors,Directed,instantiates,2
net.neoforged.neoforge.server,net.minecraft.server.packs,Directed,instantiates,1
net.neoforged.neoforge.server,net.neoforged.neoforge.event,Directed,instantiates,5
com.mojang.blaze3d.audio,net.minecraft.world.phys,Directed,references,2
com.mojang.blaze3d.audio,net.minecraft.client.sounds,Directed,references,1
com.mojang.blaze3d.Blaze3D,com.mojang.blaze3d.pipeline,Directed,references,2
com.mojang.blaze3d.font,net.minecraft.client.gui,Directed,references,10
com.mojang.blaze3d.font,net.minecraft.core.Holder,Directed,references,1
com.mojang.blaze3d.platform,net.minecraft.server.rcon,Directed,references,2
com.mojang.blaze3d.platform,net.neoforged.neoforge.client,Directed,references,2
com.mojang.blaze3d.platform,net.minecraft.server.packs,Directed,references,8
com.mojang.blaze3d.platform,net.minecraft.network.chat,Directed,references,2
com.mojang.blaze3d.platform,net.minecraft.util.eventlog,Directed,references,1
com.mojang.blaze3d.platform,net.minecraft.world.level,Directed,references,6
com.mojang.blaze3d.shaders,com.mojang.blaze3d.preprocessor,Directed,references,2
com.mojang.blaze3d.systems,com.mojang.blaze3d.pipeline,Directed,references,1
com.mojang.blaze3d.systems,com.mojang.blaze3d.platform,Directed,references,14
com.mojang.blaze3d.systems,com.mojang.blaze3d.shaders,Directed,references,2
com.mojang.blaze3d.systems,net.minecraft.client.renderer,Directed,references,3
com.mojang.blaze3d.systems,net.minecraft.util.TimeSource,Directed,references,2
com.mojang.blaze3d.systems,com.mojang.blaze3d.vertex,Directed,references,7
com.mojang.blaze3d.systems,net.minecraft.resources.ResourceLocation,Directed,references,2
com.mojang.blaze3d.systems,net.minecraft.world.inventory,Directed,references,2
com.mojang.blaze3d.systems,net.minecraft.server.rcon,Directed,references,2
com.mojang.blaze3d.systems,net.neoforged.neoforge.client,Directed,references,2
com.mojang.blaze3d.vertex,com.mojang.blaze3d.systems,Directed,references,2
com.mojang.blaze3d.vertex,net.minecraft.client.renderer,Directed,references,4
com.mojang.blaze3d.vertex,net.minecraft.world.entity,Directed,references,1
com.mojang.math.OctahedralGroup,com.mojang.math.SymmetricGroup3,Directed,references,1
com.mojang.math.OctahedralGroup,net.minecraft.core.Direction,Directed,references,3
com.mojang.math.OctahedralGroup,com.mojang.math.Axis,Directed,references,1
com.mojang.math.OctahedralGroup,net.minecraft.core.FrontAndTop,Directed,references,2
com.mojang.realmsclient.client,com.mojang.realmsclient.dto,Directed,references,28
com.mojang.realmsclient.client,com.mojang.realmsclient.gui,Directed,references,11
com.mojang.realmsclient.client,net.minecraft.world.level,Directed,references,3
com.mojang.realmsclient.client,net.minecraft.util.eventlog,Directed,references,4
com.mojang.realmsclient.client,net.minecraft.client.User,Directed,references,1
com.mojang.realmsclient.client,net.minecraft.client.Minecraft,Directed,references,2
com.mojang.realmsclient.client,net.minecraft.network.chat,Directed,references,5
com.mojang.realmsclient.client,com.mojang.realmsclient.exception,Directed,references,1
com.mojang.realmsclient.dto,net.minecraft.resources.ResourceLocation,Directed,references,1
com.mojang.realmsclient.dto,net.minecraft.client.gui,Directed,references,4
com.mojang.realmsclient.dto,net.minecraft.network.chat,Directed,references,4
com.mojang.realmsclient.dto,net.minecraft.client.multiplayer,Directed,references,1
com.mojang.realmsclient.exception,com.mojang.realmsclient.client,Directed,references,1
com.mojang.realmsclient.gui,com.mojang.realmsclient.client,Directed,references,2
com.mojang.realmsclient.gui,com.mojang.realmsclient.util,Directed,references,12
com.mojang.realmsclient.gui,com.mojang.realmsclient.dto,Directed,references,53
com.mojang.realmsclient.gui,net.minecraft.client.Minecraft,Directed,references,2
com.mojang.realmsclient.gui,net.minecraft.client.gui,Directed,references,95
com.mojang.realmsclient.gui,net.minecraft.realms.RealmsObjectSelectionList,Directed,references,2
com.mojang.realmsclient.gui,net.minecraft.server.packs,Directed,references,1
com.mojang.realmsclient.gui,net.minecraft.network.chat,Directed,references,51
com.mojang.realmsclient.gui,com.mojang.realmsclient.RealmsMainScreen,Directed,references,3
com.mojang.realmsclient.gui,net.minecraft.resources.ResourceLocation,Directed,references,2
com.mojang.realmsclient.gui,com.mojang.realmsclient.exception,Directed,references,2
com.mojang.realmsclient.gui,net.minecraft.world.level,Directed,references,5
com.mojang.realmsclient.gui,net.minecraft.util.eventlog,Directed,references,3
com.mojang.realmsclient.gui,net.minecraft.util.TimeSource,Directed,references,1
com.mojang.realmsclient.RealmsAvailability,com.mojang.realmsclient.exception,Directed,references,1
com.mojang.realmsclient.RealmsAvailability,net.minecraft.client.gui,Directed,references,2
com.mojang.realmsclient.RealmsMainScreen,net.minecraft.client.gui,Directed,references,32
com.mojang.realmsclient.RealmsMainScreen,com.mojang.realmsclient.dto,Directed,references,25
com.mojang.realmsclient.RealmsMainScreen,com.mojang.realmsclient.gui,Directed,references,2
com.mojang.realmsclient.RealmsMainScreen,net.minecraft.network.chat,Directed,references,17
com.mojang.realmsclient.RealmsMainScreen,net.minecraft.resources.ResourceLocation,Directed,references,2
com.mojang.realmsclient.RealmsMainScreen,com.mojang.realmsclient.client,Directed,references,1
com.mojang.realmsclient.util,net.minecraft.resources.ResourceKey,Directed,references,1
com.mojang.realmsclient.util,net.minecraft.world.level,Directed,references,2
com.mojang.realmsclient.util,net.minecraft.network.chat,Directed,references,19
com.mojang.realmsclient.util,net.minecraft.resources.ResourceLocation,Directed,references,2
com.mojang.realmsclient.util,com.mojang.blaze3d.platform,Directed,references,1
com.mojang.realmsclient.util,net.minecraft.client.gui,Directed,references,8
com.mojang.realmsclient.util,com.mojang.realmsclient.dto,Directed,references,14
com.mojang.realmsclient.util,com.mojang.realmsclient.gui,Directed,references,4
com.mojang.realmsclient.util,com.mojang.realmsclient.RealmsMainScreen,Directed,references,1
com.mojang.realmsclient.util,com.mojang.realmsclient.exception,Directed,references,1
com.mojang.realmsclient.util,net.minecraft.client.Minecraft,Directed,references,1
com.mojang.realmsclient.util,com.mojang.realmsclient.client,Directed,references,3
net.minecraft.advancements.Advancement,net.minecraft.resources.ResourceLocation,Directed,references,5
net.minecraft.advancements.Advancement,net.minecraft.advancements.DisplayInfo,Directed,references,3
net.minecraft.advancements.Advancement,net.minecraft.advancements.AdvancementRequirements,Directed,references,4
net.minecraft.advancements.Advancement,net.minecraft.network.chat,Directed,references,6
net.minecraft.advancements.Advancement,net.minecraft.network.RegistryFriendlyByteBuf,Directed,references,2
net.minecraft.advancements.Advancement,net.minecraft.util.ProblemReporter,Directed,references,1
net.minecraft.advancements.Advancement,net.minecraft.core.HolderGetter,Directed,references,1
net.minecraft.advancements.Advancement,net.minecraft.client.particle,Directed,references,1
net.minecraft.advancements.Advancement,net.minecraft.world.item,Directed,references,1
net.minecraft.advancements.Advancement,net.minecraft.advancements.AdvancementType,Directed,references,2
net.minecraft.advancements.Advancement,net.minecraft.world.level,Directed,references,1
net.minecraft.advancements.AdvancementNode,net.minecraft.advancements.Advancement,Directed,references,1
net.minecraft.advancements.AdvancementProgress,net.minecraft.advancements.CriterionProgress,Directed,references,2
net.minecraft.advancements.AdvancementProgress,net.minecraft.advancements.AdvancementRequirements,Directed,references,1
net.minecraft.advancements.AdvancementProgress,net.minecraft.network.FriendlyByteBuf,Directed,references,2
net.minecraft.advancements.AdvancementProgress,net.minecraft.network.chat,Directed,references,1
net.minecraft.advancements.AdvancementRequirements,net.minecraft.network.FriendlyByteBuf,Directed,references,2
net.minecraft.advancements.AdvancementRequirements,net.minecraft.client.renderer,Directed,references,3
net.minecraft.advancements.AdvancementRewards,net.minecraft.server.level,Directed,references,1
net.minecraft.advancements.AdvancementRewards,net.minecraft.resources.ResourceKey,Directed,references,2
net.minecraft.advancements.AdvancementRewards,net.minecraft.world.level,Directed,references,2
net.minecraft.advancements.AdvancementRewards,net.minecraft.resources.ResourceLocation,Directed,references,4
net.minecraft.advancements.AdvancementTree,net.minecraft.advancements.AdvancementNode,Directed,references,9
net.minecraft.advancements.AdvancementTree,net.minecraft.resources.ResourceLocation,Directed,references,2
net.minecraft.advancements.AdvancementType,net.minecraft.ChatFormatting,Directed,references,2
net.minecraft.advancements.AdvancementType,net.minecraft.network.chat,Directed,references,2
net.minecraft.advancements.AdvancementType,net.minecraft.server.level,Directed,references,1
net.minecraft.advancements.critereon,net.minecraft.server.level,Directed,references,70
net.minecraft.advancements.critereon,net.minecraft.core.BlockPos,Directed,references,7
net.minecraft.advancements.critereon,net.minecraft.world.item,Directed,references,77
net.minecraft.advancements.critereon,net.minecraft.world.level,Directed,references,94
net.minecraft.advancements.critereon,net.minecraft.commands.arguments,Directed,references,12
net.minecraft.advancements.critereon,net.minecraft.nbt.CompoundTag,Directed,references,2
net.minecraft.advancements.critereon,net.minecraft.world.entity,Directed,references,63
net.minecraft.advancements.critereon,net.minecraft.client.renderer,Directed,references,17
net.minecraft.advancements.critereon,net.minecraft.resources.ResourceKey,Directed,references,16
net.minecraft.advancements.critereon,net.minecraft.client.gui,Directed,references,8
net.minecraft.advancements.critereon,net.minecraft.util.ProblemReporter,Directed,references,1
net.minecraft.advancements.critereon,net.minecraft.core.HolderGetter,Directed,references,2
net.minecraft.advancements.critereon,net.minecraft.client.particle,Directed,references,1
net.minecraft.advancements.critereon,net.minecraft.world.damagesource,Directed,references,10
net.minecraft.advancements.critereon,net.minecraft.world.phys,Directed,references,20
net.minecraft.advancements.critereon,net.minecraft.core.HolderSet,Directed,references,8
net.minecraft.advancements.critereon,net.minecraft.core.Registry,Directed,references,6
net.minecraft.advancements.critereon,net.minecraft.server.PlayerAdvancements,Directed,references,6
net.minecraft.advancements.critereon,net.minecraft.advancements.CriterionTrigger,Directed,references,4
net.minecraft.advancements.critereon,net.minecraft.advancements.AdvancementTree,Directed,references,4
net.minecraft.advancements.critereon,net.minecraft.core.component,Directed,references,15
net.minecraft.advancements.critereon,net.minecraft.client.multiplayer,Directed,references,4
net.minecraft.advancements.critereon,net.minecraft.network.chat,Directed,references,1
net.minecraft.advancements.critereon,net.minecraft.world.effect,Directed,references,5
net.minecraft.advancements.critereon,net.minecraft.nbt.Tag,Directed,references,1
net.minecraft.advancements.critereon,net.minecraft.advancements.AdvancementProgress,Directed,references,2
net.minecraft.advancements.critereon,net.minecraft.stats.StatType,Directed,references,3
net.minecraft.advancements.critereon,net.minecraft.core.Holder,Directed,references,1
net.minecraft.advancements.critereon,net.minecraft.resources.ResourceLocation,Directed,references,9
net.minecraft.advancements.critereon,net.minecraft.stats.StatsCounter,Directed,references,1
net.minecraft.advancements.CriteriaTriggers,net.minecraft.core.Registry,Directed,references,1
net.minecraft.advancements.CriteriaTriggers,net.minecraft.advancements.CriterionTrigger,Directed,references,2
net.minecraft.advancements.CriterionProgress,net.minecraft.network.FriendlyByteBuf,Directed,references,2
net.minecraft.advancements.CriterionTrigger,net.minecraft.server.PlayerAdvancements,Directed,references,4
net.minecraft.advancements.CriterionTrigger,net.minecraft.advancements.AdvancementTree,Directed,references,2
net.minecraft.advancements.CriterionTriggerInstance,net.minecraft.advancements.critereon,Directed,references,1
net.minecraft.advancements.DisplayInfo,net.minecraft.world.item,Directed,references,2
net.minecraft.advancements.DisplayInfo,net.minecraft.network.chat,Directed,references,4
net.minecraft.advancements.DisplayInfo,net.minecraft.resources.ResourceLocation,Directed,references,2
net.minecraft.advancements.DisplayInfo,net.minecraft.advancements.AdvancementType,Directed,references,2
net.minecraft.advancements.DisplayInfo,net.minecraft.network.RegistryFriendlyByteBuf,Directed,references,2
net.minecraft.advancements.TreeNodePosition,net.minecraft.advancements.AdvancementNode,Directed,references,3
net.minecraft.BlockUtil,net.minecraft.core.BlockPos,Directed,references,8
net.minecraft.BlockUtil,net.minecraft.core.Direction,Directed,references,6
net.minecraft.BlockUtil,net.minecraft.client.renderer,Directed,references,2
net.minecraft.BlockUtil,net.minecraft.world.level,Directed,references,3
net.minecraft.client.animation,net.minecraft.world.entity,Directed,references,1
net.minecraft.client.animation,net.minecraft.client.model,Directed,references,2
net.minecraft.client.Camera,net.minecraft.world.level,Directed,references,3
net.minecraft.client.Camera,net.minecraft.world.entity,Directed,references,2
net.minecraft.client.Camera,net.minecraft.world.phys,Directed,references,10
net.minecraft.client.Camera,net.minecraft.core.BlockPos,Directed,references,1
net.minecraft.client.Camera,net.minecraft.client.GameNarrator,Directed,references,1
net.minecraft.client.Camera,net.neoforged.neoforge.fluids,Directed,references,1
net.minecraft.client.Camera,net.minecraft.client.gui,Directed,references,1
net.minecraft.client.Camera,net.minecraft.client.model,Directed,references,1
net.minecraft.client.ClientRecipeBook,net.minecraft.core.RegistryAccess,Directed,references,1
net.minecraft.client.ClientRecipeBook,net.minecraft.client.RecipeBookCategories,Directed,references,3
net.minecraft.client.ClientRecipeBook,net.minecraft.client.gui,Directed,references,2
net.minecraft.client.color,net.minecraft.world.level,Directed,references,13
net.minecraft.client.color,net.minecraft.core.BlockPos,Directed,references,5
net.minecraft.client.color,net.minecraft.world.entity,Directed,references,1
net.minecraft.client.color,net.minecraft.world.item,Directed,references,2
net.minecraft.client.CommandHistory,net.minecraft.world.level,Directed,references,1
net.minecraft.client.ComponentCollector,net.minecraft.network.chat,Directed,references,3
net.minecraft.client.DebugQueryHandler,net.minecraft.client.multiplayer,Directed,references,1
net.minecraft.client.DebugQueryHandler,net.minecraft.nbt.CompoundTag,Directed,references,4
net.minecraft.client.DebugQueryHandler,net.minecraft.core.BlockPos,Directed,references,1
net.minecraft.client.GameNarrator,net.minecraft.client.Minecraft,Directed,references,1
net.minecraft.client.GameNarrator,net.minecraft.network.chat,Directed,references,3
net.minecraft.client.GameNarrator,net.minecraft.client.NarratorStatus,Directed,references,2
net.minecraft.client.gui,net.minecraft.network.chat,Directed,references,379
net.minecraft.client.gui,net.minecraft.client.Options,Directed,references,28
net.minecraft.client.gui,net.minecraft.client.Minecraft,Directed,references,101
net.minecraft.client.gui,net.minecraft.world.level,Directed,references,188
net.minecraft.client.gui,net.minecraft.client.renderer,Directed,references,73
net.minecraft.client.gui,net.minecraft.resources.ResourceLocation,Directed,references,94
net.minecraft.client.gui,net.minecraft.client.sounds,Directed,references,11
net.minecraft.client.gui,net.minecraft.world.BossEvent,Directed,references,6
net.minecraft.client.gui,net.minecraft.network.protocol,Directed,references,4
net.minecraft.client.gui,net.minecraft.advancements.AdvancementRewards,Directed,references,1
net.minecraft.client.gui,net.minecraft.util.ArrayListDeque,Directed,references,1
net.minecraft.client.gui,net.minecraft.client.OptionInstance,Directed,references,21
net.minecraft.client.gui,net.minecraft.util.FormattedCharSequence,Directed,references,32
net.minecraft.client.gui,net.minecraft.ChatFormatting,Directed,references,1
net.minecraft.client.gui,net.minecraft.commands.SharedSuggestionProvider,Directed,references,1
net.minecraft.client.gui,net.minecraft.util.debugchart,Directed,references,9
net.minecraft.client.gui,net.minecraft.server.level,Directed,references,3
net.minecraft.client.gui,net.minecraft.world.entity,Directed,references,65
net.minecraft.client.gui,net.minecraft.client.model,Directed,references,3
net.minecraft.client.gui,net.minecraft.client.multiplayer,Directed,references,57
net.minecraft.client.gui,net.minecraft.world.scores,Directed,references,7
net.minecraft.client.gui,net.minecraft.client.resources,Directed,references,7
net.minecraft.client.gui,net.minecraft.world.phys,Directed,references,5
net.minecraft.client.gui,net.minecraft.sounds.SoundEvent,Directed,references,1
net.minecraft.client.gui,com.mojang.blaze3d.font,Directed,references,35
net.minecraft.client.gui,net.minecraft.server.packs,Directed,references,48
net.minecraft.client.gui,net.minecraft.util.profiling,Directed,references,4
net.minecraft.client.gui,net.minecraft.core.Holder,Directed,references,7
net.minecraft.client.gui,com.mojang.blaze3d.vertex,Directed,references,9
net.minecraft.client.gui,com.mojang.blaze3d.platform,Directed,references,5
net.minecraft.client.gui,net.minecraft.client.StringSplitter,Directed,references,3
net.minecraft.client.gui,net.minecraft.client.DeltaTracker,Directed,references,26
net.minecraft.client.gui,net.minecraft.world.item,Directed,references,70
net.minecraft.client.gui,net.minecraft.world.inventory,Directed,references,70
net.minecraft.client.gui,net.minecraft.stats.StatsCounter,Directed,references,1
net.minecraft.client.gui,net.minecraft.stats.Stat,Directed,references,3
net.minecraft.client.gui,net.minecraft.stats.StatType,Directed,references,3
net.minecraft.client.gui,net.minecraft.advancements.AdvancementNode,Directed,references,14
net.minecraft.client.gui,net.minecraft.advancements.AdvancementProgress,Directed,references,2
net.minecraft.client.gui,net.minecraft.advancements.DisplayInfo,Directed,references,4
net.minecraft.client.gui,net.minecraft.advancements.AdvancementType,Directed,references,1
net.minecraft.client.gui,net.minecraft.world.effect,Directed,references,9
net.minecraft.client.gui,net.minecraft.world.InteractionHand,Directed,references,1
net.minecraft.client.gui,net.minecraft.client.player,Directed,references,1
net.minecraft.client.gui,net.minecraft.world.flag,Directed,references,4
net.minecraft.client.gui,net.minecraft.core.HolderLookup,Directed,references,2
net.minecraft.client.gui,net.minecraft.client.particle,Directed,references,2
net.minecraft.client.gui,net.minecraft.server.rcon,Directed,references,2
net.minecraft.client.gui,net.neoforged.neoforge.client,Directed,references,2
net.minecraft.client.gui,net.minecraft.world.Container,Directed,references,1
net.minecraft.client.gui,net.minecraft.network.Connection,Directed,references,1
net.minecraft.client.gui,net.minecraft.client.server,Directed,references,3
net.minecraft.client.gui,net.minecraft.client.KeyMapping,Directed,references,1
net.minecraft.client.gui,net.minecraft.world.Difficulty,Directed,references,3
net.minecraft.client.gui,net.minecraft.core.HolderGetter,Directed,references,6
net.minecraft.client.gui,net.minecraft.core.RegistryAccess,Directed,references,8
net.minecraft.client.gui,net.minecraft.stats.RecipeBook,Directed,references,3
net.minecraft.client.gui,net.minecraft.client.RecipeBookCategories,Directed,references,2
net.minecraft.client.gui,net.minecraft.client.ClientRecipeBook,Directed,references,1
net.minecraft.client.gui,net.neoforged.neoforge.event,Directed,references,3
net.minecraft.client.gui,net.minecraft.sounds.Music,Directed,references,2
net.minecraft.client.gui,net.minecraft.client.telemetry,Directed,references,2
net.minecraft.client.gui,net.minecraft.resources.ResourceKey,Directed,references,3
net.minecraft.client.gui,net.minecraft.core.LayeredRegistryAccess,Directed,references,4
net.minecraft.client.gui,net.minecraft.server.RegistryLayer,Directed,references,4
net.minecraft.client.gui,net.minecraft.server.WorldLoader,Directed,references,6
net.minecraft.client.gui,net.minecraft.server.ReloadableServerResources,Directed,references,3
net.minecraft.client.gui,net.minecraft.core.Registry,Directed,references,1
net.minecraft.client.GuiMessageTag,net.minecraft.resources.ResourceLocation,Directed,references,1
net.minecraft.client.GuiMessageTag,net.minecraft.client.gui,Directed,references,1
net.minecraft.client.HotbarManager,net.minecraft.world.level,Directed,references,1
net.minecraft.client.HotbarManager,net.minecraft.client.player,Directed,references,1
net.minecraft.client.KeyboardHandler,net.minecraft.client.Minecraft,Directed,references,1
net.minecraft.client.KeyboardHandler,net.minecraft.ChatFormatting,Directed,references,1
net.minecraft.client.KeyboardHandler,net.minecraft.network.chat,Directed,references,2
net.minecraft.client.KeyboardHandler,net.minecraft.world.level,Directed,references,1
net.minecraft.client.KeyboardHandler,net.minecraft.core.BlockPos,Directed,references,1
net.minecraft.client.KeyboardHandler,net.minecraft.nbt.CompoundTag,Directed,references,2
net.minecraft.client.KeyboardHandler,net.minecraft.resources.ResourceLocation,Directed,references,1
net.minecraft.client.KeyboardHandler,net.minecraft.world.phys,Directed,references,1
net.minecraft.client.KeyMapping,com.mojang.blaze3d.platform,Directed,references,11
net.minecraft.client.KeyMapping,net.minecraft.client.multiplayer,Directed,references,11
net.minecraft.client.KeyMapping,net.minecraft.network.chat,Directed,references,2
net.minecraft.client.KeyMapping,net.minecraft.server.rcon,Directed,references,11
net.minecraft.client.KeyMapping,net.minecraft.client.gui,Directed,references,11
net.minecraft.client.KeyMapping,net.neoforged.neoforge.client,Directed,references,11
net.minecraft.client.main,com.mojang.blaze3d.platform,Directed,references,1
net.minecraft.client.main,net.minecraft.util.eventlog,Directed,references,3
net.minecraft.client.main,net.minecraft.world.level,Directed,references,1
net.minecraft.client.main,net.minecraft.client.User,Directed,references,1
net.minecraft.client.Minecraft,net.minecraft.client.main,Directed,references,2
net.minecraft.client.Minecraft,net.minecraft.client.gui,Directed,references,17
net.minecraft.client.Minecraft,net.minecraft.network.chat,Directed,references,7
net.minecraft.client.Minecraft,com.mojang.blaze3d.pipeline,Directed,references,1
net.minecraft.client.Minecraft,net.minecraft.CrashReport,Directed,references,7
net.minecraft.client.Minecraft,net.minecraft.util.eventlog,Directed,references,3
net.minecraft.client.Minecraft,net.minecraft.world.level,Directed,references,8
net.minecraft.client.Minecraft,net.minecraft.util.profiling,Directed,references,5
net.minecraft.client.Minecraft,net.minecraft.SystemReport,Directed,references,3
net.minecraft.client.Minecraft,net.minecraft.client.sounds,Directed,references,2
net.minecraft.client.Minecraft,net.minecraft.client.telemetry,Directed,references,1
net.minecraft.client.Minecraft,net.minecraft.client.multiplayer,Directed,references,7
net.minecraft.client.Minecraft,net.minecraft.server.packs,Directed,references,4
net.minecraft.client.Minecraft,net.minecraft.world.item,Directed,references,1
net.minecraft.client.Minecraft,net.minecraft.core.RegistryAccess,Directed,references,1
net.minecraft.client.Minecraft,net.minecraft.client.resources,Directed,references,10
net.minecraft.client.Minecraft,net.minecraft.client.Options,Directed,references,2
net.minecraft.client.Minecraft,net.minecraft.CrashReportCategory,Directed,references,1
net.minecraft.client.Minecraft,net.minecraft.client.server,Directed,references,1
net.minecraft.client.Minecraft,net.minecraft.client.User,Directed,references,1
net.minecraft.client.Minecraft,net.minecraft.client.renderer,Directed,references,8
net.minecraft.client.Minecraft,net.minecraft.resources.ResourceLocation,Directed,references,2
net.minecraft.client.Minecraft,net.minecraft.sounds.Music,Directed,references,1
net.minecraft.client.Minecraft,net.minecraft.world.entity,Directed,references,3
net.minecraft.client.Minecraft,net.minecraft.client.DeltaTracker,Directed,references,1
net.minecraft.client.Minecraft,net.minecraft.client.color,Directed,references,2
net.minecraft.client.Minecraft,net.minecraft.client.tutorial,Directed,references,1
net.minecraft.client.Minecraft,net.minecraft.client.HotbarManager,Directed,references,1
net.minecraft.client.Minecraft,net.minecraft.server.level,Directed,references,1
net.minecraft.client.Minecraft,com.mojang.blaze3d.platform,Directed,references,1
net.minecraft.client.Minecraft,net.minecraft.client.model,Directed,references,1
net.minecraft.client.Minecraft,net.minecraft.util.SignatureValidator,Directed,references,1
net.minecraft.client.Minecraft,net.minecraft.client.InputType,Directed,references,2
net.minecraft.client.Minecraft,net.minecraft.client.GameNarrator,Directed,references,1
net.minecraft.client.Minecraft,com.mojang.realmsclient.gui,Directed,references,1
net.minecraft.client.Minecraft,net.minecraft.client.quickplay,Directed,references,1
net.minecraft.client.Minecraft,net.minecraft.client.CommandHistory,Directed,references,1
net.minecraft.client.model,net.minecraft.resources.ResourceLocation,Directed,references,11
net.minecraft.client.model,net.minecraft.client.renderer,Directed,references,8
net.minecraft.client.model,com.mojang.blaze3d.vertex,Directed,references,65
net.minecraft.client.model,net.minecraft.world.entity,Directed,references,46
net.minecraft.client.model,net.minecraft.client.animation,Directed,references,4
net.minecraft.client.model,net.minecraft.core.Direction,Directed,references,4
net.minecraft.client.model,net.minecraft.server.packs,Directed,references,1
net.minecraft.client.model,net.minecraft.client.multiplayer,Directed,references,4
net.minecraft.client.model,net.minecraft.world.level,Directed,references,7
net.minecraft.client.model,net.minecraft.util.RandomSource,Directed,references,2
net.minecraft.client.model,net.minecraft.server.rcon,Directed,references,6
net.minecraft.client.model,net.minecraft.client.Camera,Directed,references,6
net.minecraft.client.model,net.minecraft.data.PackOutput,Directed,references,5
net.minecraft.client.model,net.neoforged.neoforge.client,Directed,references,6
net.minecraft.client.model,net.minecraft.client.GameNarrator,Directed,references,1
net.minecraft.client.model,net.neoforged.neoforge.fluids,Directed,references,1
net.minecraft.client.model,net.minecraft.world.item,Directed,references,2
net.minecraft.client.MouseHandler,net.minecraft.client.Minecraft,Directed,references,1
net.minecraft.client.MouseHandler,net.minecraft.world.level,Directed,references,1
net.minecraft.client.multiplayer,net.minecraft.world.level,Directed,references,58
net.minecraft.client.multiplayer,net.minecraft.world.entity,Directed,references,47
net.minecraft.client.multiplayer,net.minecraft.client.Minecraft,Directed,references,12
net.minecraft.client.multiplayer,net.minecraft.network.chat,Directed,references,52
net.minecraft.client.multiplayer,net.neoforged.neoforge.client,Directed,references,3
net.minecraft.client.multiplayer,net.minecraft.util.Unit,Directed,references,2
net.minecraft.client.multiplayer,net.minecraft.client.gui,Directed,references,32
net.minecraft.client.multiplayer,net.minecraft.commands.arguments,Directed,references,4
net.minecraft.client.multiplayer,com.mojang.realmsclient.dto,Directed,references,5
net.minecraft.client.multiplayer,net.minecraft.client.telemetry,Directed,references,2
net.minecraft.client.multiplayer,net.minecraft.network.protocol,Directed,references,141
net.minecraft.client.multiplayer,net.minecraft.advancements.AdvancementTree,Directed,references,1
net.minecraft.client.multiplayer,net.minecraft.resources.ResourceLocation,Directed,references,4
net.minecraft.client.multiplayer,net.minecraft.advancements.AdvancementNode,Directed,references,1
net.minecraft.client.multiplayer,net.minecraft.advancements.AdvancementProgress,Directed,references,1
net.minecraft.client.multiplayer,net.minecraft.network.FriendlyByteBuf,Directed,references,2
net.minecraft.client.multiplayer,net.minecraft.nbt.CompoundTag,Directed,references,3
net.minecraft.client.multiplayer,net.minecraft.core.SectionPos,Directed,references,1
net.minecraft.client.multiplayer,net.minecraft.network.Connection,Directed,references,6
net.minecraft.client.multiplayer,net.minecraft.CrashReport,Directed,references,3
net.minecraft.client.multiplayer,net.minecraft.CrashReportCategory,Directed,references,4
net.minecraft.client.multiplayer,net.minecraft.network.ServerboundPacketListener,Directed,references,1
net.minecraft.client.multiplayer,net.minecraft.server.packs,Directed,references,4
net.minecraft.client.multiplayer,net.minecraft.util.profiling,Directed,references,4
net.minecraft.client.multiplayer,net.minecraft.server.rcon,Directed,references,3
net.minecraft.client.multiplayer,net.neoforged.neoforge.network,Directed,references,2
net.minecraft.client.multiplayer,net.minecraft.core.BlockPos,Directed,references,26
net.minecraft.client.multiplayer,net.minecraft.world.phys,Directed,references,10
net.minecraft.client.multiplayer,net.minecraft.resources.ResourceKey,Directed,references,13
net.minecraft.client.multiplayer,net.minecraft.client.renderer,Directed,references,10
net.minecraft.client.multiplayer,net.minecraft.client.resources,Directed,references,1
net.minecraft.client.multiplayer,net.minecraft.util.RandomSource,Directed,references,1
net.minecraft.client.multiplayer,net.minecraft.core.particles,Directed,references,7
net.minecraft.client.multiplayer,net.minecraft.sounds.SoundEvent,Directed,references,5
net.minecraft.client.multiplayer,net.minecraft.sounds.SoundSource,Directed,references,5
net.minecraft.client.multiplayer,net.minecraft.world.item,Directed,references,19
net.minecraft.client.multiplayer,net.minecraft.world.TickRateManager,Directed,references,1
net.minecraft.client.multiplayer,net.minecraft.world.ticks,Directed,references,2
net.minecraft.client.multiplayer,net.minecraft.world.scores,Directed,references,3
net.minecraft.client.multiplayer,net.minecraft.client.player,Directed,references,9
net.minecraft.client.multiplayer,net.minecraft.core.Direction,Directed,references,3
net.minecraft.client.multiplayer,net.minecraft.world.flag,Directed,references,5
net.minecraft.client.multiplayer,net.minecraft.world.Difficulty,Directed,references,3
net.minecraft.client.multiplayer,net.minecraft.client.Camera,Directed,references,1
net.minecraft.client.multiplayer,net.neoforged.neoforge.entity,Directed,references,1
net.minecraft.client.multiplayer,net.minecraft.commands.SharedSuggestionProvider,Directed,references,8
net.minecraft.client.multiplayer,net.minecraft.client.DebugQueryHandler,Directed,references,1
net.minecraft.client.multiplayer,net.minecraft.core.RegistryAccess,Directed,references,14
net.minecraft.client.multiplayer,net.minecraft.core.LayeredRegistryAccess,Directed,references,1
net.minecraft.client.multiplayer,net.minecraft.core.Registry,Directed,references,6
net.minecraft.client.multiplayer,net.minecraft.util.debugchart,Directed,references,2
net.minecraft.client.multiplayer,net.minecraft.world.InteractionHand,Directed,references,5
net.minecraft.client.multiplayer,net.minecraft.world.InteractionResult,Directed,references,5
net.minecraft.client.multiplayer,net.minecraft.stats.StatsCounter,Directed,references,2
net.minecraft.client.multiplayer,net.minecraft.client.ClientRecipeBook,Directed,references,3
net.minecraft.client.multiplayer,net.minecraft.world.inventory,Directed,references,1
net.minecraft.client.multiplayer,net.neoforged.neoforge.common,Directed,references,1
net.minecraft.client.multiplayer,net.minecraft.client.User,Directed,references,1
net.minecraft.client.multiplayer,net.minecraft.core.RegistrySynchronization,Directed,references,2
net.minecraft.client.multiplayer,net.minecraft.tags.TagNetworkSerialization,Directed,references,4
net.minecraft.client.multiplayer,net.minecraft.client.searchtree,Directed,references,5
net.minecraft.client.multiplayer,net.minecraft.core.HolderLookup,Directed,references,2
net.minecraft.client.multiplayer,net.minecraft.client.particle,Directed,references,2
net.minecraft.client.NarratorStatus,net.minecraft.network.chat,Directed,references,1
net.minecraft.client.OptionInstance,net.minecraft.network.chat,Directed,references,3
net.minecraft.client.OptionInstance,net.minecraft.client.Options,Directed,references,8
net.minecraft.client.OptionInstance,net.minecraft.client.gui,Directed,references,19
net.minecraft.client.OptionInstance,net.minecraft.world.level,Directed,references,9
net.minecraft.client.Options,net.minecraft.client.OptionInstance,Directed,references,74
net.minecraft.client.Options,net.minecraft.world.level,Directed,references,22
net.minecraft.client.Options,net.minecraft.client.CloudStatus,Directed,references,2
net.minecraft.client.Options,net.minecraft.client.GraphicsStatus,Directed,references,1
net.minecraft.client.Options,net.minecraft.client.PrioritizeChunkUpdates,Directed,references,1
net.minecraft.client.Options,net.minecraft.server.packs,Directed,references,2
net.minecraft.client.Options,net.minecraft.world.entity,Directed,references,5
net.minecraft.client.Options,net.minecraft.client.AttackIndicatorStatus,Directed,references,1
net.minecraft.client.Options,net.minecraft.sounds.SoundSource,Directed,references,3
net.minecraft.client.Options,net.minecraft.client.ParticleStatus,Directed,references,1
net.minecraft.client.Options,net.minecraft.client.NarratorStatus,Directed,references,1
net.minecraft.client.Options,net.minecraft.client.Minecraft,Directed,references,1
net.minecraft.client.Options,net.minecraft.util.eventlog,Directed,references,2
net.minecraft.client.Options,net.minecraft.client.KeyMapping,Directed,references,1
net.minecraft.client.Options,com.mojang.blaze3d.platform,Directed,references,1
net.minecraft.client.Options,net.minecraft.client.multiplayer,Directed,references,1
net.minecraft.client.Options,net.minecraft.nbt.CompoundTag,Directed,references,2
net.minecraft.client.Options,net.minecraft.server.level,Directed,references,1
net.minecraft.client.Options,net.minecraft.client.CameraType,Directed,references,2
net.minecraft.client.Options,net.minecraft.network.chat,Directed,references,13
net.minecraft.client.particle,net.minecraft.client.multiplayer,Directed,references,195
net.minecraft.client.particle,net.minecraft.core.particles,Directed,references,121
net.minecraft.client.particle,net.minecraft.world.level,Directed,references,22
net.minecraft.client.particle,net.minecraft.world.item,Directed,references,2
net.minecraft.client.particle,com.mojang.blaze3d.vertex,Directed,references,28
net.minecraft.client.particle,net.minecraft.client.Camera,Directed,references,15
net.minecraft.client.particle,net.minecraft.client.renderer,Directed,references,23
net.minecraft.client.particle,net.minecraft.world.entity,Directed,references,11
net.minecraft.client.particle,net.minecraft.world.phys,Directed,references,4
net.minecraft.client.particle,net.minecraft.client.GameNarrator,Directed,references,5
net.minecraft.client.particle,net.neoforged.neoforge.fluids,Directed,references,4
net.minecraft.client.particle,net.minecraft.resources.ResourceLocation,Directed,references,4
net.minecraft.client.particle,net.minecraft.server.packs,Directed,references,4
net.minecraft.client.particle,net.minecraft.util.profiling,Directed,references,2
net.minecraft.client.particle,net.minecraft.server.rcon,Directed,references,1
net.minecraft.client.particle,net.minecraft.advancements.AdvancementRewards,Directed,references,2
net.minecraft.client.particle,net.minecraft.core.BlockPos,Directed,references,5
net.minecraft.client.particle,net.minecraft.core.Direction,Directed,references,1
net.minecraft.client.particle,net.minecraft.util.RandomSource,Directed,references,2
net.minecraft.client.PeriodicNotificationManager,net.minecraft.resources.ResourceLocation,Directed,references,1
net.minecraft.client.PeriodicNotificationManager,net.minecraft.server.packs,Directed,references,2
net.minecraft.client.PeriodicNotificationManager,net.minecraft.util.profiling,Directed,references,2
net.minecraft.client.player,net.minecraft.client.multiplayer,Directed,references,5
net.minecraft.client.player,net.minecraft.world.phys,Directed,references,5
net.minecraft.client.player,net.minecraft.core.HolderLookup,Directed,references,1
net.minecraft.client.player,net.minecraft.client.particle,Directed,references,1
net.minecraft.client.player,net.minecraft.world.item,Directed,references,4
net.minecraft.client.player,net.minecraft.world.entity,Directed,references,7
net.minecraft.client.player,net.minecraft.core.RegistryAccess,Directed,references,1
net.minecraft.client.player,net.minecraft.client.Options,Directed,references,1
net.minecraft.client.player,net.minecraft.client.Minecraft,Directed,references,1
net.minecraft.client.player,net.minecraft.stats.StatsCounter,Directed,references,2
net.minecraft.client.player,net.minecraft.client.ClientRecipeBook,Directed,references,2
net.minecraft.client.player,net.minecraft.world.damagesource,Directed,references,3
net.minecraft.client.player,net.minecraft.world.InteractionHand,Directed,references,4
net.minecraft.client.player,net.minecraft.network.chat,Directed,references,3
net.minecraft.client.player,net.minecraft.core.BlockPos,Directed,references,1
net.minecraft.client.player,net.minecraft.sounds.SoundEvent,Directed,references,2
net.minecraft.client.player,net.minecraft.sounds.SoundSource,Directed,references,1
net.minecraft.client.player,net.minecraft.server.commands,Directed,references,1
net.minecraft.client.player,net.minecraft.world.level,Directed,references,8
net.minecraft.client.player,net.minecraft.client.renderer,Directed,references,1
net.minecraft.client.player,net.minecraft.world.effect,Directed,references,2
net.minecraft.client.player,net.minecraft.world.inventory,Directed,references,1
net.minecraft.client.player,net.minecraft.network.protocol,Directed,references,1
net.minecraft.client.profiling,net.minecraft.client.renderer,Directed,references,1
net.minecraft.client.profiling,net.minecraft.util.profiling,Directed,references,2
net.minecraft.client.quickplay,net.minecraft.client.Minecraft,Directed,references,5
net.minecraft.client.quickplay,net.minecraft.client.main,Directed,references,1
net.minecraft.client.quickplay,com.mojang.realmsclient.client,Directed,references,2
net.minecraft.client.RecipeBookCategories,net.minecraft.world.item,Directed,references,3
net.minecraft.client.RecipeBookCategories,net.minecraft.advancements.AdvancementRewards,Directed,references,1
net.minecraft.client.RecipeBookCategories,net.minecraft.world.inventory,Directed,references,1
net.minecraft.client.RecipeBookCategories,net.minecraft.world.entity,Directed,references,1
net.minecraft.client.renderer,net.minecraft.world.level,Directed,references,290
net.minecraft.client.renderer,net.minecraft.core.BlockPos,Directed,references,115
net.minecraft.client.renderer,net.minecraft.client.resources,Directed,references,105
net.minecraft.client.renderer,net.neoforged.neoforge.fluids,Directed,references,19
net.minecraft.client.renderer,net.minecraft.world.entity,Directed,references,411
net.minecraft.client.renderer,net.minecraft.resources.ResourceLocation,Directed,references,243
net.minecraft.client.renderer,net.minecraft.client.color,Directed,references,3
net.minecraft.client.renderer,com.mojang.blaze3d.vertex,Directed,references,482
net.minecraft.client.renderer,net.minecraft.server.rcon,Directed,references,33
net.minecraft.client.renderer,net.neoforged.neoforge.client,Directed,references,17
net.minecraft.client.renderer,net.minecraft.util.RandomSource,Directed,references,12
net.minecraft.client.renderer,net.minecraft.server.packs,Directed,references,60
net.minecraft.client.renderer,net.minecraft.core.Direction,Directed,references,59
net.minecraft.client.renderer,net.minecraft.client.multiplayer,Directed,references,32
net.minecraft.client.renderer,net.minecraft.network.protocol,Directed,references,38
net.minecraft.client.renderer,net.minecraft.world.item,Directed,references,66
net.minecraft.client.renderer,com.mojang.math.Transformation,Directed,references,6
net.minecraft.client.renderer,net.minecraft.advancements.AdvancementRewards,Directed,references,5
net.minecraft.client.renderer,net.minecraft.server.MinecraftServer,Directed,references,2
net.minecraft.client.renderer,net.minecraft.commands.arguments,Directed,references,3
net.minecraft.client.renderer,net.minecraft.client.model,Directed,references,150
net.minecraft.client.renderer,net.minecraft.world.phys,Directed,references,47
net.minecraft.client.renderer,net.minecraft.client.gui,Directed,references,11
net.minecraft.client.renderer,net.minecraft.client.Camera,Directed,references,22
net.minecraft.client.renderer,net.neoforged.neoforge.common,Directed,references,1
net.minecraft.client.renderer,net.minecraft.core.SectionPos,Directed,references,10
net.minecraft.client.renderer,net.minecraft.network.chat,Directed,references,6
net.minecraft.client.renderer,net.minecraft.client.Minecraft,Directed,references,31
net.minecraft.client.renderer,net.minecraft.core.Position,Directed,references,2
net.minecraft.client.renderer,net.minecraft.client.server,Directed,references,1
net.minecraft.client.renderer,net.minecraft.resources.ResourceKey,Directed,references,3
net.minecraft.client.renderer,net.minecraft.server.level,Directed,references,2
net.minecraft.client.renderer,com.mojang.blaze3d.shaders,Directed,references,13
net.minecraft.client.renderer,net.minecraft.client.Options,Directed,references,1
net.minecraft.client.renderer,net.minecraft.client.player,Directed,references,21
net.minecraft.client.renderer,net.neoforged.neoforge.event,Directed,references,10
net.minecraft.client.renderer,net.minecraft.core.DefaultedRegistry,Directed,references,1
net.minecraft.client.renderer,net.minecraft.world.InteractionHand,Directed,references,4
net.minecraft.client.renderer,net.minecraft.world.effect,Directed,references,8
net.minecraft.client.renderer,net.minecraft.client.DeltaTracker,Directed,references,3
net.minecraft.client.renderer,net.minecraft.util.profiling,Directed,references,5
net.minecraft.client.renderer,net.minecraft.core.particles,Directed,references,5
net.minecraft.client.renderer,net.minecraft.client.particle,Directed,references,2
net.minecraft.client.renderer,net.minecraft.client.ParticleStatus,Directed,references,1
net.minecraft.client.renderer,com.mojang.blaze3d.pipeline,Directed,references,13
net.minecraft.client.renderer,net.minecraft.server.commands,Directed,references,6
net.minecraft.client.renderer,com.mojang.blaze3d.platform,Directed,references,24
net.minecraft.client.renderer,net.minecraft.util.ResourceLocationPattern,Directed,references,1
net.minecraft.client.renderer,net.minecraft.util.eventlog,Directed,references,1
net.minecraft.client.ResourceLoadStateTracker,net.minecraft.server.packs,Directed,references,1
net.minecraft.client.ResourceLoadStateTracker,net.minecraft.CrashReport,Directed,references,1
net.minecraft.client.ResourceLoadStateTracker,net.minecraft.CrashReportCategory,Directed,references,2
net.minecraft.client.resources,net.minecraft.world.level,Directed,references,50
net.minecraft.client.resources,net.minecraft.network.chat,Directed,references,9
net.minecraft.client.resources,net.minecraft.server.packs,Directed,references,39
net.minecraft.client.resources,net.minecraft.resources.ResourceLocation,Directed,references,51
net.minecraft.client.resources,net.minecraft.util.profiling,Directed,references,18
net.minecraft.client.resources,net.minecraft.client.gui,Directed,references,30
net.minecraft.client.resources,net.minecraft.util.FormattedCharSequence,Directed,references,2
net.minecraft.client.resources,net.minecraft.locale.Language,Directed,references,1
net.minecraft.client.resources,net.minecraft.client.renderer,Directed,references,102
net.minecraft.client.resources,net.minecraft.world.effect,Directed,references,1
net.minecraft.client.resources,net.minecraft.core.Direction,Directed,references,8
net.minecraft.client.resources,net.minecraft.util.RandomSource,Directed,references,18
net.minecraft.client.resources,com.mojang.math.Transformation,Directed,references,2
net.minecraft.client.resources,com.mojang.math.OctahedralGroup,Directed,references,1
net.minecraft.client.resources,net.minecraft.client.color,Directed,references,3
net.minecraft.client.resources,com.mojang.blaze3d.vertex,Directed,references,4
net.minecraft.client.resources,net.minecraft.client.ResourceLoadStateTracker,Directed,references,2
net.minecraft.client.resources,net.minecraft.server.rcon,Directed,references,25
net.minecraft.client.resources,net.neoforged.neoforge.client,Directed,references,18
net.minecraft.client.resources,net.minecraft.world.entity,Directed,references,11
net.minecraft.client.resources,net.neoforged.neoforge.common,Directed,references,2
net.minecraft.client.resources,net.neoforged.neoforge.fluids,Directed,references,5
net.minecraft.client.resources,net.minecraft.client.Camera,Directed,references,2
net.minecraft.client.resources,net.minecraft.core.BlockPos,Directed,references,3
net.minecraft.client.resources,net.minecraft.world.item,Directed,references,3
net.minecraft.client.resources,net.minecraft.util.random,Directed,references,1
net.minecraft.client.resources,net.minecraft.commands.synchronization,Directed,references,1
net.minecraft.client.resources,net.minecraft.client.Minecraft,Directed,references,1
net.minecraft.client.resources,net.minecraft.client.main,Directed,references,2
net.minecraft.client.resources,net.minecraft.util.HttpUtil,Directed,references,2
net.minecraft.client.resources,net.minecraft.client.User,Directed,references,2
net.minecraft.client.resources,com.mojang.realmsclient.dto,Directed,references,3
net.minecraft.client.resources,net.minecraft.network.Connection,Directed,references,2
net.minecraft.client.resources,net.minecraft.sounds.SoundEvent,Directed,references,17
net.minecraft.client.resources,net.minecraft.sounds.SoundSource,Directed,references,11
net.minecraft.client.resources,net.minecraft.client.sounds,Directed,references,9
net.minecraft.client.resources,net.minecraft.client.player,Directed,references,6
net.minecraft.client.resources,net.minecraft.world.phys,Directed,references,1
net.minecraft.client.resources,net.minecraft.util.valueproviders,Directed,references,4
net.minecraft.client.Screenshot,net.minecraft.util.eventlog,Directed,references,7
net.minecraft.client.Screenshot,com.mojang.blaze3d.pipeline,Directed,references,4
net.minecraft.client.Screenshot,net.minecraft.network.chat,Directed,references,3
net.minecraft.client.Screenshot,com.mojang.blaze3d.platform,Directed,references,1
net.minecraft.client.searchtree,net.minecraft.resources.ResourceLocation,Directed,references,3
net.minecraft.client.server,net.minecraft.core.LayeredRegistryAccess,Directed,references,1
net.minecraft.client.server,net.minecraft.server.RegistryLayer,Directed,references,1
net.minecraft.client.server,net.minecraft.world.level,Directed,references,9
net.minecraft.client.server,net.minecraft.server.level,Directed,references,2
net.minecraft.client.server,net.minecraft.network.chat,Directed,references,1
net.minecraft.client.server,net.minecraft.nbt.CompoundTag,Directed,references,1
net.minecraft.client.server,net.minecraft.client.Minecraft,Directed,references,1
net.minecraft.client.server,net.minecraft.server.packs,Directed,references,1
net.minecraft.client.server,net.minecraft.util.debugchart,Directed,references,1
net.minecraft.client.server,net.minecraft.CrashReport,Directed,references,1
net.minecraft.client.server,net.minecraft.SystemReport,Directed,references,2
net.minecraft.client.sounds,net.minecraft.world.level,Directed,references,2
net.minecraft.client.sounds,com.mojang.blaze3d.audio,Directed,references,5
net.minecraft.client.sounds,net.minecraft.client.gui,Directed,references,2
net.minecraft.client.sounds,net.minecraft.network.protocol,Directed,references,2
net.minecraft.client.sounds,net.minecraft.client.Minecraft,Directed,references,1
net.minecraft.client.sounds,net.minecraft.sounds.Music,Directed,references,3
net.minecraft.client.sounds,net.minecraft.server.packs,Directed,references,7
net.minecraft.client.sounds,net.minecraft.resources.ResourceLocation,Directed,references,11
net.minecraft.client.sounds,net.minecraft.client.resources,Directed,references,22
net.minecraft.client.sounds,net.minecraft.client.Options,Directed,references,2
net.minecraft.client.sounds,net.minecraft.sounds.SoundSource,Directed,references,6
net.minecraft.client.sounds,net.minecraft.client.Camera,Directed,references,2
net.minecraft.client.sounds,net.minecraft.util.profiling,Directed,references,2
net.minecraft.client.sounds,net.minecraft.util.RandomSource,Directed,references,2
net.minecraft.client.sounds,net.minecraft.network.chat,Directed,references,1
net.minecraft.client.StringSplitter,net.minecraft.network.chat,Directed,references,41
net.minecraft.client.StringSplitter,net.minecraft.util.FormattedCharSequence,Directed,references,2
net.minecraft.client.telemetry,net.minecraft.client.Minecraft,Directed,references,1
net.minecraft.client.telemetry,net.minecraft.client.User,Directed,references,1
net.minecraft.client.telemetry,net.minecraft.world.level,Directed,references,4
net.minecraft.client.telemetry,net.minecraft.client.renderer,Directed,references,1
net.minecraft.client.telemetry,net.minecraft.network.chat,Directed,references,4
net.minecraft.client.telemetry,net.minecraft.util.eventlog,Directed,references,1
net.minecraft.client.telemetry,net.minecraft.world.entity,Directed,references,1
net.minecraft.client.tutorial,net.minecraft.client.Options,Directed,references,2
net.minecraft.client.tutorial,net.minecraft.world.item,Directed,references,10
net.minecraft.client.tutorial,net.minecraft.world.inventory,Directed,references,2
net.minecraft.client.tutorial,net.minecraft.client.player,Directed,references,6
net.minecraft.client.tutorial,net.minecraft.client.multiplayer,Directed,references,6
net.minecraft.client.tutorial,net.minecraft.world.phys,Directed,references,3
net.minecraft.client.tutorial,net.minecraft.core.BlockPos,Directed,references,3
net.minecraft.client.tutorial,net.minecraft.world.level,Directed,references,3
net.minecraft.client.tutorial,net.minecraft.client.Minecraft,Directed,references,2
net.minecraft.client.tutorial,net.minecraft.client.gui,Directed,references,3
net.minecraft.client.tutorial,net.minecraft.network.chat,Directed,references,1
net.minecraft.commands.arguments,net.minecraft.commands.CommandSourceStack,Directed,references,114
net.minecraft.commands.arguments,net.minecraft.network.FriendlyByteBuf,Directed,references,18
net.minecraft.commands.arguments,net.minecraft.network.chat,Directed,references,11
net.minecraft.commands.arguments,net.minecraft.world.level,Directed,references,95
net.minecraft.commands.arguments,net.minecraft.nbt.CompoundTag,Directed,references,10
net.minecraft.commands.arguments,net.minecraft.server.level,Directed,references,13
net.minecraft.commands.arguments,net.minecraft.core.BlockPos,Directed,references,7
net.minecraft.commands.arguments,net.minecraft.commands.CommandBuildContext,Directed,references,30
net.minecraft.commands.arguments,net.minecraft.core.HolderLookup,Directed,references,16
net.minecraft.commands.arguments,net.minecraft.client.renderer,Directed,references,49
net.minecraft.commands.arguments,net.minecraft.core.HolderSet,Directed,references,7
net.minecraft.commands.arguments,net.minecraft.ChatFormatting,Directed,references,2
net.minecraft.commands.arguments,net.minecraft.client.particle,Directed,references,8
net.minecraft.commands.arguments,net.minecraft.world.phys,Directed,references,21
net.minecraft.commands.arguments,net.minecraft.core.Direction,Directed,references,4
net.minecraft.commands.arguments,net.minecraft.resources.ResourceLocation,Directed,references,38
net.minecraft.commands.arguments,net.minecraft.world.entity,Directed,references,23
net.minecraft.commands.arguments,net.minecraft.commands.synchronization,Directed,references,7
net.minecraft.commands.arguments,net.neoforged.neoforge.event,Directed,references,9
net.minecraft.commands.arguments,net.minecraft.nbt.Tag,Directed,references,99
net.minecraft.commands.arguments,net.minecraft.commands.functions,Directed,references,10
net.minecraft.commands.arguments,net.minecraft.world.item,Directed,references,16
net.minecraft.commands.arguments,net.minecraft.core.component,Directed,references,7
net.minecraft.commands.arguments,net.minecraft.resources.RegistryOps,Directed,references,2
net.minecraft.commands.arguments,net.minecraft.core.Holder,Directed,references,17
net.minecraft.commands.arguments,net.minecraft.advancements.critereon,Directed,references,15
net.minecraft.commands.arguments,net.minecraft.client.multiplayer,Directed,references,1
net.minecraft.commands.arguments,net.minecraft.world.scores,Directed,references,20
net.minecraft.commands.arguments,net.minecraft.stats.StatType,Directed,references,1
net.minecraft.commands.arguments,net.minecraft.core.particles,Directed,references,6
net.minecraft.commands.arguments,net.minecraft.resources.ResourceKey,Directed,references,30
net.minecraft.commands.arguments,net.minecraft.core.Registry,Directed,references,26
net.minecraft.commands.arguments,net.minecraft.world.effect,Directed,references,1
net.minecraft.commands.arguments,net.minecraft.world.flag,Directed,references,1
net.minecraft.commands.arguments,net.minecraft.world.inventory,Directed,references,2
net.minecraft.commands.arguments,net.minecraft.data.models,Directed,references,1
net.minecraft.commands.CacheableFunction,net.minecraft.resources.ResourceLocation,Directed,references,2
net.minecraft.commands.CacheableFunction,net.minecraft.server.ServerFunctionManager,Directed,references,1
net.minecraft.commands.CacheableFunction,net.minecraft.commands.functions,Directed,references,1
net.minecraft.commands.CacheableFunction,net.minecraft.commands.CommandSourceStack,Directed,references,1
net.minecraft.commands.CommandBuildContext,net.minecraft.core.HolderLookup,Directed,references,1
net.minecraft.commands.CommandBuildContext,net.minecraft.client.particle,Directed,references,1
net.minecraft.commands.CommandBuildContext,net.minecraft.world.flag,Directed,references,1
net.minecraft.commands.Commands,net.minecraft.commands.CommandBuildContext,Directed,references,2
net.minecraft.commands.Commands,net.minecraft.world.level,Directed,references,5
net.minecraft.commands.Commands,net.minecraft.commands.CommandSourceStack,Directed,references,13
net.minecraft.commands.Commands,net.minecraft.commands.execution,Directed,references,1
net.minecraft.commands.Commands,net.minecraft.server.level,Directed,references,1
net.minecraft.commands.Commands,net.minecraft.commands.SharedSuggestionProvider,Directed,references,2
net.minecraft.commands.Commands,net.minecraft.client.renderer,Directed,references,1
net.minecraft.commands.Commands,net.minecraft.core.HolderLookup,Directed,references,1
net.minecraft.commands.Commands,net.minecraft.client.particle,Directed,references,1
net.minecraft.commands.CommandSource,net.minecraft.network.chat,Directed,references,2
net.minecraft.commands.CommandSourceStack,net.minecraft.commands.CommandSource,Directed,references,3
net.minecraft.commands.CommandSourceStack,net.minecraft.world.phys,Directed,references,9
net.minecraft.commands.CommandSourceStack,net.minecraft.server.level,Directed,references,8
net.minecraft.commands.CommandSourceStack,net.minecraft.network.chat,Directed,references,9
net.minecraft.commands.CommandSourceStack,net.minecraft.server.MinecraftServer,Directed,references,3
net.minecraft.commands.CommandSourceStack,net.minecraft.world.entity,Directed,references,7
net.minecraft.commands.CommandSourceStack,net.minecraft.commands.CommandResultCallback,Directed,references,5
net.minecraft.commands.CommandSourceStack,net.minecraft.commands.arguments,Directed,references,8
net.minecraft.commands.CommandSourceStack,net.minecraft.commands.CommandSigningContext,Directed,references,3
net.minecraft.commands.CommandSourceStack,net.minecraft.util.TaskChainer,Directed,references,3
net.minecraft.commands.CommandSourceStack,net.minecraft.resources.ResourceLocation,Directed,references,2
net.minecraft.commands.CommandSourceStack,net.minecraft.resources.ResourceKey,Directed,references,2
net.minecraft.commands.CommandSourceStack,net.minecraft.core.Registry,Directed,references,1
net.minecraft.commands.CommandSourceStack,net.minecraft.commands.SharedSuggestionProvider,Directed,references,2
net.minecraft.commands.CommandSourceStack,net.minecraft.core.RegistryAccess,Directed,references,1
net.minecraft.commands.CommandSourceStack,net.minecraft.world.flag,Directed,references,1
net.minecraft.commands.CommandSourceStack,net.minecraft.commands.execution,Directed,references,1
net.minecraft.commands.execution,net.minecraft.util.profiling,Directed,references,2
net.minecraft.commands.execution,net.minecraft.commands.CommandResultCallback,Directed,references,5
net.minecraft.commands.execution,net.minecraft.commands.functions,Directed,references,2
net.minecraft.commands.execution,net.minecraft.resources.ResourceLocation,Directed,references,1
net.minecraft.commands.ExecutionCommandSource,net.minecraft.commands.CommandResultCallback,Directed,references,2
net.minecraft.commands.ExecutionCommandSource,net.minecraft.server.level,Directed,references,1
net.minecraft.commands.ExecutionCommandSource,net.minecraft.commands.execution,Directed,references,2
net.minecraft.commands.FunctionInstantiationException,net.minecraft.network.chat,Directed,references,2
net.minecraft.commands.functions,net.minecraft.resources.ResourceLocation,Directed,references,9
net.minecraft.commands.functions,net.minecraft.nbt.CompoundTag,Directed,references,3
net.minecraft.commands.functions,net.minecraft.commands.execution,Directed,references,7
net.minecraft.commands.functions,net.minecraft.nbt.Tag,Directed,references,1
net.minecraft.commands.ParserUtils,net.minecraft.core.HolderLookup,Directed,references,1
net.minecraft.commands.ParserUtils,net.minecraft.client.particle,Directed,references,1
net.minecraft.commands.ParserUtils,net.minecraft.CharPredicate,Directed,references,1
net.minecraft.commands.SharedSuggestionProvider,net.minecraft.resources.ResourceLocation,Directed,references,10
net.minecraft.commands.SharedSuggestionProvider,net.minecraft.resources.ResourceKey,Directed,references,2
net.minecraft.commands.SharedSuggestionProvider,net.minecraft.world.entity,Directed,references,1
net.minecraft.commands.SharedSuggestionProvider,net.minecraft.core.RegistryAccess,Directed,references,1
net.minecraft.commands.SharedSuggestionProvider,net.minecraft.world.flag,Directed,references,1
net.minecraft.commands.SharedSuggestionProvider,net.minecraft.core.Registry,Directed,references,2
net.minecraft.commands.SharedSuggestionProvider,net.minecraft.server.level,Directed,references,3
net.minecraft.commands.SharedSuggestionProvider,net.minecraft.client.renderer,Directed,references,2
net.minecraft.commands.synchronization,net.minecraft.network.FriendlyByteBuf,Directed,references,14
net.minecraft.commands.synchronization,net.neoforged.neoforge.event,Directed,references,23
net.minecraft.commands.synchronization,net.minecraft.commands.CommandBuildContext,Directed,references,10
net.minecraft.commands.synchronization,net.minecraft.core.Registry,Directed,references,2
net.minecraft.commands.synchronization,net.minecraft.world.level,Directed,references,3
net.minecraft.commands.synchronization,net.minecraft.resources.ResourceLocation,Directed,references,4
net.minecraft.commands.synchronization,net.minecraft.commands.SharedSuggestionProvider,Directed,references,7
net.minecraft.core.AxisCycle,net.minecraft.core.Direction,Directed,references,12
net.minecraft.core.BlockMath,com.mojang.math.Transformation,Directed,references,6
net.minecraft.core.BlockMath,net.minecraft.core.Direction,Directed,references,1
net.minecraft.core.BlockPos,net.minecraft.core.Vec3i,Directed,references,10
net.minecraft.core.BlockPos,net.minecraft.core.Direction,Directed,references,15
net.minecraft.core.BlockPos,net.minecraft.core.Position,Directed,references,1
net.minecraft.core.BlockPos,net.minecraft.world.phys,Directed,references,4
net.minecraft.core.BlockPos,net.minecraft.data.models,Directed,references,2
net.minecraft.core.BlockPos,net.minecraft.util.RandomSource,Directed,references,2
net.minecraft.core.BlockPos,net.minecraft.client.renderer,Directed,references,2
net.minecraft.core.BlockPos,net.minecraft.world.level,Directed,references,2
net.minecraft.core.BlockPos,net.minecraft.core.AxisCycle,Directed,references,1
net.minecraft.core.cauldron,net.minecraft.world.level,Directed,references,4
net.minecraft.core.cauldron,net.minecraft.world.entity,Directed,references,6
net.minecraft.core.cauldron,net.minecraft.core.BlockPos,Directed,references,3
net.minecraft.core.cauldron,net.minecraft.world.InteractionHand,Directed,references,3
net.minecraft.core.cauldron,net.minecraft.world.item,Directed,references,5
net.minecraft.core.cauldron,net.minecraft.world.ItemInteractionResult,Directed,references,3
net.minecraft.core.cauldron,net.minecraft.client.renderer,Directed,references,1
net.minecraft.core.cauldron,net.minecraft.sounds.SoundEvent,Directed,references,2
net.minecraft.core.Cloner,net.minecraft.core.HolderLookup,Directed,references,2
net.minecraft.core.Cloner,net.minecraft.core.HolderGetter,Directed,references,2
net.minecraft.core.Cloner,net.minecraft.resources.ResourceKey,Directed,references,2
net.minecraft.core.Cloner,net.minecraft.core.Registry,Directed,references,2
net.minecraft.core.component,net.minecraft.client.renderer,Directed,references,2
net.minecraft.core.component,net.minecraft.client.gui,Directed,references,2
net.minecraft.core.component,net.minecraft.core.Registry,Directed,references,1
net.minecraft.core.component,net.minecraft.network.codec,Directed,references,4
net.minecraft.core.component,net.minecraft.network.RegistryFriendlyByteBuf,Directed,references,8
net.minecraft.core.component,net.neoforged.neoforge.event,Directed,references,2
net.minecraft.core.DefaultedMappedRegistry,net.minecraft.resources.ResourceKey,Directed,references,2
net.minecraft.core.DefaultedMappedRegistry,net.minecraft.core.Registry,Directed,references,1
net.minecraft.core.DefaultedMappedRegistry,net.minecraft.core.Holder,Directed,references,6
net.minecraft.core.DefaultedMappedRegistry,net.minecraft.resources.ResourceLocation,Directed,references,5
net.minecraft.core.DefaultedMappedRegistry,net.minecraft.util.RandomSource,Directed,references,1
net.minecraft.core.DefaultedRegistry,net.minecraft.resources.ResourceLocation,Directed,references,3
net.minecraft.core.Direction,net.minecraft.core.Vec3i,Directed,references,2
net.minecraft.core.Direction,net.minecraft.world.entity,Directed,references,2
net.minecraft.core.Direction,net.minecraft.util.RandomSource,Directed,references,6
net.minecraft.core.Direction,net.minecraft.world.phys,Directed,references,1
net.minecraft.core.Direction8,net.minecraft.core.Direction,Directed,references,2
net.minecraft.core.dispenser,net.minecraft.world.phys,Directed,references,1
net.minecraft.core.dispenser,net.minecraft.world.entity,Directed,references,3
net.minecraft.core.dispenser,net.minecraft.core.Holder,Directed,references,2
net.minecraft.core.dispenser,net.minecraft.world.item,Directed,references,21
net.minecraft.core.dispenser,net.minecraft.core.Direction,Directed,references,3
net.minecraft.core.dispenser,net.minecraft.core.Position,Directed,references,1
net.minecraft.core.dispenser,net.minecraft.server.level,Directed,references,2
net.minecraft.core.dispenser,net.minecraft.core.BlockPos,Directed,references,2
net.minecraft.core.FrontAndTop,net.minecraft.core.Direction,Directed,references,8
net.minecraft.core.Holder,net.minecraft.resources.ResourceLocation,Directed,references,3
net.minecraft.core.Holder,net.minecraft.resources.ResourceKey,Directed,references,17
net.minecraft.core.Holder,net.minecraft.client.renderer,Directed,references,3
net.minecraft.core.Holder,net.minecraft.core.HolderOwner,Directed,references,6
net.minecraft.core.Holder,net.minecraft.core.RegistryAccess,Directed,references,1
net.minecraft.core.Holder,net.neoforged.neoforge.registries,Directed,references,1
net.minecraft.core.Holder,net.neoforged.neoforge.event,Directed,references,2
net.minecraft.core.Holder,net.minecraft.core.HolderLookup,Directed,references,2
net.minecraft.core.HolderGetter,net.minecraft.resources.ResourceKey,Directed,references,6
net.minecraft.core.HolderGetter,net.minecraft.core.Holder,Directed,references,6
net.minecraft.core.HolderGetter,net.minecraft.core.HolderSet,Directed,references,4
net.minecraft.core.HolderGetter,net.minecraft.core.Registry,Directed,references,3
net.minecraft.core.HolderLookup,net.minecraft.core.Holder,Directed,references,6
net.minecraft.core.HolderLookup,net.minecraft.resources.ResourceKey,Directed,references,9
net.minecraft.core.HolderLookup,net.minecraft.core.HolderSet,Directed,references,6
net.minecraft.core.HolderLookup,net.minecraft.core.Registry,Directed,references,5
net.minecraft.core.HolderLookup,net.minecraft.resources.RegistryOps,Directed,references,1
net.minecraft.core.HolderLookup,net.minecraft.core.HolderGetter,Directed,references,1
net.minecraft.core.HolderLookup,net.minecraft.world.flag,Directed,references,1
net.minecraft.core.HolderLookup,net.minecraft.client.renderer,Directed,references,1
net.minecraft.core.HolderLookup,net.minecraft.core.RegistryAccess,Directed,references,2
net.minecraft.core.HolderLookup,net.neoforged.neoforge.registries,Directed,references,2
net.minecraft.core.HolderLookup,net.neoforged.neoforge.event,Directed,references,4
net.minecraft.core.HolderSet,net.minecraft.core.Holder,Directed,references,23
net.minecraft.core.HolderSet,net.minecraft.util.RandomSource,Directed,references,2
net.minecraft.core.HolderSet,net.minecraft.core.HolderOwner,Directed,references,5
net.minecraft.core.HolderSet,net.minecraft.world.level,Directed,references,4
net.minecraft.core.LayeredRegistryAccess,net.minecraft.core.RegistryAccess,Directed,references,17
net.minecraft.core.LayeredRegistryAccess,net.minecraft.resources.ResourceKey,Directed,references,1
net.minecraft.core.LayeredRegistryAccess,net.minecraft.core.Registry,Directed,references,2
net.minecraft.core.MappedRegistry,net.minecraft.resources.ResourceKey,Directed,references,16
net.minecraft.core.MappedRegistry,net.minecraft.core.Registry,Directed,references,4
net.minecraft.core.MappedRegistry,net.minecraft.core.Holder,Directed,references,24
net.minecraft.core.MappedRegistry,net.minecraft.resources.ResourceLocation,Directed,references,6
net.minecraft.core.MappedRegistry,net.minecraft.client.gui,Directed,references,1
net.minecraft.core.MappedRegistry,net.minecraft.core.HolderSet,Directed,references,8
net.minecraft.core.MappedRegistry,net.minecraft.util.RandomSource,Directed,references,1
net.minecraft.core.MappedRegistry,net.minecraft.core.HolderGetter,Directed,references,1
net.minecraft.core.MappedRegistry,net.minecraft.core.HolderOwner,Directed,references,1
net.minecraft.core.MappedRegistry,net.minecraft.core.HolderLookup,Directed,references,2
net.minecraft.core.NonNullList,net.minecraft.world.level,Directed,references,18
net.minecraft.core.particles,net.minecraft.network.codec,Directed,references,6
net.minecraft.core.particles,net.minecraft.network.RegistryFriendlyByteBuf,Directed,references,5
net.minecraft.core.particles,net.minecraft.world.level,Directed,references,4
net.minecraft.core.particles,net.minecraft.client.GameNarrator,Directed,references,2
net.minecraft.core.particles,net.minecraft.core.BlockPos,Directed,references,2
net.minecraft.core.particles,net.minecraft.world.item,Directed,references,2
net.minecraft.core.registries,net.minecraft.resources.ResourceKey,Directed,references,12
net.minecraft.core.registries,net.minecraft.core.Registry,Directed,references,12
net.minecraft.core.registries,net.minecraft.core.DefaultedRegistry,Directed,references,2
net.minecraft.core.registries,net.minecraft.resources.ResourceLocation,Directed,references,1
net.minecraft.core.registries,net.minecraft.world.entity,Directed,references,2
net.minecraft.core.Registry,net.minecraft.resources.ResourceKey,Directed,references,13
net.minecraft.core.Registry,net.minecraft.core.Holder,Directed,references,31
net.minecraft.core.Registry,net.minecraft.resources.ResourceLocation,Directed,references,8
net.minecraft.core.Registry,net.minecraft.client.gui,Directed,references,1
net.minecraft.core.Registry,net.minecraft.util.RandomSource,Directed,references,2
net.minecraft.core.Registry,net.minecraft.core.HolderSet,Directed,references,6
net.minecraft.core.Registry,net.minecraft.core.IdMap,Directed,references,1
net.minecraft.core.Registry,net.minecraft.core.HolderOwner,Directed,references,1
net.minecraft.core.Registry,net.minecraft.core.HolderLookup,Directed,references,4
net.minecraft.core.RegistryAccess,net.minecraft.resources.ResourceKey,Directed,references,8
net.minecraft.core.RegistryAccess,net.minecraft.core.Registry,Directed,references,16
net.minecraft.core.RegistryAccess,net.minecraft.world.level,Directed,references,6
net.minecraft.core.RegistryAccess,net.minecraft.core.HolderLookup,Directed,references,2
net.minecraft.core.RegistryAccess,net.minecraft.client.gui,Directed,references,1
net.minecraft.core.RegistryCodecs,net.minecraft.resources.ResourceKey,Directed,references,4
net.minecraft.core.RegistryCodecs,net.minecraft.core.Registry,Directed,references,4
net.minecraft.core.RegistryCodecs,net.minecraft.world.level,Directed,references,10
net.minecraft.core.RegistryCodecs,net.minecraft.core.HolderSet,Directed,references,4
net.minecraft.core.RegistrySetBuilder,net.minecraft.core.HolderLookup,Directed,references,23
net.minecraft.core.RegistrySetBuilder,net.minecraft.core.HolderGetter,Directed,references,10
net.minecraft.core.RegistrySetBuilder,net.minecraft.resources.ResourceKey,Directed,references,12
net.minecraft.core.RegistrySetBuilder,net.minecraft.core.Registry,Directed,references,7
net.minecraft.core.RegistrySetBuilder,net.minecraft.core.HolderOwner,Directed,references,8
net.minecraft.core.RegistrySetBuilder,net.minecraft.core.Holder,Directed,references,8
net.minecraft.core.RegistrySetBuilder,net.minecraft.core.RegistryAccess,Directed,references,6
net.minecraft.core.RegistrySetBuilder,net.minecraft.core.Cloner,Directed,references,6
net.minecraft.core.RegistrySetBuilder,net.minecraft.data.worldgen,Directed,references,2
net.minecraft.core.RegistrySetBuilder,net.minecraft.core.HolderSet,Directed,references,6
net.minecraft.core.RegistrySynchronization,net.minecraft.nbt.Tag,Directed,references,2
net.minecraft.core.RegistrySynchronization,net.minecraft.core.RegistryAccess,Directed,references,6
net.minecraft.core.RegistrySynchronization,net.minecraft.resources.ResourceKey,Directed,references,2
net.minecraft.core.RegistrySynchronization,net.minecraft.core.Registry,Directed,references,2
net.minecraft.core.RegistrySynchronization,net.minecraft.resources.RegistryDataLoader,Directed,references,2
net.minecraft.core.RegistrySynchronization,net.minecraft.core.LayeredRegistryAccess,Directed,references,2
net.minecraft.core.RegistrySynchronization,net.minecraft.server.RegistryLayer,Directed,references,2
net.minecraft.core.Rotations,net.minecraft.nbt.ListTag,Directed,references,2
net.minecraft.core.SectionPos,net.minecraft.core.BlockPos,Directed,references,8
net.minecraft.core.SectionPos,net.minecraft.world.level,Directed,references,5
net.minecraft.core.SectionPos,net.minecraft.core.Position,Directed,references,1
net.minecraft.core.SectionPos,net.minecraft.core.Direction,Directed,references,1
net.minecraft.core.Vec3i,net.minecraft.core.Direction,Directed,references,6
net.minecraft.core.Vec3i,net.minecraft.core.Position,Directed,references,2
net.minecraft.core.WritableRegistry,net.minecraft.resources.ResourceKey,Directed,references,1
net.minecraft.core.WritableRegistry,net.minecraft.core.Holder,Directed,references,2
net.minecraft.core.WritableRegistry,net.minecraft.core.HolderGetter,Directed,references,1
net.minecraft.CrashReport,net.minecraft.client.multiplayer,Directed,references,4
net.minecraft.CrashReport,net.minecraft.world.level,Directed,references,3
net.minecraft.CrashReport,net.minecraft.SystemReport,Directed,references,1
net.minecraft.CrashReport,net.minecraft.CrashReportCategory,Directed,references,2
net.minecraft.CrashReportCategory,net.minecraft.world.level,Directed,references,5
net.minecraft.CrashReportCategory,net.minecraft.core.BlockPos,Directed,references,2
net.minecraft.CrashReportCategory,net.minecraft.CrashReportDetail,Directed,references,1
net.minecraft.data.advancements,net.minecraft.data.PackOutput,Directed,references,2
net.minecraft.data.advancements,net.minecraft.core.HolderLookup,Directed,references,11
net.minecraft.data.advancements,net.minecraft.data.models,Directed,references,11
net.minecraft.data.advancements,net.minecraft.data.CachedOutput,Directed,references,1
net.minecraft.data.advancements,net.minecraft.advancements.critereon,Directed,references,6
net.minecraft.data.advancements,net.minecraft.world.entity,Directed,references,7
net.minecraft.data.advancements,net.minecraft.world.item,Directed,references,1
net.minecraft.data.advancements,net.minecraft.world.level,Directed,references,4
net.minecraft.data.advancements,net.minecraft.advancements.Advancement,Directed,references,24
net.minecraft.data.advancements,net.minecraft.data.BlockFamily,Directed,references,24
net.minecraft.data.advancements,net.minecraft.resources.ResourceKey,Directed,references,1
net.minecraft.data.BlockFamilies,net.minecraft.world.level,Directed,references,1
net.minecraft.data.BlockFamilies,net.minecraft.data.BlockFamily,Directed,references,3
net.minecraft.data.BlockFamily,net.minecraft.world.level,Directed,references,23
net.minecraft.data.CachedOutput,net.minecraft.world.level,Directed,references,1
net.minecraft.data.DataGenerator,net.minecraft.world.level,Directed,references,1
net.minecraft.data.DataGenerator,net.minecraft.WorldVersion,Directed,references,1
net.minecraft.data.DataGenerator,net.minecraft.data.DataProvider,Directed,references,5
net.minecraft.data.DataGenerator,net.minecraft.data.PackOutput,Directed,references,3
net.minecraft.data.DataProvider,net.minecraft.data.CachedOutput,Directed,references,3
net.minecraft.data.DataProvider,net.minecraft.core.HolderLookup,Directed,references,1
net.minecraft.data.DataProvider,net.minecraft.data.models,Directed,references,1
net.minecraft.data.DataProvider,net.minecraft.world.level,Directed,references,2
net.minecraft.data.DataProvider,net.minecraft.data.PackOutput,Directed,references,1
net.minecraft.data.HashCache,net.minecraft.world.level,Directed,references,12
net.minecraft.data.HashCache,net.minecraft.WorldVersion,Directed,references,1
net.minecraft.data.HashCache,net.minecraft.data.CachedOutput,Directed,references,1
net.minecraft.data.info,net.minecraft.data.PackOutput,Directed,references,6
net.minecraft.data.info,net.minecraft.core.HolderLookup,Directed,references,4
net.minecraft.data.info,net.minecraft.data.models,Directed,references,4
net.minecraft.data.info,net.minecraft.data.CachedOutput,Directed,references,7
net.minecraft.data.info,net.minecraft.world.level,Directed,references,4
net.minecraft.data.info,net.minecraft.network.chat,Directed,references,1
net.minecraft.data.info,net.minecraft.resources.ResourceLocation,Directed,references,1
net.minecraft.data.info,net.minecraft.core.Registry,Directed,references,1
net.minecraft.data.loot,net.minecraft.world.level,Directed,references,180
net.minecraft.data.loot,net.minecraft.data.BlockFamily,Directed,references,96
net.minecraft.data.loot,net.minecraft.world.item,Directed,references,10
net.minecraft.data.loot,net.minecraft.world.flag,Directed,references,5
net.minecraft.data.loot,net.minecraft.core.HolderLookup,Directed,references,12
net.minecraft.data.loot,net.minecraft.data.models,Directed,references,10
net.minecraft.data.loot,net.minecraft.resources.ResourceKey,Directed,references,17
net.minecraft.data.loot,net.minecraft.client.resources,Directed,references,1
net.minecraft.data.loot,net.minecraft.world.entity,Directed,references,4
net.minecraft.data.loot,net.minecraft.data.PackOutput,Directed,references,3
net.minecraft.data.loot,net.minecraft.data.CachedOutput,Directed,references,2
net.minecraft.data.loot,net.minecraft.core.WritableRegistry,Directed,references,1
net.minecraft.data.loot,net.minecraft.util.ProblemReporter,Directed,references,1
net.minecraft.data.loot,net.minecraft.client.multiplayer,Directed,references,1
net.minecraft.data.loot,net.minecraft.resources.ResourceLocation,Directed,references,1
net.minecraft.data.Main,net.minecraft.data.PackOutput,Directed,references,1
net.minecraft.data.Main,net.minecraft.core.HolderLookup,Directed,references,2
net.minecraft.data.Main,net.minecraft.data.models,Directed,references,2
net.minecraft.data.Main,net.minecraft.data.DataProvider,Directed,references,2
net.minecraft.data.Main,net.minecraft.world.level,Directed,references,2
net.minecraft.data.Main,net.minecraft.WorldVersion,Directed,references,1
net.minecraft.data.Main,net.minecraft.data.DataGenerator,Directed,references,1
net.minecraft.data.metadata,net.minecraft.data.PackOutput,Directed,references,3
net.minecraft.data.metadata,net.minecraft.server.packs,Directed,references,1
net.minecraft.data.metadata,net.minecraft.data.CachedOutput,Directed,references,1
net.minecraft.data.metadata,net.minecraft.network.chat,Directed,references,2
net.minecraft.data.metadata,net.minecraft.world.flag,Directed,references,1
net.minecraft.data.models,net.minecraft.world.level,Directed,references,287
net.minecraft.data.models,net.minecraft.resources.ResourceLocation,Directed,references,163
net.minecraft.data.models,net.minecraft.world.item,Directed,references,18
net.minecraft.data.models,net.minecraft.core.Direction,Directed,references,3
net.minecraft.data.models,net.minecraft.core.FrontAndTop,Directed,references,1
net.minecraft.data.models,net.minecraft.data.BlockFamily,Directed,references,1
net.minecraft.data.models,net.minecraft.client.renderer,Directed,references,2
net.minecraft.data.models,net.minecraft.data.PackOutput,Directed,references,1
net.minecraft.data.models,net.minecraft.data.CachedOutput,Directed,references,2
net.minecraft.data.PackOutput,net.minecraft.world.level,Directed,references,5
net.minecraft.data.PackOutput,net.minecraft.resources.ResourceKey,Directed,references,2
net.minecraft.data.PackOutput,net.minecraft.core.Registry,Directed,references,2
net.minecraft.data.PackOutput,net.minecraft.resources.ResourceLocation,Directed,references,2
net.minecraft.data.recipes,net.minecraft.data.PackOutput,Directed,references,3
net.minecraft.data.recipes,net.minecraft.core.HolderLookup,Directed,references,8
net.minecraft.data.recipes,net.minecraft.data.models,Directed,references,8
net.minecraft.data.recipes,net.minecraft.data.CachedOutput,Directed,references,5
net.minecraft.data.recipes,net.minecraft.world.item,Directed,references,99
net.minecraft.data.recipes,net.minecraft.resources.ResourceLocation,Directed,references,17
net.minecraft.data.recipes,net.minecraft.world.level,Directed,references,127
net.minecraft.data.recipes,net.minecraft.advancements.Advancement,Directed,references,1
net.minecraft.data.recipes,net.minecraft.data.BlockFamily,Directed,references,6
net.minecraft.data.recipes,net.minecraft.world.entity,Directed,references,1
net.minecraft.data.recipes,net.minecraft.data.registries,Directed,references,1
net.minecraft.data.recipes,net.neoforged.neoforge.common,Directed,references,1
net.minecraft.data.recipes,net.minecraft.world.flag,Directed,references,3
net.minecraft.data.recipes,net.minecraft.data.DataProvider,Directed,references,8
net.minecraft.data.recipes,net.minecraft.advancements.critereon,Directed,references,8
net.minecraft.data.registries,net.minecraft.data.PackOutput,Directed,references,3
net.minecraft.data.registries,net.minecraft.core.HolderLookup,Directed,references,9
net.minecraft.data.registries,net.minecraft.data.models,Directed,references,8
net.minecraft.data.registries,net.minecraft.resources.ResourceKey,Directed,references,1
net.minecraft.data.registries,net.minecraft.world.entity,Directed,references,3
net.minecraft.data.registries,net.neoforged.neoforge.common,Directed,references,3
net.minecraft.data.registries,net.minecraft.data.CachedOutput,Directed,references,3
net.minecraft.data.registries,net.minecraft.resources.RegistryDataLoader,Directed,references,2
net.minecraft.data.registries,net.minecraft.world.level,Directed,references,4
net.minecraft.data.registries,net.minecraft.network.chat,Directed,references,1
net.minecraft.data.registries,net.minecraft.core.RegistrySetBuilder,Directed,references,3
net.minecraft.data.registries,net.minecraft.core.HolderGetter,Directed,references,1
net.minecraft.data.structures,net.minecraft.data.PackOutput,Directed,references,2
net.minecraft.data.structures,net.minecraft.world.level,Directed,references,13
net.minecraft.data.structures,net.minecraft.data.CachedOutput,Directed,references,5
net.minecraft.data.structures,net.minecraft.nbt.CompoundTag,Directed,references,8
net.minecraft.data.tags,net.minecraft.data.PackOutput,Directed,references,45
net.minecraft.data.tags,net.minecraft.core.HolderLookup,Directed,references,67
net.minecraft.data.tags,net.minecraft.data.models,Directed,references,67
net.minecraft.data.tags,net.minecraft.world.entity,Directed,references,20
net.minecraft.data.tags,net.minecraft.client.gui,Directed,references,20
net.minecraft.data.tags,net.neoforged.neoforge.common,Directed,references,20
net.minecraft.data.tags,net.minecraft.resources.ResourceKey,Directed,references,18
net.minecraft.data.tags,net.minecraft.core.Registry,Directed,references,8
net.minecraft.data.tags,net.minecraft.tags.TagBuilder,Directed,references,5
net.minecraft.data.tags,net.minecraft.world.level,Directed,references,7
net.minecraft.data.tags,net.minecraft.world.item,Directed,references,3
net.minecraft.data.tags,net.minecraft.resources.ResourceLocation,Directed,references,3
net.minecraft.data.tags,net.minecraft.data.CachedOutput,Directed,references,1
net.minecraft.data.tags,net.minecraft.tags.TagEntry,Directed,references,2
net.minecraft.data.worldgen,net.minecraft.world.level,Directed,references,263
net.minecraft.data.worldgen,net.minecraft.data.BlockFamily,Directed,references,101
net.minecraft.data.worldgen,net.minecraft.core.HolderGetter,Directed,references,89
net.minecraft.data.worldgen,net.minecraft.sounds.Music,Directed,references,3
net.minecraft.data.worldgen,net.minecraft.resources.ResourceKey,Directed,references,21
net.minecraft.data.worldgen,net.minecraft.client.renderer,Directed,references,12
net.minecraft.data.worldgen,net.minecraft.core.Holder,Directed,references,2
net.minecraft.data.worldgen,net.minecraft.core.Registry,Directed,references,2
net.minecraft.data.worldgen,net.minecraft.client.GameNarrator,Directed,references,1
net.minecraft.data.worldgen,net.minecraft.core.HolderLookup,Directed,references,2
net.minecraft.data.worldgen,net.minecraft.core.Direction,Directed,references,1
net.minecraft.data.worldgen,net.minecraft.commands.arguments,Directed,references,2
net.minecraft.data.worldgen,net.neoforged.neoforge.event,Directed,references,17
net.minecraft.data.worldgen,net.minecraft.util.CubicSpline,Directed,references,10
net.minecraft.data.worldgen,net.minecraft.util.ToFloatFunction,Directed,references,7
net.minecraft.DetectedVersion,net.minecraft.WorldVersion,Directed,references,1
net.minecraft.DetectedVersion,net.minecraft.world.level,Directed,references,1
net.minecraft.DetectedVersion,net.minecraft.server.packs,Directed,references,1
net.minecraft.FileUtil,net.minecraft.world.level,Directed,references,8
net.minecraft.gametest.framework,net.minecraft.core.BlockPos,Directed,references,97
net.minecraft.gametest.framework,net.minecraft.server.level,Directed,references,42
net.minecraft.gametest.framework,net.minecraft.world.level,Directed,references,85
net.minecraft.gametest.framework,net.minecraft.world.item,Directed,references,14
net.minecraft.gametest.framework,net.minecraft.world.phys,Directed,references,13
net.minecraft.gametest.framework,net.minecraft.world.entity,Directed,references,54
net.minecraft.gametest.framework,net.minecraft.client.renderer,Directed,references,7
net.minecraft.gametest.framework,net.minecraft.core.Direction,Directed,references,2
net.minecraft.gametest.framework,net.minecraft.world.effect,Directed,references,1
net.minecraft.gametest.framework,net.minecraft.data.models,Directed,references,12
net.minecraft.gametest.framework,net.minecraft.resources.ResourceKey,Directed,references,1
net.minecraft.gametest.framework,net.minecraft.server.ServerScoreboard,Directed,references,6
net.minecraft.gametest.framework,net.minecraft.server.packs,Directed,references,2
net.minecraft.gametest.framework,net.minecraft.util.debugchart,Directed,references,1
net.minecraft.gametest.framework,net.minecraft.SystemReport,Directed,references,2
net.minecraft.gametest.framework,net.minecraft.CrashReport,Directed,references,1
net.minecraft.gametest.framework,net.minecraft.util.eventlog,Directed,references,2
net.minecraft.gametest.framework,net.neoforged.neoforge.client,Directed,references,1
net.minecraft.gametest.framework,net.minecraft.ChatFormatting,Directed,references,2
net.minecraft.gametest.framework,net.minecraft.core.Vec3i,Directed,references,3
net.minecraft.gametest.framework,net.minecraft.commands.CommandSourceStack,Directed,references,37
net.minecraft.locale.Language,net.minecraft.client.GameNarrator,Directed,references,3
net.minecraft.locale.Language,net.minecraft.util.profiling,Directed,references,3
net.minecraft.locale.Language,net.minecraft.client.gui,Directed,references,3
net.minecraft.locale.Language,net.minecraft.network.chat,Directed,references,5
net.minecraft.locale.Language,net.minecraft.util.FormattedCharSequence,Directed,references,2
net.minecraft.nbt.ByteArrayTag,net.minecraft.nbt.TagType,Directed,references,1
net.minecraft.nbt.ByteArrayTag,net.minecraft.nbt.Tag,Directed,references,3
net.minecraft.nbt.ByteArrayTag,net.minecraft.nbt.TagVisitor,Directed,references,1
net.minecraft.nbt.ByteArrayTag,net.minecraft.nbt.ByteTag,Directed,references,5
net.minecraft.nbt.ByteArrayTag,net.minecraft.nbt.StreamTagVisitor,Directed,references,3
net.minecraft.nbt.ByteTag,net.minecraft.nbt.TagType,Directed,references,1
net.minecraft.nbt.ByteTag,net.minecraft.nbt.TagVisitor,Directed,references,1
net.minecraft.nbt.ByteTag,net.minecraft.nbt.StreamTagVisitor,Directed,references,3
net.minecraft.nbt.CollectionTag,net.minecraft.nbt.Tag,Directed,references,2
net.minecraft.nbt.CompoundTag,net.minecraft.nbt.Tag,Directed,references,7
net.minecraft.nbt.CompoundTag,net.minecraft.nbt.TagType,Directed,references,3
net.minecraft.nbt.CompoundTag,net.minecraft.nbt.ListTag,Directed,references,1
net.minecraft.nbt.CompoundTag,net.minecraft.CrashReport,Directed,references,1
net.minecraft.nbt.CompoundTag,net.minecraft.nbt.NbtAccounter,Directed,references,1
net.minecraft.nbt.CompoundTag,net.minecraft.nbt.TagVisitor,Directed,references,1
net.minecraft.nbt.CompoundTag,net.minecraft.client.gui,Directed,references,1
net.minecraft.nbt.CompoundTag,net.minecraft.nbt.StreamTagVisitor,Directed,references,3
net.minecraft.nbt.DoubleTag,net.minecraft.nbt.TagType,Directed,references,1
net.minecraft.nbt.DoubleTag,net.minecraft.nbt.TagVisitor,Directed,references,1
net.minecraft.nbt.DoubleTag,net.minecraft.nbt.StreamTagVisitor,Directed,references,3
net.minecraft.nbt.EndTag,net.minecraft.nbt.TagType,Directed,references,1
net.minecraft.nbt.EndTag,net.minecraft.nbt.TagVisitor,Directed,references,1
net.minecraft.nbt.EndTag,net.minecraft.nbt.StreamTagVisitor,Directed,references,3
net.minecraft.nbt.FloatTag,net.minecraft.nbt.TagType,Directed,references,1
net.minecraft.nbt.FloatTag,net.minecraft.nbt.TagVisitor,Directed,references,1
net.minecraft.nbt.FloatTag,net.minecraft.nbt.StreamTagVisitor,Directed,references,3
net.minecraft.nbt.IntArrayTag,net.minecraft.nbt.TagType,Directed,references,1
net.minecraft.nbt.IntArrayTag,net.minecraft.nbt.TagVisitor,Directed,references,1
net.minecraft.nbt.IntArrayTag,net.minecraft.nbt.IntTag,Directed,references,5
net.minecraft.nbt.IntArrayTag,net.minecraft.nbt.Tag,Directed,references,2
net.minecraft.nbt.IntArrayTag,net.minecraft.nbt.StreamTagVisitor,Directed,references,3
net.minecraft.nbt.IntTag,net.minecraft.nbt.TagType,Directed,references,1
net.minecraft.nbt.IntTag,net.minecraft.nbt.TagVisitor,Directed,references,1
net.minecraft.nbt.IntTag,net.minecraft.nbt.StreamTagVisitor,Directed,references,3
net.minecraft.nbt.ListTag,net.minecraft.nbt.Tag,Directed,references,9
net.minecraft.nbt.ListTag,net.minecraft.nbt.TagType,Directed,references,1
net.minecraft.nbt.ListTag,net.minecraft.nbt.CompoundTag,Directed,references,1
net.minecraft.nbt.ListTag,net.minecraft.nbt.TagVisitor,Directed,references,1
net.minecraft.nbt.ListTag,net.minecraft.nbt.StreamTagVisitor,Directed,references,3
net.minecraft.nbt.LongArrayTag,net.minecraft.nbt.TagType,Directed,references,1
net.minecraft.nbt.LongArrayTag,net.minecraft.nbt.TagVisitor,Directed,references,1
net.minecraft.nbt.LongArrayTag,net.minecraft.nbt.LongTag,Directed,references,5
net.minecraft.nbt.LongArrayTag,net.minecraft.nbt.Tag,Directed,references,2
net.minecraft.nbt.LongArrayTag,net.minecraft.nbt.StreamTagVisitor,Directed,references,3
net.minecraft.nbt.LongTag,net.minecraft.nbt.TagType,Directed,references,1
net.minecraft.nbt.LongTag,net.minecraft.nbt.TagVisitor,Directed,references,1
net.minecraft.nbt.LongTag,net.minecraft.nbt.StreamTagVisitor,Directed,references,3
net.minecraft.nbt.NbtIo,net.minecraft.world.level,Directed,references,5
net.minecraft.nbt.NbtIo,net.minecraft.nbt.NbtAccounter,Directed,references,9
net.minecraft.nbt.NbtIo,net.minecraft.nbt.CompoundTag,Directed,references,9
net.minecraft.nbt.NbtIo,net.minecraft.nbt.StreamTagVisitor,Directed,references,3
net.minecraft.nbt.NbtIo,net.minecraft.nbt.Tag,Directed,references,6
net.minecraft.nbt.NbtOps,net.minecraft.nbt.Tag,Directed,references,82
net.minecraft.nbt.NbtOps,net.minecraft.nbt.CompoundTag,Directed,references,7
net.minecraft.nbt.NbtOps,net.minecraft.nbt.ListTag,Directed,references,1
net.minecraft.nbt.NbtUtils,net.minecraft.nbt.Tag,Directed,references,8
net.minecraft.nbt.NbtUtils,net.minecraft.nbt.IntArrayTag,Directed,references,1
net.minecraft.nbt.NbtUtils,net.minecraft.nbt.CompoundTag,Directed,references,19
net.minecraft.nbt.NbtUtils,net.minecraft.core.BlockPos,Directed,references,2
net.minecraft.nbt.NbtUtils,net.minecraft.core.HolderGetter,Directed,references,1
net.minecraft.nbt.NbtUtils,net.minecraft.world.level,Directed,references,8
net.minecraft.nbt.NbtUtils,net.minecraft.network.chat,Directed,references,1
net.minecraft.nbt.ReportedNbtException,net.minecraft.CrashReport,Directed,references,1
net.minecraft.nbt.ShortTag,net.minecraft.nbt.TagType,Directed,references,1
net.minecraft.nbt.ShortTag,net.minecraft.nbt.TagVisitor,Directed,references,1
net.minecraft.nbt.ShortTag,net.minecraft.nbt.StreamTagVisitor,Directed,references,3
net.minecraft.nbt.SnbtPrinterTagVisitor,net.minecraft.nbt.Tag,Directed,references,1
net.minecraft.nbt.SnbtPrinterTagVisitor,net.minecraft.nbt.StringTag,Directed,references,1
net.minecraft.nbt.SnbtPrinterTagVisitor,net.minecraft.nbt.ByteTag,Directed,references,1
net.minecraft.nbt.SnbtPrinterTagVisitor,net.minecraft.nbt.ShortTag,Directed,references,1
net.minecraft.nbt.SnbtPrinterTagVisitor,net.minecraft.nbt.IntTag,Directed,references,1
net.minecraft.nbt.SnbtPrinterTagVisitor,net.minecraft.nbt.LongTag,Directed,references,1
net.minecraft.nbt.SnbtPrinterTagVisitor,net.minecraft.nbt.FloatTag,Directed,references,1
net.minecraft.nbt.SnbtPrinterTagVisitor,net.minecraft.nbt.DoubleTag,Directed,references,1
net.minecraft.nbt.SnbtPrinterTagVisitor,net.minecraft.nbt.ByteArrayTag,Directed,references,1
net.minecraft.nbt.SnbtPrinterTagVisitor,net.minecraft.nbt.IntArrayTag,Directed,references,1
net.minecraft.nbt.SnbtPrinterTagVisitor,net.minecraft.nbt.LongArrayTag,Directed,references,1
net.minecraft.nbt.SnbtPrinterTagVisitor,net.minecraft.nbt.ListTag,Directed,references,1
net.minecraft.nbt.SnbtPrinterTagVisitor,net.minecraft.nbt.CompoundTag,Directed,references,2
net.minecraft.nbt.SnbtPrinterTagVisitor,net.minecraft.nbt.EndTag,Directed,references,1
net.minecraft.nbt.StreamTagVisitor,net.minecraft.nbt.TagType,Directed,references,5
net.minecraft.nbt.StringTag,net.minecraft.nbt.TagType,Directed,references,1
net.minecraft.nbt.StringTag,net.minecraft.nbt.TagVisitor,Directed,references,1
net.minecraft.nbt.StringTag,net.minecraft.nbt.StreamTagVisitor,Directed,references,3
net.minecraft.nbt.StringTagVisitor,net.minecraft.nbt.Tag,Directed,references,1
net.minecraft.nbt.StringTagVisitor,net.minecraft.nbt.StringTag,Directed,references,1
net.minecraft.nbt.StringTagVisitor,net.minecraft.nbt.ByteTag,Directed,references,1
net.minecraft.nbt.StringTagVisitor,net.minecraft.nbt.ShortTag,Directed,references,1
net.minecraft.nbt.StringTagVisitor,net.minecraft.nbt.IntTag,Directed,references,1
net.minecraft.nbt.StringTagVisitor,net.minecraft.nbt.LongTag,Directed,references,1
net.minecraft.nbt.StringTagVisitor,net.minecraft.nbt.FloatTag,Directed,references,1
net.minecraft.nbt.StringTagVisitor,net.minecraft.nbt.DoubleTag,Directed,references,1
net.minecraft.nbt.StringTagVisitor,net.minecraft.nbt.ByteArrayTag,Directed,references,1
net.minecraft.nbt.StringTagVisitor,net.minecraft.nbt.IntArrayTag,Directed,references,1
net.minecraft.nbt.StringTagVisitor,net.minecraft.nbt.LongArrayTag,Directed,references,1
net.minecraft.nbt.StringTagVisitor,net.minecraft.nbt.ListTag,Directed,references,1
net.minecraft.nbt.StringTagVisitor,net.minecraft.nbt.CompoundTag,Directed,references,1
net.minecraft.nbt.StringTagVisitor,net.minecraft.nbt.EndTag,Directed,references,1
net.minecraft.nbt.Tag,net.minecraft.nbt.TagType,Directed,references,1
net.minecraft.nbt.Tag,net.minecraft.nbt.TagVisitor,Directed,references,1
net.minecraft.nbt.Tag,net.minecraft.nbt.StreamTagVisitor,Directed,references,4
net.minecraft.nbt.TagParser,net.minecraft.nbt.CompoundTag,Directed,references,3
net.minecraft.nbt.TagParser,net.minecraft.nbt.Tag,Directed,references,6
net.minecraft.nbt.TagParser,net.minecraft.nbt.TagType,Directed,references,2
net.minecraft.nbt.TagType,net.minecraft.nbt.NbtAccounter,Directed,references,8
net.minecraft.nbt.TagType,net.minecraft.nbt.StreamTagVisitor,Directed,references,4
net.minecraft.nbt.TagType,net.minecraft.nbt.EndTag,Directed,references,1
net.minecraft.nbt.TagTypes,net.minecraft.nbt.TagType,Directed,references,1
net.minecraft.nbt.TagVisitor,net.minecraft.nbt.StringTag,Directed,references,1
net.minecraft.nbt.TagVisitor,net.minecraft.nbt.ByteTag,Directed,references,1
net.minecraft.nbt.TagVisitor,net.minecraft.nbt.ShortTag,Directed,references,1
net.minecraft.nbt.TagVisitor,net.minecraft.nbt.IntTag,Directed,references,1
net.minecraft.nbt.TagVisitor,net.minecraft.nbt.LongTag,Directed,references,1
net.minecraft.nbt.TagVisitor,net.minecraft.nbt.FloatTag,Directed,references,1
net.minecraft.nbt.TagVisitor,net.minecraft.nbt.DoubleTag,Directed,references,1
net.minecraft.nbt.TagVisitor,net.minecraft.nbt.ByteArrayTag,Directed,references,1
net.minecraft.nbt.TagVisitor,net.minecraft.nbt.IntArrayTag,Directed,references,1
net.minecraft.nbt.TagVisitor,net.minecraft.nbt.LongArrayTag,Directed,references,1
net.minecraft.nbt.TagVisitor,net.minecraft.nbt.ListTag,Directed,references,1
net.minecraft.nbt.TagVisitor,net.minecraft.nbt.CompoundTag,Directed,references,1
net.minecraft.nbt.TagVisitor,net.minecraft.nbt.EndTag,Directed,references,1
net.minecraft.nbt.TextComponentTagVisitor,net.minecraft.nbt.Tag,Directed,references,2
net.minecraft.nbt.TextComponentTagVisitor,net.minecraft.network.chat,Directed,references,2
net.minecraft.nbt.TextComponentTagVisitor,net.minecraft.nbt.StringTag,Directed,references,1
net.minecraft.nbt.TextComponentTagVisitor,net.minecraft.nbt.ByteTag,Directed,references,1
net.minecraft.nbt.TextComponentTagVisitor,net.minecraft.nbt.ShortTag,Directed,references,1
net.minecraft.nbt.TextComponentTagVisitor,net.minecraft.nbt.IntTag,Directed,references,1
net.minecraft.nbt.TextComponentTagVisitor,net.minecraft.nbt.LongTag,Directed,references,1
net.minecraft.nbt.TextComponentTagVisitor,net.minecraft.nbt.FloatTag,Directed,references,1
net.minecraft.nbt.TextComponentTagVisitor,net.minecraft.nbt.DoubleTag,Directed,references,1
net.minecraft.nbt.TextComponentTagVisitor,net.minecraft.nbt.ByteArrayTag,Directed,references,1
net.minecraft.nbt.TextComponentTagVisitor,net.minecraft.nbt.IntArrayTag,Directed,references,1
net.minecraft.nbt.TextComponentTagVisitor,net.minecraft.nbt.LongArrayTag,Directed,references,1
net.minecraft.nbt.TextComponentTagVisitor,net.minecraft.nbt.ListTag,Directed,references,1
net.minecraft.nbt.TextComponentTagVisitor,net.minecraft.nbt.CompoundTag,Directed,references,1
net.minecraft.nbt.TextComponentTagVisitor,net.minecraft.nbt.EndTag,Directed,references,1
net.minecraft.nbt.visitors,net.minecraft.nbt.TagType,Directed,references,19
net.minecraft.nbt.visitors,net.minecraft.nbt.StreamTagVisitor,Directed,references,80
net.minecraft.nbt.visitors,net.minecraft.nbt.Tag,Directed,references,2
net.minecraft.network.BandwidthDebugMonitor,net.minecraft.util.debugchart,Directed,references,1
net.minecraft.network.chat,net.minecraft.server.level,Directed,references,6
net.minecraft.network.chat,net.minecraft.resources.ResourceKey,Directed,references,4
net.minecraft.network.chat,net.minecraft.data.worldgen,Directed,references,1
net.minecraft.network.chat,net.minecraft.world.entity,Directed,references,14
net.minecraft.network.chat,net.minecraft.commands.CommandSourceStack,Directed,references,15
net.minecraft.network.chat,net.minecraft.core.RegistryAccess,Directed,references,1
net.minecraft.network.chat,net.minecraft.client.renderer,Directed,references,2
net.minecraft.network.chat,net.minecraft.util.FormattedCharSequence,Directed,references,3
net.minecraft.network.chat,net.minecraft.resources.ResourceLocation,Directed,references,5
net.minecraft.network.chat,net.minecraft.world.level,Directed,references,17
net.minecraft.network.chat,net.minecraft.core.HolderLookup,Directed,references,7
net.minecraft.network.chat,net.minecraft.client.particle,Directed,references,7
net.minecraft.network.chat,net.minecraft.commands.arguments,Directed,references,11
net.minecraft.network.chat,net.minecraft.nbt.CompoundTag,Directed,references,4
net.minecraft.network.chat,net.minecraft.world.scores,Directed,references,2
net.minecraft.network.chat,net.minecraft.network.FriendlyByteBuf,Directed,references,14
net.minecraft.network.chat,net.minecraft.resources.RegistryOps,Directed,references,3
net.minecraft.network.chat,net.minecraft.world.item,Directed,references,3
net.minecraft.network.chat,net.minecraft.core.component,Directed,references,1
net.minecraft.network.chat,net.minecraft.util.SignatureUpdater,Directed,references,5
net.minecraft.network.chat,net.minecraft.client.gui,Directed,references,4
net.minecraft.network.chat,net.minecraft.util.SignatureValidator,Directed,references,4
net.minecraft.network.chat,net.minecraft.ChatFormatting,Directed,references,7
net.minecraft.network.chat,net.minecraft.network.codec,Directed,references,1
net.minecraft.network.chat,net.minecraft.network.RegistryFriendlyByteBuf,Directed,references,1
net.minecraft.network.chat,net.minecraft.core.Registry,Directed,references,1
net.minecraft.network.ClientboundPacketListener,net.minecraft.network.protocol,Directed,references,1
net.minecraft.network.codec,net.minecraft.world.level,Directed,references,4
net.minecraft.network.codec,net.minecraft.nbt.CompoundTag,Directed,references,3
net.minecraft.network.codec,net.minecraft.nbt.NbtAccounter,Directed,references,4
net.minecraft.network.codec,net.minecraft.nbt.Tag,Directed,references,1
net.minecraft.network.codec,net.minecraft.network.RegistryFriendlyByteBuf,Directed,references,9
net.minecraft.network.codec,net.neoforged.neoforge.event,Directed,references,108
net.minecraft.network.codec,net.minecraft.core.IdMap,Directed,references,2
net.minecraft.network.codec,net.minecraft.resources.ResourceKey,Directed,references,5
net.minecraft.network.codec,net.minecraft.core.Registry,Directed,references,6
net.minecraft.network.codec,net.minecraft.client.renderer,Directed,references,2
net.minecraft.network.codec,net.minecraft.core.HolderSet,Directed,references,1
net.minecraft.network.codec,net.minecraft.network.protocol,Directed,references,1
net.minecraft.network.Connection,net.minecraft.network.protocol,Directed,references,16
net.minecraft.network.Connection,net.minecraft.network.PacketListener,Directed,references,4
net.minecraft.network.Connection,net.minecraft.network.ProtocolInfo,Directed,references,8
net.minecraft.network.Connection,net.minecraft.world.level,Directed,references,2
net.minecraft.network.Connection,net.neoforged.neoforge.event,Directed,references,4
net.minecraft.network.Connection,net.minecraft.network.PacketSendListener,Directed,references,4
net.minecraft.network.Connection,net.minecraft.network.chat,Directed,references,1
net.minecraft.network.Connection,net.minecraft.util.debugchart,Directed,references,2
net.minecraft.network.Connection,net.minecraft.network.BandwidthDebugMonitor,Directed,references,2
net.minecraft.network.Connection,com.mojang.blaze3d.audio,Directed,references,1
net.minecraft.network.FriendlyByteBuf,net.minecraft.nbt.Tag,Directed,references,7
net.minecraft.network.FriendlyByteBuf,net.minecraft.nbt.NbtAccounter,Directed,references,3
net.minecraft.network.FriendlyByteBuf,net.neoforged.neoforge.event,Directed,references,6
net.minecraft.network.FriendlyByteBuf,net.minecraft.network.codec,Directed,references,15
net.minecraft.network.FriendlyByteBuf,net.minecraft.world.level,Directed,references,6
net.minecraft.network.FriendlyByteBuf,net.minecraft.core.BlockPos,Directed,references,4
net.minecraft.network.FriendlyByteBuf,net.minecraft.core.SectionPos,Directed,references,2
net.minecraft.network.FriendlyByteBuf,net.minecraft.world.phys,Directed,references,4
net.minecraft.network.FriendlyByteBuf,net.minecraft.nbt.CompoundTag,Directed,references,2
net.minecraft.network.FriendlyByteBuf,net.minecraft.resources.ResourceLocation,Directed,references,2
net.minecraft.network.FriendlyByteBuf,net.minecraft.resources.ResourceKey,Directed,references,4
net.minecraft.network.FriendlyByteBuf,net.minecraft.core.Registry,Directed,references,2
net.minecraft.network.MonitorFrameDecoder,net.minecraft.network.BandwidthDebugMonitor,Directed,references,1
net.minecraft.network.PacketBundlePacker,net.minecraft.network.protocol,Directed,references,3
net.minecraft.network.PacketBundleUnpacker,net.minecraft.network.protocol,Directed,references,2
net.minecraft.network.PacketDecoder,net.minecraft.network.ProtocolInfo,Directed,references,1
net.minecraft.network.PacketEncoder,net.minecraft.network.ProtocolInfo,Directed,references,2
net.minecraft.network.PacketEncoder,net.minecraft.network.protocol,Directed,references,1
net.minecraft.network.PacketListener,net.minecraft.network.protocol,Directed,references,3
net.minecraft.network.PacketListener,net.minecraft.network.ConnectionProtocol,Directed,references,1
net.minecraft.network.PacketListener,net.minecraft.network.chat,Directed,references,1
net.minecraft.network.PacketListener,net.minecraft.CrashReport,Directed,references,2
net.minecraft.network.PacketListener,net.minecraft.CrashReportCategory,Directed,references,1
net.minecraft.network.PacketSendListener,net.minecraft.network.protocol,Directed,references,2
net.minecraft.network.protocol,net.minecraft.network.Connection,Directed,references,1
net.minecraft.network.protocol,net.minecraft.network.FriendlyByteBuf,Directed,references,350
net.minecraft.network.protocol,net.minecraft.network.chat,Directed,references,13
net.minecraft.network.protocol,net.minecraft.resources.ResourceKey,Directed,references,2
net.minecraft.network.protocol,net.minecraft.core.Registry,Directed,references,2
net.minecraft.network.protocol,net.minecraft.tags.TagNetworkSerialization,Directed,references,4
net.minecraft.network.protocol,net.minecraft.core.BlockPos,Directed,references,47
net.minecraft.network.protocol,net.minecraft.network.codec,Directed,references,14
net.minecraft.network.protocol,net.neoforged.neoforge.event,Directed,references,31
net.minecraft.network.protocol,net.minecraft.client.GameNarrator,Directed,references,4
net.minecraft.network.protocol,net.minecraft.util.profiling,Directed,references,4
net.minecraft.network.protocol,net.minecraft.network.ConnectionProtocol,Directed,references,14
net.minecraft.network.protocol,net.minecraft.world.entity,Directed,references,65
net.minecraft.network.protocol,net.minecraft.resources.ResourceLocation,Directed,references,30
net.minecraft.network.protocol,net.minecraft.world.level,Directed,references,68
net.minecraft.network.protocol,net.minecraft.server.level,Directed,references,20
net.minecraft.network.protocol,net.minecraft.world.phys,Directed,references,18
net.minecraft.network.protocol,net.minecraft.network.RegistryFriendlyByteBuf,Directed,references,70
net.minecraft.network.protocol,net.minecraft.core.RegistryAccess,Directed,references,1
net.minecraft.network.protocol,net.minecraft.nbt.CompoundTag,Directed,references,8
net.minecraft.network.protocol,net.minecraft.world.BossEvent,Directed,references,18
net.minecraft.network.protocol,net.minecraft.world.Difficulty,Directed,references,4
net.minecraft.network.protocol,net.minecraft.commands.SharedSuggestionProvider,Directed,references,13
net.minecraft.network.protocol,net.minecraft.commands.CommandBuildContext,Directed,references,5
net.minecraft.network.protocol,net.minecraft.commands.synchronization,Directed,references,4
net.minecraft.network.protocol,net.minecraft.commands.arguments,Directed,references,11
net.minecraft.network.protocol,net.minecraft.core.NonNullList,Directed,references,1
net.minecraft.network.protocol,net.minecraft.world.item,Directed,references,15
net.minecraft.network.protocol,net.minecraft.world.damagesource,Directed,references,3
net.minecraft.network.protocol,net.minecraft.core.particles,Directed,references,5
net.minecraft.network.protocol,net.minecraft.client.renderer,Directed,references,9
net.minecraft.network.protocol,net.minecraft.sounds.SoundEvent,Directed,references,6
net.minecraft.network.protocol,net.minecraft.world.InteractionHand,Directed,references,14
net.minecraft.network.protocol,net.minecraft.world.inventory,Directed,references,6
net.minecraft.network.protocol,net.minecraft.stats.RecipeBookSettings,Directed,references,2
net.minecraft.network.protocol,net.minecraft.core.SectionPos,Directed,references,1
net.minecraft.network.protocol,net.minecraft.world.scores,Directed,references,9
net.minecraft.network.protocol,net.minecraft.network.syncher,Directed,references,2
net.minecraft.network.protocol,net.minecraft.ChatFormatting,Directed,references,1
net.minecraft.network.protocol,net.minecraft.sounds.SoundSource,Directed,references,6
net.minecraft.network.protocol,net.minecraft.world.TickRateManager,Directed,references,2
net.minecraft.network.protocol,net.minecraft.advancements.AdvancementProgress,Directed,references,2
net.minecraft.network.protocol,net.minecraft.world.effect,Directed,references,2
net.minecraft.network.protocol,net.minecraft.util.RandomSource,Directed,references,2
net.minecraft.network.protocol,net.minecraft.core.Direction,Directed,references,3
net.minecraft.network.protocol,net.minecraft.server.commands,Directed,references,2
net.minecraft.network.protocol,net.minecraft.core.Vec3i,Directed,references,2
net.minecraft.network.protocol,net.minecraft.data.models,Directed,references,2
net.minecraft.network.protocol,net.minecraft.util.thread,Directed,references,1
net.minecraft.network.protocol,net.minecraft.ReportedException,Directed,references,1
net.minecraft.network.protocol,net.minecraft.CrashReport,Directed,references,1
net.minecraft.network.protocol,net.minecraft.network.ProtocolInfo,Directed,references,9
net.minecraft.network.ProtocolInfo,net.minecraft.network.ConnectionProtocol,Directed,references,2
net.minecraft.network.ProtocolInfo,net.minecraft.network.protocol,Directed,references,4
net.minecraft.network.ProtocolInfo,net.minecraft.network.codec,Directed,references,1
net.minecraft.network.ProtocolInfo,net.neoforged.neoforge.event,Directed,references,1
net.minecraft.network.ProtocolSwapHandler,net.minecraft.network.protocol,Directed,references,2
net.minecraft.network.RegistryFriendlyByteBuf,net.minecraft.core.RegistryAccess,Directed,references,5
net.minecraft.network.RegistryFriendlyByteBuf,net.minecraft.util.profiling,Directed,references,3
net.minecraft.network.RegistryFriendlyByteBuf,net.minecraft.client.DebugQueryHandler,Directed,references,3
net.minecraft.network.RegistryFriendlyByteBuf,net.neoforged.neoforge.network,Directed,references,3
net.minecraft.network.ServerboundPacketListener,net.minecraft.network.protocol,Directed,references,1
net.minecraft.network.syncher,net.minecraft.network.codec,Directed,references,2
net.minecraft.network.syncher,net.minecraft.network.RegistryFriendlyByteBuf,Directed,references,5
net.minecraft.network.syncher,net.minecraft.server.commands,Directed,references,11
net.minecraft.network.UnconfiguredPipelineHandler,net.minecraft.network.ProtocolInfo,Directed,references,2
net.minecraft.network.Varint21FrameDecoder,net.minecraft.network.BandwidthDebugMonitor,Directed,references,1
net.minecraft.realms.DisconnectedRealmsScreen,net.minecraft.client.gui,Directed,references,2
net.minecraft.realms.DisconnectedRealmsScreen,net.minecraft.network.chat,Directed,references,3
net.minecraft.realms.RealmsConnect,net.minecraft.client.gui,Directed,references,1
net.minecraft.realms.RealmsConnect,com.mojang.realmsclient.dto,Directed,references,1
net.minecraft.realms.RealmsConnect,net.minecraft.client.multiplayer,Directed,references,1
net.minecraft.realms.RealmsLabel,net.minecraft.network.chat,Directed,references,2
net.minecraft.realms.RealmsLabel,net.minecraft.client.gui,Directed,references,1
net.minecraft.realms.RealmsObjectSelectionList,net.minecraft.world.level,Directed,references,2
net.minecraft.realms.RealmsScreen,net.minecraft.network.chat,Directed,references,2
net.minecraft.realms.RealmsScreen,net.minecraft.realms.RealmsLabel,Directed,references,2
net.minecraft.realms.RepeatedNarrator,net.minecraft.client.GameNarrator,Directed,references,1
net.minecraft.realms.RepeatedNarrator,net.minecraft.network.chat,Directed,references,2
net.minecraft.recipebook.ServerPlaceRecipe,net.minecraft.world.inventory,Directed,references,2
net.minecraft.recipebook.ServerPlaceRecipe,net.minecraft.server.level,Directed,references,1
net.minecraft.recipebook.ServerPlaceRecipe,net.minecraft.world.item,Directed,references,1
net.minecraft.references.Blocks,net.minecraft.resources.ResourceKey,Directed,references,1
net.minecraft.references.Blocks,net.minecraft.world.level,Directed,references,1
net.minecraft.references.Items,net.minecraft.resources.ResourceKey,Directed,references,1
net.minecraft.references.Items,net.minecraft.world.item,Directed,references,1
net.minecraft.ReportedException,net.minecraft.CrashReport,Directed,references,2
net.minecraft.resources.FileToIdConverter,net.minecraft.resources.ResourceLocation,Directed,references,8
net.minecraft.resources.FileToIdConverter,net.minecraft.server.packs,Directed,references,8
net.minecraft.resources.HolderSetCodec,net.minecraft.client.renderer,Directed,references,4
net.minecraft.resources.HolderSetCodec,net.minecraft.world.level,Directed,references,14
net.minecraft.resources.HolderSetCodec,net.minecraft.resources.ResourceKey,Directed,references,2
net.minecraft.resources.HolderSetCodec,net.minecraft.core.Registry,Directed,references,2
net.minecraft.resources.HolderSetCodec,net.minecraft.core.HolderSet,Directed,references,6
net.minecraft.resources.HolderSetCodec,net.minecraft.core.HolderGetter,Directed,references,1
net.minecraft.resources.RegistryDataLoader,net.minecraft.server.packs,Directed,references,7
net.minecraft.resources.RegistryDataLoader,net.minecraft.core.RegistryAccess,Directed,references,10
net.minecraft.resources.RegistryDataLoader,net.minecraft.resources.ResourceKey,Directed,references,11
net.minecraft.resources.RegistryDataLoader,net.minecraft.core.Registry,Directed,references,7
net.minecraft.resources.RegistryDataLoader,net.minecraft.core.RegistrySynchronization,Directed,references,3
net.minecraft.resources.RegistryDataLoader,net.minecraft.client.gui,Directed,references,3
net.minecraft.resources.RegistryDataLoader,net.minecraft.resources.RegistryOps,Directed,references,15
net.minecraft.resources.RegistryDataLoader,net.minecraft.core.WritableRegistry,Directed,references,4
net.minecraft.resources.RegistryDataLoader,net.minecraft.world.level,Directed,references,7
net.minecraft.resources.RegistryDataLoader,net.minecraft.network.chat,Directed,references,3
net.minecraft.resources.RegistryFileCodec,net.minecraft.resources.ResourceKey,Directed,references,3
net.minecraft.resources.RegistryFileCodec,net.minecraft.core.Registry,Directed,references,3
net.minecraft.resources.RegistryFileCodec,net.minecraft.world.level,Directed,references,10
net.minecraft.resources.RegistryFileCodec,net.minecraft.client.renderer,Directed,references,2
net.minecraft.resources.RegistryFixedCodec,net.minecraft.resources.ResourceKey,Directed,references,2
net.minecraft.resources.RegistryFixedCodec,net.minecraft.core.Registry,Directed,references,2
net.minecraft.resources.RegistryFixedCodec,net.minecraft.world.level,Directed,references,5
net.minecraft.resources.RegistryFixedCodec,net.minecraft.client.renderer,Directed,references,2
net.minecraft.resources.RegistryOps,net.minecraft.core.HolderLookup,Directed,references,7
net.minecraft.resources.RegistryOps,net.minecraft.client.particle,Directed,references,3
net.minecraft.resources.RegistryOps,net.minecraft.resources.ResourceKey,Directed,references,8
net.minecraft.resources.RegistryOps,net.minecraft.core.Registry,Directed,references,7
net.minecraft.resources.RegistryOps,net.minecraft.world.level,Directed,references,12
net.minecraft.resources.RegistryOps,net.minecraft.core.HolderOwner,Directed,references,1
net.minecraft.resources.RegistryOps,net.minecraft.core.HolderGetter,Directed,references,2
net.minecraft.resources.RegistryOps,net.minecraft.client.renderer,Directed,references,1
net.minecraft.resources.RegistryOps,net.minecraft.core.Holder,Directed,references,1
net.minecraft.resources.ResourceKey,net.minecraft.core.Registry,Directed,references,7
net.minecraft.resources.ResourceKey,net.minecraft.network.codec,Directed,references,1
net.minecraft.resources.ResourceKey,net.minecraft.resources.ResourceLocation,Directed,references,8
net.minecraft.resources.ResourceKey,net.minecraft.world.level,Directed,references,2
net.minecraft.resources.ResourceLocation,net.minecraft.client.multiplayer,Directed,references,2
net.minecraft.server.advancements,net.minecraft.advancements.Advancement,Directed,references,1
net.minecraft.server.advancements,net.minecraft.advancements.AdvancementNode,Directed,references,7
net.minecraft.server.advancements,net.minecraft.client.renderer,Directed,references,3
net.minecraft.server.bossevents,net.minecraft.resources.ResourceLocation,Directed,references,6
net.minecraft.server.bossevents,net.minecraft.network.chat,Directed,references,3
net.minecraft.server.bossevents,net.minecraft.server.level,Directed,references,7
net.minecraft.server.bossevents,net.minecraft.core.HolderLookup,Directed,references,4
net.minecraft.server.bossevents,net.minecraft.client.particle,Directed,references,4
net.minecraft.server.bossevents,net.minecraft.nbt.CompoundTag,Directed,references,4
net.minecraft.server.chase,net.minecraft.server.MinecraftServer,Directed,references,1
net.minecraft.server.chase,net.minecraft.server.players,Directed,references,1
net.minecraft.server.commands,net.minecraft.commands.CommandSourceStack,Directed,references,421
net.minecraft.server.commands,net.minecraft.server.level,Directed,references,56
net.minecraft.server.commands,net.minecraft.advancements.AdvancementNode,Directed,references,1
net.minecraft.server.commands,net.minecraft.commands.CommandBuildContext,Directed,references,26
net.minecraft.server.commands,net.minecraft.world.entity,Directed,references,78
net.minecraft.server.commands,net.minecraft.server.ReloadableServerRegistries,Directed,references,39
net.minecraft.server.commands,net.minecraft.resources.ResourceLocation,Directed,references,17
net.minecraft.server.commands,net.minecraft.commands.arguments,Directed,references,46
net.minecraft.server.commands,net.minecraft.network.chat,Directed,references,38
net.minecraft.server.commands,net.minecraft.server.players,Directed,references,1
net.minecraft.server.commands,net.minecraft.server.bossevents,Directed,references,14
net.minecraft.server.commands,net.minecraft.world.BossEvent,Directed,references,4
net.minecraft.server.commands,net.minecraft.client.renderer,Directed,references,12
net.minecraft.server.commands,net.minecraft.world.item,Directed,references,27
net.minecraft.server.commands,net.minecraft.world.level,Directed,references,52
net.minecraft.server.commands,net.minecraft.world.damagesource,Directed,references,1
net.minecraft.server.commands,net.minecraft.core.BlockPos,Directed,references,47
net.minecraft.server.commands,net.minecraft.nbt.CompoundTag,Directed,references,19
net.minecraft.server.commands,net.minecraft.nbt.Tag,Directed,references,13
net.minecraft.server.commands,net.minecraft.server.packs,Directed,references,6
net.minecraft.server.commands,net.minecraft.commands.execution,Directed,references,11
net.minecraft.server.commands,net.minecraft.server.MinecraftServer,Directed,references,2
net.minecraft.server.commands,net.minecraft.world.Difficulty,Directed,references,1
net.minecraft.server.commands,net.minecraft.world.effect,Directed,references,2
net.minecraft.server.commands,net.minecraft.world.scores,Directed,references,64
net.minecraft.server.commands,net.minecraft.world.inventory,Directed,references,2
net.minecraft.server.commands,net.minecraft.advancements.critereon,Directed,references,4
net.minecraft.server.commands,net.minecraft.core.Holder,Directed,references,6
net.minecraft.server.commands,net.minecraft.commands.CommandResultCallback,Directed,references,3
net.minecraft.server.commands,net.minecraft.client.multiplayer,Directed,references,2
net.minecraft.server.commands,net.minecraft.world.Container,Directed,references,3
net.minecraft.server.commands,net.minecraft.core.Registry,Directed,references,1
net.minecraft.server.commands,net.minecraft.core.HolderSet,Directed,references,2
net.minecraft.server.commands,net.minecraft.world.phys,Directed,references,9
net.minecraft.server.commands,net.minecraft.resources.ResourceKey,Directed,references,1
net.minecraft.server.commands,net.minecraft.core.particles,Directed,references,1
net.minecraft.server.commands,net.minecraft.util.profiling,Directed,references,1
net.minecraft.server.commands,net.minecraft.data.models,Directed,references,1
net.minecraft.server.commands,net.minecraft.sounds.SoundSource,Directed,references,3
net.minecraft.server.commands,net.minecraft.network.protocol,Directed,references,2
net.minecraft.server.commands,net.minecraft.util.RandomSource,Directed,references,3
net.minecraft.server.commands,net.minecraft.client.gui,Directed,references,2
net.minecraft.server.commands,net.minecraft.ChatFormatting,Directed,references,1
net.minecraft.server.commands,net.minecraft.util.valueproviders,Directed,references,1
net.minecraft.server.ConsoleInput,net.minecraft.commands.CommandSourceStack,Directed,references,1
net.minecraft.server.dedicated,net.minecraft.core.LayeredRegistryAccess,Directed,references,1
net.minecraft.server.dedicated,net.minecraft.server.RegistryLayer,Directed,references,1
net.minecraft.server.dedicated,net.minecraft.world.level,Directed,references,12
net.minecraft.server.dedicated,net.minecraft.server.packs,Directed,references,1
net.minecraft.server.dedicated,net.minecraft.server.level,Directed,references,4
net.minecraft.server.dedicated,net.minecraft.SystemReport,Directed,references,2
net.minecraft.server.dedicated,net.minecraft.world.entity,Directed,references,2
net.minecraft.server.dedicated,net.minecraft.commands.CommandSourceStack,Directed,references,1
net.minecraft.server.dedicated,net.minecraft.core.BlockPos,Directed,references,1
net.minecraft.server.dedicated,net.minecraft.server.network,Directed,references,1
net.minecraft.server.dedicated,net.minecraft.server.MinecraftServer,Directed,references,2
net.minecraft.server.dedicated,net.minecraft.util.debugchart,Directed,references,2
net.minecraft.server.dedicated,net.minecraft.world.item,Directed,references,6
net.minecraft.server.dedicated,net.minecraft.core.RegistryAccess,Directed,references,5
net.minecraft.server.dedicated,net.minecraft.network.chat,Directed,references,1
net.minecraft.server.Eula,net.minecraft.world.level,Directed,references,1
net.minecraft.server.gui,net.minecraft.server.dedicated,Directed,references,2
net.minecraft.server.gui,net.minecraft.server.MinecraftServer,Directed,references,2
net.minecraft.server.level,net.minecraft.core.BlockPos,Directed,references,80
net.minecraft.server.level,net.minecraft.world.level,Directed,references,272
net.minecraft.server.level,net.minecraft.util.StaticCache2D,Directed,references,5
net.minecraft.server.level,net.minecraft.world.entity,Directed,references,108
net.minecraft.server.level,net.minecraft.network.protocol,Directed,references,19
net.minecraft.server.level,net.minecraft.util.thread,Directed,references,18
net.minecraft.server.level,net.minecraft.ReportedException,Directed,references,1
net.minecraft.server.level,net.minecraft.nbt.CompoundTag,Directed,references,9
net.minecraft.server.level,net.minecraft.client.GameNarrator,Directed,references,3
net.minecraft.server.level,net.minecraft.util.Unit,Directed,references,7
net.minecraft.server.level,net.minecraft.network.FriendlyByteBuf,Directed,references,2
net.minecraft.server.level,net.minecraft.server.commands,Directed,references,2
net.minecraft.server.level,net.minecraft.core.Direction,Directed,references,7
net.minecraft.server.level,net.minecraft.world.item,Directed,references,14
net.minecraft.server.level,net.minecraft.world.InteractionHand,Directed,references,6
net.minecraft.server.level,net.minecraft.world.InteractionResult,Directed,references,4
net.minecraft.server.level,net.minecraft.world.phys,Directed,references,12
net.minecraft.server.level,net.minecraft.util.SortedArraySet,Directed,references,4
net.minecraft.server.level,net.minecraft.core.SectionPos,Directed,references,9
net.minecraft.server.level,net.minecraft.network.chat,Directed,references,14
net.minecraft.server.level,net.minecraft.world.BossEvent,Directed,references,12
net.minecraft.server.level,net.minecraft.util.profiling,Directed,references,3
net.minecraft.server.level,net.neoforged.neoforge.network,Directed,references,1
net.minecraft.server.level,net.minecraft.client.multiplayer,Directed,references,1
net.minecraft.server.level,net.minecraft.client.main,Directed,references,1
net.minecraft.server.level,net.minecraft.server.MinecraftServer,Directed,references,4
net.minecraft.server.level,net.minecraft.resources.ResourceKey,Directed,references,3
net.minecraft.server.level,net.minecraft.world.RandomSequences,Directed,references,2
net.minecraft.server.level,net.minecraft.server.ReloadableServerRegistries,Directed,references,9
net.minecraft.server.level,net.minecraft.server.ServerScoreboard,Directed,references,1
net.minecraft.server.level,net.minecraft.util.ProgressListener,Directed,references,1
net.minecraft.server.level,net.minecraft.client.renderer,Directed,references,13
net.minecraft.server.level,net.minecraft.client.resources,Directed,references,1
net.minecraft.server.level,net.minecraft.sounds.SoundEvent,Directed,references,5
net.minecraft.server.level,net.minecraft.sounds.SoundSource,Directed,references,4
net.minecraft.server.level,net.minecraft.world.damagesource,Directed,references,7
net.minecraft.server.level,net.minecraft.core.particles,Directed,references,3
net.minecraft.server.level,net.minecraft.world.ticks,Directed,references,4
net.minecraft.server.level,net.minecraft.world.TickRateManager,Directed,references,1
net.minecraft.server.level,net.minecraft.world.flag,Directed,references,2
net.minecraft.server.level,net.minecraft.resources.ResourceLocation,Directed,references,2
net.minecraft.server.level,net.minecraft.util.RandomSource,Directed,references,2
net.minecraft.server.level,net.minecraft.CrashReport,Directed,references,1
net.minecraft.server.level,net.minecraft.CrashReportCategory,Directed,references,1
net.minecraft.server.level,net.neoforged.neoforge.entity,Directed,references,1
net.minecraft.server.level,net.neoforged.neoforge.attachment,Directed,references,1
net.minecraft.server.level,net.neoforged.neoforge.capabilities,Directed,references,1
net.minecraft.server.level,net.minecraft.world.inventory,Directed,references,1
net.minecraft.server.level,net.minecraft.world.scores,Directed,references,4
net.minecraft.server.level,net.minecraft.world.MenuProvider,Directed,references,2
net.minecraft.server.level,net.minecraft.advancements.AdvancementRewards,Directed,references,1
net.minecraft.server.level,net.minecraft.network.RegistryFriendlyByteBuf,Directed,references,1
net.minecraft.server.level,net.minecraft.world.Container,Directed,references,1
net.minecraft.server.level,net.minecraft.stats.Stat,Directed,references,2
net.minecraft.server.level,net.minecraft.commands.arguments,Directed,references,6
net.minecraft.server.level,net.minecraft.world.effect,Directed,references,3
net.minecraft.server.level,net.minecraft.stats.ServerStatsCounter,Directed,references,1
net.minecraft.server.level,net.minecraft.stats.ServerRecipeBook,Directed,references,1
net.minecraft.server.level,net.minecraft.server.PlayerAdvancements,Directed,references,1
net.minecraft.server.level,net.minecraft.server.network,Directed,references,1
net.minecraft.server.level,net.minecraft.util.datafix,Directed,references,1
net.minecraft.server.level,net.minecraft.core.RegistryAccess,Directed,references,1
net.minecraft.server.level,net.minecraft.world.DifficultyInstance,Directed,references,1
net.minecraft.server.Main,net.minecraft.world.level,Directed,references,3
net.minecraft.server.Main,net.minecraft.server.dedicated,Directed,references,1
net.minecraft.server.Main,net.minecraft.server.packs,Directed,references,1
net.minecraft.server.Main,net.minecraft.server.WorldLoader,Directed,references,1
net.minecraft.server.Main,net.minecraft.core.RegistryAccess,Directed,references,1
net.minecraft.server.MinecraftServer,net.minecraft.world.level,Directed,references,32
net.minecraft.server.MinecraftServer,net.minecraft.server.packs,Directed,references,7
net.minecraft.server.MinecraftServer,net.minecraft.server.level,Directed,references,17
net.minecraft.server.MinecraftServer,net.minecraft.CrashReport,Directed,references,3
net.minecraft.server.MinecraftServer,net.minecraft.server.TickTask,Directed,references,3
net.minecraft.server.MinecraftServer,net.minecraft.network.protocol,Directed,references,5
net.minecraft.server.MinecraftServer,net.minecraft.util.debugchart,Directed,references,2
net.minecraft.server.MinecraftServer,net.minecraft.world.entity,Directed,references,6
net.minecraft.server.MinecraftServer,net.minecraft.resources.ResourceKey,Directed,references,4
net.minecraft.server.MinecraftServer,net.minecraft.SystemReport,Directed,references,4
net.minecraft.server.MinecraftServer,net.minecraft.network.chat,Directed,references,4
net.minecraft.server.MinecraftServer,net.minecraft.world.Difficulty,Directed,references,1
net.minecraft.server.MinecraftServer,net.minecraft.server.players,Directed,references,3
net.minecraft.server.MinecraftServer,net.minecraft.server.network,Directed,references,2
net.minecraft.server.MinecraftServer,net.minecraft.core.BlockPos,Directed,references,1
net.minecraft.server.MinecraftServer,net.minecraft.util.SignatureValidator,Directed,references,1
net.minecraft.server.MinecraftServer,net.minecraft.server.ServerAdvancementManager,Directed,references,1
net.minecraft.server.MinecraftServer,net.minecraft.server.ServerFunctionManager,Directed,references,1
net.minecraft.server.MinecraftServer,net.minecraft.world.flag,Directed,references,2
net.minecraft.server.MinecraftServer,net.minecraft.commands.CommandSourceStack,Directed,references,2
net.minecraft.server.MinecraftServer,net.minecraft.commands.Commands,Directed,references,1
net.minecraft.server.MinecraftServer,net.minecraft.world.item,Directed,references,2
net.minecraft.server.MinecraftServer,net.minecraft.server.ServerScoreboard,Directed,references,1
net.minecraft.server.MinecraftServer,net.minecraft.server.bossevents,Directed,references,1
net.minecraft.server.MinecraftServer,net.minecraft.server.ServerTickRateManager,Directed,references,1
net.minecraft.server.MinecraftServer,net.minecraft.util.profiling,Directed,references,4
net.minecraft.server.MinecraftServer,net.minecraft.core.RegistryAccess,Directed,references,2
net.minecraft.server.MinecraftServer,net.minecraft.core.LayeredRegistryAccess,Directed,references,1
net.minecraft.server.MinecraftServer,net.minecraft.server.RegistryLayer,Directed,references,1
net.minecraft.server.MinecraftServer,net.minecraft.server.ReloadableServerRegistries,Directed,references,2
net.minecraft.server.network,net.minecraft.server.level,Directed,references,12
net.minecraft.server.network,net.minecraft.network.protocol,Directed,references,81
net.minecraft.server.network,net.minecraft.server.MinecraftServer,Directed,references,10
net.minecraft.server.network,net.minecraft.core.LayeredRegistryAccess,Directed,references,1
net.minecraft.server.network,net.minecraft.server.RegistryLayer,Directed,references,1
net.minecraft.server.network,net.minecraft.client.GameNarrator,Directed,references,4
net.minecraft.server.network,net.minecraft.resources.ResourceLocation,Directed,references,1
net.minecraft.server.network,net.minecraft.network.codec,Directed,references,2
net.minecraft.server.network,net.neoforged.neoforge.event,Directed,references,2
net.minecraft.server.network,net.minecraft.server.ServerInfo,Directed,references,3
net.minecraft.server.network,net.minecraft.network.Connection,Directed,references,10
net.minecraft.server.network,net.minecraft.world.level,Directed,references,10
net.minecraft.server.network,net.minecraft.network.PacketSendListener,Directed,references,1
net.minecraft.server.network,net.minecraft.network.chat,Directed,references,10
net.minecraft.server.network,net.minecraft.util.profiling,Directed,references,4
net.minecraft.server.network,net.neoforged.neoforge.network,Directed,references,2
net.minecraft.server.network,net.minecraft.server.chase,Directed,references,1
net.minecraft.server.network,net.minecraft.util.thread,Directed,references,1
net.minecraft.server.network,net.minecraft.client.multiplayer,Directed,references,2
net.minecraft.server.network,net.minecraft.world.entity,Directed,references,7
net.minecraft.server.network,net.minecraft.world.item,Directed,references,1
net.minecraft.server.network,net.minecraft.commands.arguments,Directed,references,1
net.minecraft.server.network,net.minecraft.server.ChainedJsonException,Directed,references,1
net.minecraft.server.network,net.minecraft.commands.CommandSourceStack,Directed,references,1
net.minecraft.server.network,net.minecraft.client.resources,Directed,references,1
net.minecraft.server.network,net.minecraft.world.InteractionHand,Directed,references,1
net.minecraft.server.network,net.minecraft.world.InteractionResult,Directed,references,1
net.minecraft.server.network,net.minecraft.CrashReport,Directed,references,1
net.minecraft.server.network,net.minecraft.CrashReportCategory,Directed,references,1
net.minecraft.server.network,com.mojang.realmsclient.dto,Directed,references,8
net.minecraft.server.packs,net.minecraft.resources.ResourceLocation,Directed,references,65
net.minecraft.server.packs,net.minecraft.world.level,Directed,references,80
net.minecraft.server.packs,net.minecraft.util.eventlog,Directed,references,3
net.minecraft.server.packs,net.minecraft.core.Holder,Directed,references,1
net.minecraft.server.packs,net.minecraft.commands.arguments,Directed,references,1
net.minecraft.server.packs,net.minecraft.server.commands,Directed,references,1
net.minecraft.server.packs,net.neoforged.neoforge.event,Directed,references,2
net.minecraft.server.packs,net.minecraft.network.chat,Directed,references,18
net.minecraft.server.packs,net.minecraft.world.flag,Directed,references,3
net.minecraft.server.packs,net.minecraft.client.resources,Directed,references,1
net.minecraft.server.packs,net.minecraft.client.renderer,Directed,references,14
net.minecraft.server.packs,net.minecraft.client.gui,Directed,references,2
net.minecraft.server.packs,net.minecraft.util.profiling,Directed,references,11
net.minecraft.server.packs,net.minecraft.util.Unit,Directed,references,5
net.minecraft.server.packs,net.minecraft.util.ResourceLocationPattern,Directed,references,1
net.minecraft.server.PlayerAdvancements,net.minecraft.server.players,Directed,references,1
net.minecraft.server.PlayerAdvancements,net.minecraft.server.ServerAdvancementManager,Directed,references,6
net.minecraft.server.PlayerAdvancements,net.minecraft.world.level,Directed,references,1
net.minecraft.server.PlayerAdvancements,net.minecraft.server.level,Directed,references,3
net.minecraft.server.PlayerAdvancements,net.minecraft.world.entity,Directed,references,2
net.minecraft.server.PlayerAdvancements,net.minecraft.advancements.AdvancementProgress,Directed,references,3
net.minecraft.server.PlayerAdvancements,net.minecraft.advancements.AdvancementNode,Directed,references,1
net.minecraft.server.PlayerAdvancements,net.minecraft.resources.ResourceLocation,Directed,references,2
net.minecraft.server.players,net.minecraft.network.chat,Directed,references,12
net.minecraft.server.players,net.minecraft.util.eventlog,Directed,references,11
net.minecraft.server.players,net.minecraft.server.MinecraftServer,Directed,references,11
net.minecraft.server.players,net.minecraft.server.dedicated,Directed,references,1
net.minecraft.server.players,net.minecraft.core.LayeredRegistryAccess,Directed,references,1
net.minecraft.server.players,net.minecraft.server.RegistryLayer,Directed,references,1
net.minecraft.server.players,net.minecraft.world.level,Directed,references,1
net.minecraft.server.players,net.minecraft.network.Connection,Directed,references,1
net.minecraft.server.players,net.minecraft.server.level,Directed,references,27
net.minecraft.server.players,net.minecraft.server.network,Directed,references,2
net.minecraft.server.players,net.minecraft.server.ServerScoreboard,Directed,references,1
net.minecraft.server.players,net.minecraft.nbt.CompoundTag,Directed,references,2
net.minecraft.server.players,net.minecraft.world.entity,Directed,references,8
net.minecraft.server.players,net.minecraft.client.resources,Directed,references,1
net.minecraft.server.players,net.minecraft.network.protocol,Directed,references,3
net.minecraft.server.players,net.minecraft.resources.ResourceKey,Directed,references,2
net.minecraft.server.players,net.minecraft.commands.CommandSourceStack,Directed,references,1
net.minecraft.server.players,net.minecraft.client.renderer,Directed,references,1
net.minecraft.server.players,net.minecraft.stats.ServerStatsCounter,Directed,references,1
net.minecraft.server.players,net.minecraft.server.PlayerAdvancements,Directed,references,1
net.minecraft.server.rcon,net.minecraft.server.MinecraftServer,Directed,references,1
net.minecraft.server.rcon,net.minecraft.commands.CommandSourceStack,Directed,references,1
net.minecraft.server.rcon,net.minecraft.network.chat,Directed,references,1
net.minecraft.server.rcon,net.minecraft.server.ServerInterface,Directed,references,5
net.minecraft.server.RegistryLayer,net.minecraft.core.LayeredRegistryAccess,Directed,references,1
net.minecraft.server.ReloadableServerRegistries,net.minecraft.core.LayeredRegistryAccess,Directed,references,6
net.minecraft.server.ReloadableServerRegistries,net.minecraft.server.RegistryLayer,Directed,references,6
net.minecraft.server.ReloadableServerRegistries,net.minecraft.server.packs,Directed,references,2
net.minecraft.server.ReloadableServerRegistries,net.minecraft.world.level,Directed,references,5
net.minecraft.server.ReloadableServerRegistries,net.minecraft.resources.RegistryOps,Directed,references,1
net.minecraft.server.ReloadableServerRegistries,net.minecraft.core.WritableRegistry,Directed,references,3
net.minecraft.server.ReloadableServerRegistries,net.minecraft.core.RegistryAccess,Directed,references,6
net.minecraft.server.ReloadableServerRegistries,net.minecraft.resources.ResourceKey,Directed,references,4
net.minecraft.server.ReloadableServerRegistries,net.minecraft.core.Registry,Directed,references,3
net.minecraft.server.ReloadableServerRegistries,net.minecraft.core.HolderLookup,Directed,references,2
net.minecraft.server.ReloadableServerRegistries,net.minecraft.core.HolderGetter,Directed,references,1
net.minecraft.server.ReloadableServerRegistries,net.minecraft.client.particle,Directed,references,1
net.minecraft.server.ReloadableServerRegistries,net.minecraft.resources.ResourceLocation,Directed,references,1
net.minecraft.server.ReloadableServerResources,net.minecraft.core.RegistryAccess,Directed,references,4
net.minecraft.server.ReloadableServerResources,net.minecraft.world.flag,Directed,references,2
net.minecraft.server.ReloadableServerResources,net.minecraft.commands.Commands,Directed,references,5
net.minecraft.server.ReloadableServerResources,net.minecraft.server.ServerFunctionLibrary,Directed,references,1
net.minecraft.server.ReloadableServerResources,net.minecraft.server.ReloadableServerRegistries,Directed,references,2
net.minecraft.server.ReloadableServerResources,net.minecraft.world.item,Directed,references,1
net.minecraft.server.ReloadableServerResources,net.minecraft.server.ServerAdvancementManager,Directed,references,1
net.minecraft.server.ReloadableServerResources,net.minecraft.server.packs,Directed,references,2
net.minecraft.server.ReloadableServerResources,net.minecraft.world.entity,Directed,references,1
net.minecraft.server.ReloadableServerResources,net.minecraft.advancements.critereon,Directed,references,1
net.minecraft.server.ReloadableServerResources,net.neoforged.neoforge.common,Directed,references,2
net.minecraft.server.ReloadableServerResources,net.minecraft.core.HolderLookup,Directed,references,9
net.minecraft.server.ReloadableServerResources,net.minecraft.client.particle,Directed,references,1
net.minecraft.server.ReloadableServerResources,net.minecraft.core.LayeredRegistryAccess,Directed,references,1
net.minecraft.server.ReloadableServerResources,net.minecraft.server.RegistryLayer,Directed,references,1
net.minecraft.server.ReloadableServerResources,net.minecraft.tags.TagManager,Directed,references,1
net.minecraft.server.ReloadableServerResources,net.minecraft.resources.ResourceKey,Directed,references,2
net.minecraft.server.ReloadableServerResources,net.minecraft.core.Registry,Directed,references,2
net.minecraft.server.ServerAdvancementManager,net.minecraft.core.HolderLookup,Directed,references,1
net.minecraft.server.ServerAdvancementManager,net.minecraft.client.particle,Directed,references,1
net.minecraft.server.ServerAdvancementManager,net.minecraft.resources.ResourceLocation,Directed,references,3
net.minecraft.server.ServerAdvancementManager,net.minecraft.server.packs,Directed,references,1
net.minecraft.server.ServerAdvancementManager,net.minecraft.util.profiling,Directed,references,1
net.minecraft.server.ServerAdvancementManager,net.minecraft.advancements.Advancement,Directed,references,1
net.minecraft.server.ServerAdvancementManager,net.minecraft.advancements.AdvancementTree,Directed,references,1
net.minecraft.server.ServerFunctionLibrary,net.minecraft.resources.ResourceLocation,Directed,references,4
net.minecraft.server.ServerFunctionLibrary,net.minecraft.server.commands,Directed,references,3
net.minecraft.server.ServerFunctionLibrary,net.minecraft.commands.CommandSourceStack,Directed,references,4
net.minecraft.server.ServerFunctionLibrary,net.minecraft.server.packs,Directed,references,4
net.minecraft.server.ServerFunctionLibrary,net.minecraft.util.profiling,Directed,references,2
net.minecraft.server.ServerFunctionManager,net.minecraft.server.MinecraftServer,Directed,references,1
net.minecraft.server.ServerFunctionManager,net.minecraft.server.ServerFunctionLibrary,Directed,references,3
net.minecraft.server.ServerFunctionManager,net.minecraft.commands.CommandSourceStack,Directed,references,7
net.minecraft.server.ServerFunctionManager,net.minecraft.server.commands,Directed,references,4
net.minecraft.server.ServerFunctionManager,net.minecraft.resources.ResourceLocation,Directed,references,5
net.minecraft.server.ServerInterface,net.minecraft.server.dedicated,Directed,references,1
net.minecraft.server.ServerLinks,net.minecraft.server.ChainedJsonException,Directed,references,4
net.minecraft.server.ServerLinks,net.minecraft.network.chat,Directed,references,3
net.minecraft.server.ServerScoreboard,net.minecraft.server.MinecraftServer,Directed,references,1
net.minecraft.server.ServerScoreboard,net.minecraft.world.scores,Directed,references,26
net.minecraft.server.ServerScoreboard,net.minecraft.network.protocol,Directed,references,2
net.minecraft.server.ServerScoreboard,net.minecraft.world.level,Directed,references,1
net.minecraft.server.ServerScoreboard,net.minecraft.core.Cloner,Directed,references,1
net.minecraft.server.ServerScoreboard,net.minecraft.nbt.CompoundTag,Directed,references,1
net.minecraft.server.ServerScoreboard,net.minecraft.core.HolderLookup,Directed,references,1
net.minecraft.server.ServerScoreboard,net.minecraft.client.particle,Directed,references,1
net.minecraft.server.ServerTickRateManager,net.minecraft.server.MinecraftServer,Directed,references,1
net.minecraft.server.ServerTickRateManager,net.minecraft.server.level,Directed,references,1
net.minecraft.server.WorldLoader,net.neoforged.neoforge.event,Directed,references,4
net.minecraft.server.WorldLoader,net.minecraft.server.packs,Directed,references,4
net.minecraft.server.WorldLoader,net.minecraft.core.LayeredRegistryAccess,Directed,references,4
net.minecraft.server.WorldLoader,net.minecraft.server.RegistryLayer,Directed,references,6
net.minecraft.server.WorldLoader,net.minecraft.resources.RegistryDataLoader,Directed,references,4
net.minecraft.server.WorldLoader,net.minecraft.core.RegistryAccess,Directed,references,2
net.minecraft.server.WorldLoader,net.minecraft.server.ReloadableServerResources,Directed,references,1
net.minecraft.SharedConstants,net.minecraft.WorldVersion,Directed,references,2
net.minecraft.SharedConstants,net.minecraft.world.level,Directed,references,1
net.minecraft.sounds.Music,net.minecraft.client.renderer,Directed,references,2
net.minecraft.sounds.Music,net.minecraft.sounds.SoundEvent,Directed,references,2
net.minecraft.sounds.Musics,net.minecraft.client.renderer,Directed,references,1
net.minecraft.sounds.Musics,net.minecraft.sounds.SoundEvent,Directed,references,1
net.minecraft.sounds.Musics,net.minecraft.sounds.Music,Directed,references,1
net.minecraft.sounds.SoundEvent,net.minecraft.resources.ResourceLocation,Directed,references,5
net.minecraft.sounds.SoundEvents,net.minecraft.resources.ResourceLocation,Directed,references,8
net.minecraft.sounds.SoundEvents,net.minecraft.client.renderer,Directed,references,5
net.minecraft.sounds.SoundEvents,net.minecraft.sounds.SoundEvent,Directed,references,8
net.minecraft.sounds.SoundEvents,net.minecraft.core.Holder,Directed,references,4
net.minecraft.stats.RecipeBook,net.minecraft.resources.ResourceLocation,Directed,references,4
net.minecraft.stats.RecipeBook,net.minecraft.world.inventory,Directed,references,6
net.minecraft.stats.RecipeBook,net.minecraft.stats.RecipeBookSettings,Directed,references,2
net.minecraft.stats.RecipeBookSettings,net.minecraft.world.inventory,Directed,references,5
net.minecraft.stats.RecipeBookSettings,net.minecraft.network.FriendlyByteBuf,Directed,references,2
net.minecraft.stats.RecipeBookSettings,net.minecraft.nbt.CompoundTag,Directed,references,2
net.minecraft.stats.ServerRecipeBook,net.minecraft.server.level,Directed,references,4
net.minecraft.stats.ServerRecipeBook,net.minecraft.network.protocol,Directed,references,1
net.minecraft.stats.ServerRecipeBook,net.minecraft.client.gui,Directed,references,1
net.minecraft.stats.ServerRecipeBook,net.minecraft.resources.ResourceLocation,Directed,references,1
net.minecraft.stats.ServerRecipeBook,net.minecraft.nbt.CompoundTag,Directed,references,2
net.minecraft.stats.ServerRecipeBook,net.minecraft.world.item,Directed,references,2
net.minecraft.stats.ServerRecipeBook,net.minecraft.nbt.ListTag,Directed,references,1
net.minecraft.stats.ServerStatsCounter,net.minecraft.server.MinecraftServer,Directed,references,1
net.minecraft.stats.ServerStatsCounter,net.minecraft.util.eventlog,Directed,references,1
net.minecraft.stats.ServerStatsCounter,net.minecraft.world.entity,Directed,references,1
net.minecraft.stats.ServerStatsCounter,net.minecraft.stats.Stat,Directed,references,4
net.minecraft.stats.ServerStatsCounter,net.minecraft.stats.StatType,Directed,references,1
net.minecraft.stats.ServerStatsCounter,net.minecraft.nbt.CompoundTag,Directed,references,1
net.minecraft.stats.ServerStatsCounter,net.minecraft.resources.ResourceLocation,Directed,references,1
net.minecraft.stats.ServerStatsCounter,net.minecraft.server.level,Directed,references,1
net.minecraft.stats.Stat,net.minecraft.stats.StatType,Directed,references,3
net.minecraft.stats.Stat,net.minecraft.stats.StatFormatter,Directed,references,1
net.minecraft.stats.Stat,net.minecraft.resources.ResourceLocation,Directed,references,1
net.minecraft.stats.Stats,net.minecraft.stats.StatFormatter,Directed,references,1
net.minecraft.stats.Stats,net.minecraft.resources.ResourceLocation,Directed,references,1
net.minecraft.stats.Stats,net.minecraft.core.Registry,Directed,references,1
net.minecraft.stats.Stats,net.minecraft.stats.StatType,Directed,references,1
net.minecraft.stats.StatsCounter,net.minecraft.world.entity,Directed,references,2
net.minecraft.stats.StatsCounter,net.minecraft.stats.Stat,Directed,references,3
net.minecraft.stats.StatsCounter,net.minecraft.stats.StatType,Directed,references,1
net.minecraft.stats.StatType,net.minecraft.core.Registry,Directed,references,2
net.minecraft.stats.StatType,net.minecraft.network.chat,Directed,references,2
net.minecraft.stats.StatType,net.minecraft.network.codec,Directed,references,1
net.minecraft.stats.StatType,net.minecraft.network.RegistryFriendlyByteBuf,Directed,references,1
net.minecraft.stats.StatType,net.minecraft.stats.Stat,Directed,references,4
net.minecraft.stats.StatType,net.minecraft.stats.StatFormatter,Directed,references,1
net.minecraft.tags.BiomeTags,net.minecraft.world.level,Directed,references,1
net.minecraft.tags.BlockTags,net.minecraft.world.level,Directed,references,2
net.minecraft.tags.BlockTags,net.minecraft.resources.ResourceLocation,Directed,references,1
net.minecraft.tags.DamageTypeTags,net.minecraft.world.damagesource,Directed,references,1
net.minecraft.tags.EntityTypeTags,net.minecraft.world.entity,Directed,references,1
net.minecraft.tags.FluidTags,net.minecraft.world.level,Directed,references,2
net.minecraft.tags.FluidTags,net.minecraft.resources.ResourceLocation,Directed,references,1
net.minecraft.tags.ItemTags,net.minecraft.world.item,Directed,references,2
net.minecraft.tags.ItemTags,net.minecraft.resources.ResourceLocation,Directed,references,1
net.minecraft.tags.PoiTypeTags,net.minecraft.world.entity,Directed,references,1
net.minecraft.tags.StructureTags,net.minecraft.world.level,Directed,references,1
net.minecraft.tags.TagBuilder,net.minecraft.client.resources,Directed,references,1
net.minecraft.tags.TagBuilder,net.minecraft.tags.TagEntry,Directed,references,4
net.minecraft.tags.TagBuilder,net.minecraft.resources.ResourceLocation,Directed,references,4
net.minecraft.tags.TagEntry,net.minecraft.resources.ResourceLocation,Directed,references,12
net.minecraft.tags.TagEntry,net.minecraft.util.ExtraCodecs,Directed,references,2
net.minecraft.tags.TagEntry,net.minecraft.client.renderer,Directed,references,2
net.minecraft.tags.TagLoader,net.minecraft.resources.ResourceLocation,Directed,references,7
net.minecraft.tags.TagLoader,net.minecraft.server.packs,Directed,references,2
net.minecraft.tags.TagLoader,net.minecraft.tags.TagEntry,Directed,references,3
net.minecraft.tags.TagManager,net.minecraft.core.RegistryAccess,Directed,references,2
net.minecraft.tags.TagManager,net.minecraft.server.packs,Directed,references,4
net.minecraft.tags.TagManager,net.minecraft.util.profiling,Directed,references,2
net.minecraft.tags.TagNetworkSerialization,net.minecraft.core.LayeredRegistryAccess,Directed,references,1
net.minecraft.tags.TagNetworkSerialization,net.minecraft.server.RegistryLayer,Directed,references,1
net.minecraft.tags.TagNetworkSerialization,net.minecraft.resources.ResourceKey,Directed,references,2
net.minecraft.tags.TagNetworkSerialization,net.minecraft.core.Registry,Directed,references,5
net.minecraft.tags.TagNetworkSerialization,net.minecraft.resources.ResourceLocation,Directed,references,1
net.minecraft.tags.TagNetworkSerialization,net.minecraft.network.FriendlyByteBuf,Directed,references,2
net.minecraft.tags.TagNetworkSerialization,net.minecraft.client.renderer,Directed,references,1
net.minecraft.tags.WorldPresetTags,net.minecraft.world.level,Directed,references,1
net.minecraft.util.ArrayListDeque,net.minecraft.client.renderer,Directed,references,1
net.minecraft.util.ArrayListDeque,net.minecraft.util.ListAndDeque,Directed,references,2
net.minecraft.util.ClassInstanceMultiMap,net.minecraft.world.level,Directed,references,2
net.minecraft.util.CrudeIncrementalIntIdentityHashBiMap,net.neoforged.neoforge.event,Directed,references,1
net.minecraft.util.Crypt,net.minecraft.client.multiplayer,Directed,references,5
net.minecraft.util.Crypt,net.minecraft.network.FriendlyByteBuf,Directed,references,2
net.minecraft.util.CsvOutput,net.minecraft.network.protocol,Directed,references,2
net.minecraft.util.CubicSampler,net.minecraft.world.phys,Directed,references,3
net.minecraft.util.CubicSpline,net.neoforged.neoforge.event,Directed,references,20
net.minecraft.util.CubicSpline,net.minecraft.util.ToFloatFunction,Directed,references,2
net.minecraft.util.datafix,net.minecraft.commands.arguments,Directed,references,1
net.minecraft.util.datafix,net.neoforged.neoforge.event,Directed,references,17
net.minecraft.util.datafix,net.minecraft.nbt.CompoundTag,Directed,references,5
net.minecraft.util.datafix,net.minecraft.client.multiplayer,Directed,references,40
net.minecraft.util.datafix,net.minecraft.util.Unit,Directed,references,10
net.minecraft.util.datafix,net.minecraft.util.CrudeIncrementalIntIdentityHashBiMap,Directed,references,1
net.minecraft.util.datafix,net.minecraft.world.entity,Directed,references,1
net.minecraft.util.datafix,net.minecraft.client.renderer,Directed,references,4
net.minecraft.util.datafix,net.minecraft.world.level,Directed,references,1
net.minecraft.util.datafix,net.minecraft.stats.StatType,Directed,references,1
net.minecraft.util.debugchart,net.minecraft.server.players,Directed,references,1
net.minecraft.util.debugchart,net.minecraft.network.protocol,Directed,references,1
net.minecraft.util.debugchart,net.minecraft.server.level,Directed,references,1
net.minecraft.util.DirectoryLock,net.minecraft.world.level,Directed,references,4
net.minecraft.util.EncoderCache,net.neoforged.neoforge.event,Directed,references,2
net.minecraft.util.eventlog,net.minecraft.world.level,Directed,references,8
net.minecraft.util.eventlog,net.minecraft.network.protocol,Directed,references,4
net.minecraft.util.ExtraCodecs,net.neoforged.neoforge.event,Directed,references,6
net.minecraft.util.ExtraCodecs,net.minecraft.world.level,Directed,references,21
net.minecraft.util.ExtraCodecs,net.minecraft.core.HolderSet,Directed,references,2
net.minecraft.util.FileZipper,net.minecraft.world.level,Directed,references,4
net.minecraft.util.FileZipper,net.minecraft.util.eventlog,Directed,references,1
net.minecraft.util.FormattedCharSequence,net.minecraft.util.FormattedCharSink,Directed,references,3
net.minecraft.util.FormattedCharSequence,net.minecraft.network.chat,Directed,references,5
net.minecraft.util.FormattedCharSink,net.minecraft.network.chat,Directed,references,1
net.minecraft.util.GsonHelper,net.minecraft.client.renderer,Directed,references,4
net.minecraft.util.GsonHelper,net.minecraft.world.item,Directed,references,4
net.minecraft.util.GsonHelper,net.minecraft.network.protocol,Directed,references,9
net.minecraft.util.GsonHelper,net.minecraft.util.DependencySorter,Directed,references,2
net.minecraft.util.HttpUtil,net.minecraft.world.level,Directed,references,8
net.minecraft.util.HttpUtil,com.mojang.realmsclient.dto,Directed,references,1
net.minecraft.util.monitoring,net.minecraft.server.MinecraftServer,Directed,references,2
net.minecraft.util.monitoring,net.minecraft.world.entity,Directed,references,1
net.minecraft.util.Mth,net.minecraft.util.RandomSource,Directed,references,7
net.minecraft.util.Mth,net.minecraft.core.Vec3i,Directed,references,1
net.minecraft.util.Mth,net.minecraft.world.phys,Directed,references,2
net.minecraft.util.Mth,net.minecraft.world.level,Directed,references,1
net.minecraft.util.NativeModuleLister,net.minecraft.CrashReportCategory,Directed,references,1
net.minecraft.util.NullOps,net.minecraft.util.Unit,Directed,references,71
net.minecraft.util.OptionEnum,net.minecraft.network.chat,Directed,references,1
net.minecraft.util.parsing,net.minecraft.resources.ResourceLocation,Directed,references,4
net.minecraft.util.parsing,net.neoforged.neoforge.event,Directed,references,1
net.minecraft.util.parsing,net.minecraft.nbt.Tag,Directed,references,1
net.minecraft.util.parsing,net.minecraft.world.level,Directed,references,38
net.minecraft.util.ParticleUtils,net.minecraft.world.entity,Directed,references,5
net.minecraft.util.ParticleUtils,net.minecraft.core.BlockPos,Directed,references,8
net.minecraft.util.ParticleUtils,net.minecraft.core.particles,Directed,references,7
net.minecraft.util.ParticleUtils,net.minecraft.util.valueproviders,Directed,references,3
net.minecraft.util.ParticleUtils,net.minecraft.util.datafix,Directed,references,4
net.minecraft.util.ParticleUtils,net.minecraft.world.phys,Directed,references,3
net.minecraft.util.ParticleUtils,net.minecraft.util.RandomSource,Directed,references,2
net.minecraft.util.ParticleUtils,net.minecraft.world.level,Directed,references,3
net.minecraft.util.profiling,net.minecraft.world.level,Directed,references,44
net.minecraft.util.profiling,net.minecraft.server.MinecraftServer,Directed,references,1
net.minecraft.util.profiling,net.minecraft.resources.ResourceKey,Directed,references,4
net.minecraft.util.profiling,net.minecraft.world.entity,Directed,references,4
net.minecraft.util.profiling,net.minecraft.network.protocol,Directed,references,1
net.minecraft.util.profiling,net.minecraft.network.ConnectionProtocol,Directed,references,6
net.minecraft.util.ProgressListener,net.minecraft.network.chat,Directed,references,3
net.minecraft.util.random,net.minecraft.world.level,Directed,references,27
net.minecraft.util.random,net.minecraft.commands.synchronization,Directed,references,3
net.minecraft.util.random,net.minecraft.util.RandomSource,Directed,references,4
net.minecraft.util.RandomSource,net.minecraft.world.level,Directed,references,1
net.minecraft.util.ResourceLocationPattern,net.minecraft.world.entity,Directed,references,2
net.minecraft.util.ResourceLocationPattern,net.minecraft.client.renderer,Directed,references,3
net.minecraft.util.ResourceLocationPattern,net.minecraft.resources.ResourceLocation,Directed,references,1
net.minecraft.util.SegmentedAnglePrecision,net.minecraft.util.datafix,Directed,references,1
net.minecraft.util.SignatureValidator,net.minecraft.util.SignatureUpdater,Directed,references,2
net.minecraft.util.Signer,net.minecraft.util.SignatureUpdater,Directed,references,1
net.minecraft.util.SimpleBitStorage,net.minecraft.util.BitStorage,Directed,references,1
net.minecraft.util.SpawnUtil,net.minecraft.world.entity,Directed,references,2
net.minecraft.util.SpawnUtil,net.minecraft.server.level,Directed,references,3
net.minecraft.util.SpawnUtil,net.minecraft.core.BlockPos,Directed,references,5
net.minecraft.util.SpawnUtil,net.minecraft.world.level,Directed,references,2
net.minecraft.util.StringDecomposer,net.minecraft.network.chat,Directed,references,10
net.minecraft.util.StringDecomposer,net.minecraft.util.FormattedCharSink,Directed,references,7
net.minecraft.util.StringRepresentable,net.minecraft.world.level,Directed,references,14
net.minecraft.util.thread,net.minecraft.util.profiling,Directed,references,2
net.minecraft.util.thread,net.minecraft.world.level,Directed,references,4
net.minecraft.util.thread,net.neoforged.neoforge.event,Directed,references,1
net.minecraft.util.ThreadingDetector,net.minecraft.ReportedException,Directed,references,1
net.minecraft.util.TimeUtil,net.minecraft.util.valueproviders,Directed,references,1
net.minecraft.util.ToFloatFunction,net.neoforged.neoforge.event,Directed,references,2
net.minecraft.util.ToFloatFunction,net.minecraft.data.models,Directed,references,2
net.minecraft.util.Tuple,net.neoforged.neoforge.event,Directed,references,6
net.minecraft.util.valueproviders,net.minecraft.util.RandomSource,Directed,references,15
net.minecraft.util.valueproviders,net.minecraft.util.random,Directed,references,1
net.minecraft.util.worldupdate,net.minecraft.world.level,Directed,references,21
net.minecraft.util.worldupdate,net.minecraft.core.RegistryAccess,Directed,references,1
net.minecraft.util.worldupdate,net.minecraft.resources.ResourceKey,Directed,references,6
net.minecraft.util.worldupdate,net.minecraft.world.entity,Directed,references,6
net.minecraft.util.worldupdate,net.minecraft.network.chat,Directed,references,5
net.minecraft.util.worldupdate,net.minecraft.util.datafix,Directed,references,2
net.minecraft.util.worldupdate,net.minecraft.nbt.CompoundTag,Directed,references,6
net.minecraft.util.ZeroBitStorage,net.minecraft.util.BitStorage,Directed,references,1
net.minecraft.Util,net.minecraft.client.multiplayer,Directed,references,7
net.minecraft.Util,net.minecraft.client.gui,Directed,references,1
net.minecraft.Util,net.minecraft.world.level,Directed,references,16
net.minecraft.Util,net.minecraft.resources.ResourceLocation,Directed,references,1
net.minecraft.Util,net.minecraft.core.Registry,Directed,references,1
net.minecraft.Util,net.minecraft.client.renderer,Directed,references,5
net.minecraft.Util,net.minecraft.util.RandomSource,Directed,references,9
net.minecraft.Util,net.minecraft.CharPredicate,Directed,references,1
net.minecraft.Util,net.minecraft.util.SingleKeyCache,Directed,references,1
net.minecraft.Util,net.neoforged.neoforge.event,Directed,references,3
net.minecraft.Util,net.minecraft.util.eventlog,Directed,references,1
net.minecraft.world.BossEvent,net.minecraft.network.chat,Directed,references,3
net.minecraft.world.BossEvent,net.minecraft.ChatFormatting,Directed,references,2
net.minecraft.world.CompoundContainer,net.minecraft.world.Container,Directed,references,3
net.minecraft.world.CompoundContainer,net.minecraft.world.item,Directed,references,5
net.minecraft.world.CompoundContainer,net.minecraft.world.entity,Directed,references,3
net.minecraft.world.Container,net.minecraft.world.item,Directed,references,10
net.minecraft.world.Container,net.minecraft.world.entity,Directed,references,5
net.minecraft.world.Container,net.minecraft.client.renderer,Directed,references,1
net.minecraft.world.Container,net.minecraft.world.level,Directed,references,2
net.minecraft.world.ContainerHelper,net.minecraft.world.item,Directed,references,10
net.minecraft.world.ContainerHelper,net.minecraft.nbt.CompoundTag,Directed,references,5
net.minecraft.world.ContainerHelper,net.minecraft.core.NonNullList,Directed,references,3
net.minecraft.world.ContainerHelper,net.minecraft.core.HolderLookup,Directed,references,3
net.minecraft.world.ContainerHelper,net.minecraft.world.entity,Directed,references,3
net.minecraft.world.ContainerHelper,net.minecraft.world.Container,Directed,references,1
net.minecraft.world.ContainerHelper,net.minecraft.client.renderer,Directed,references,2
net.minecraft.world.ContainerListener,net.minecraft.world.Container,Directed,references,1
net.minecraft.world.Containers,net.minecraft.world.entity,Directed,references,7
net.minecraft.world.Containers,net.minecraft.core.BlockPos,Directed,references,3
net.minecraft.world.Containers,net.minecraft.world.Container,Directed,references,3
net.minecraft.world.Containers,net.minecraft.core.NonNullList,Directed,references,1
net.minecraft.world.Containers,net.minecraft.world.item,Directed,references,2
net.minecraft.world.Containers,net.minecraft.world.level,Directed,references,2
net.minecraft.world.damagesource,net.minecraft.world.entity,Directed,references,55
net.minecraft.world.damagesource,net.minecraft.network.chat,Directed,references,6
net.minecraft.world.damagesource,net.minecraft.sounds.SoundEvent,Directed,references,3
net.minecraft.world.damagesource,net.minecraft.world.level,Directed,references,3
net.minecraft.world.damagesource,net.neoforged.neoforge.common,Directed,references,4
net.minecraft.world.damagesource,net.minecraft.client.renderer,Directed,references,6
net.minecraft.world.damagesource,net.minecraft.world.phys,Directed,references,5
net.minecraft.world.damagesource,net.minecraft.world.item,Directed,references,1
net.minecraft.world.damagesource,net.minecraft.resources.ResourceKey,Directed,references,4
net.minecraft.world.damagesource,net.minecraft.core.RegistryAccess,Directed,references,1
net.minecraft.world.damagesource,net.minecraft.data.worldgen,Directed,references,1
net.minecraft.world.Difficulty,net.minecraft.network.chat,Directed,references,2
net.minecraft.world.DifficultyInstance,net.minecraft.world.Difficulty,Directed,references,3
net.minecraft.world.effect,net.minecraft.world.entity,Directed,references,62
net.minecraft.world.effect,net.minecraft.util.RandomSource,Directed,references,4
net.minecraft.world.effect,net.minecraft.world.damagesource,Directed,references,3
net.minecraft.world.effect,net.minecraft.core.particles,Directed,references,4
net.minecraft.world.effect,net.minecraft.network.chat,Directed,references,2
net.minecraft.world.effect,net.minecraft.client.renderer,Directed,references,14
net.minecraft.world.effect,net.minecraft.resources.ResourceLocation,Directed,references,3
net.minecraft.world.effect,net.minecraft.world.inventory,Directed,references,1
net.minecraft.world.effect,net.minecraft.sounds.SoundEvent,Directed,references,1
net.minecraft.world.effect,net.minecraft.world.flag,Directed,references,2
net.minecraft.world.effect,net.minecraft.world.level,Directed,references,1
net.minecraft.world.effect,net.minecraft.server.rcon,Directed,references,1
net.minecraft.world.effect,net.neoforged.neoforge.client,Directed,references,1
net.minecraft.world.effect,net.minecraft.ChatFormatting,Directed,references,2
net.minecraft.world.effect,net.minecraft.nbt.Tag,Directed,references,1
net.minecraft.world.effect,net.minecraft.nbt.CompoundTag,Directed,references,1
net.minecraft.world.effect,net.neoforged.neoforge.common,Directed,references,2
net.minecraft.world.effect,net.minecraft.core.Registry,Directed,references,1
net.minecraft.world.effect,net.minecraft.server.level,Directed,references,2
net.minecraft.world.effect,net.minecraft.world.phys,Directed,references,1
net.minecraft.world.effect,net.minecraft.core.BlockPos,Directed,references,1
net.minecraft.world.entity,net.minecraft.world.level,Directed,references,700
net.minecraft.world.entity,net.minecraft.world.DifficultyInstance,Directed,references,69
net.minecraft.world.entity,net.minecraft.server.level,Directed,references,443
net.minecraft.world.entity,net.minecraft.network.syncher,Directed,references,108
net.minecraft.world.entity,net.minecraft.nbt.CompoundTag,Directed,references,282
net.minecraft.world.entity,net.minecraft.server.commands,Directed,references,35
net.minecraft.world.entity,net.minecraft.ChatFormatting,Directed,references,2
net.minecraft.world.entity,net.minecraft.client.GameNarrator,Directed,references,2
net.minecraft.world.entity,net.minecraft.util.profiling,Directed,references,2
net.minecraft.world.entity,net.minecraft.client.gui,Directed,references,1
net.minecraft.world.entity,net.minecraft.network.chat,Directed,references,33
net.minecraft.world.entity,net.minecraft.client.renderer,Directed,references,213
net.minecraft.world.entity,net.minecraft.resources.ResourceLocation,Directed,references,23
net.minecraft.world.entity,net.minecraft.nbt.ListTag,Directed,references,7
net.minecraft.world.entity,net.minecraft.core.Registry,Directed,references,7
net.minecraft.world.entity,net.minecraft.core.BlockPos,Directed,references,450
net.minecraft.world.entity,net.minecraft.util.RandomSource,Directed,references,109
net.minecraft.world.entity,net.minecraft.world.damagesource,Directed,references,225
net.minecraft.world.entity,net.minecraft.world.phys,Directed,references,366
net.minecraft.world.entity,net.minecraft.util.valueproviders,Directed,references,13
net.minecraft.world.entity,net.minecraft.world.item,Directed,references,547
net.minecraft.world.entity,net.minecraft.core.SectionPos,Directed,references,7
net.minecraft.world.entity,net.neoforged.neoforge.event,Directed,references,18
net.minecraft.world.entity,net.minecraft.util.Unit,Directed,references,4
net.minecraft.world.entity,net.minecraft.sounds.SoundEvent,Directed,references,375
net.minecraft.world.entity,net.minecraft.world.Difficulty,Directed,references,4
net.minecraft.world.entity,net.minecraft.core.RegistryAccess,Directed,references,3
net.minecraft.world.entity,net.minecraft.resources.ResourceKey,Directed,references,35
net.minecraft.world.entity,net.minecraft.world.InteractionHand,Directed,references,68
net.minecraft.world.entity,net.minecraft.world.InteractionResult,Directed,references,55
net.minecraft.world.entity,net.minecraft.world.SimpleContainer,Directed,references,5
net.minecraft.world.entity,net.minecraft.core.Vec3i,Directed,references,4
net.minecraft.world.entity,net.minecraft.core.particles,Directed,references,13
net.minecraft.world.entity,net.neoforged.neoforge.fluids,Directed,references,9
net.minecraft.world.entity,net.minecraft.sounds.SoundSource,Directed,references,26
net.minecraft.world.entity,net.minecraft.world.Container,Directed,references,9
net.minecraft.world.entity,net.minecraft.core.HolderSet,Directed,references,4
net.minecraft.world.entity,net.minecraft.data.worldgen,Directed,references,6
net.minecraft.world.entity,net.minecraft.world.effect,Directed,references,27
net.minecraft.world.entity,net.neoforged.neoforge.entity,Directed,references,1
net.minecraft.world.entity,net.minecraft.network.protocol,Directed,references,38
net.minecraft.world.entity,net.minecraft.core.Rotations,Directed,references,12
net.minecraft.world.entity,net.minecraft.core.Direction,Directed,references,41
net.minecraft.world.entity,com.mojang.math.Transformation,Directed,references,3
net.minecraft.world.entity,net.minecraft.world.scores,Directed,references,4
net.minecraft.world.entity,net.minecraft.BlockUtil,Directed,references,8
net.minecraft.world.entity,net.minecraft.CrashReportCategory,Directed,references,2
net.minecraft.world.entity,net.minecraft.server.MinecraftServer,Directed,references,1
net.minecraft.world.entity,net.minecraft.commands.CommandSourceStack,Directed,references,2
net.minecraft.world.entity,net.minecraft.commands.arguments,Directed,references,4
net.minecraft.world.entity,net.neoforged.neoforge.attachment,Directed,references,2
net.minecraft.world.entity,net.neoforged.neoforge.capabilities,Directed,references,2
net.minecraft.world.entity,net.minecraft.world.flag,Directed,references,4
net.minecraft.world.entity,net.minecraft.nbt.Tag,Directed,references,3
net.minecraft.world.entity,net.minecraft.core.Holder,Directed,references,1
net.minecraft.world.entity,net.neoforged.neoforge.common,Directed,references,3
net.minecraft.world.entity,net.minecraft.core.HolderLookup,Directed,references,5
net.minecraft.world.entity,net.minecraft.world.MenuProvider,Directed,references,1
net.minecraft.world.entity,net.minecraft.world.inventory,Directed,references,7
net.minecraft.world.entity,net.minecraft.stats.Stat,Directed,references,3
net.minecraft.world.entity,net.minecraft.world.food,Directed,references,1
net.minecraft.world.entity,net.minecraft.util.SignatureValidator,Directed,references,3
net.minecraft.world.entity,net.minecraft.network.FriendlyByteBuf,Directed,references,2
net.minecraft.world.entity,net.minecraft.core.HolderGetter,Directed,references,1
net.minecraft.world.entity,net.minecraft.core.NonNullList,Directed,references,3
net.minecraft.world.flag,net.minecraft.resources.ResourceLocation,Directed,references,9
net.minecraft.world.food,net.minecraft.world.entity,Directed,references,1
net.minecraft.world.food,net.minecraft.nbt.CompoundTag,Directed,references,2
net.minecraft.world.food,net.minecraft.world.effect,Directed,references,4
net.minecraft.world.food,net.minecraft.world.level,Directed,references,2
net.minecraft.world.InteractionResultHolder,net.minecraft.world.InteractionResult,Directed,references,2
net.minecraft.world.inventory,net.minecraft.world.entity,Directed,references,176
net.minecraft.world.inventory,net.minecraft.world.level,Directed,references,7
net.minecraft.world.inventory,net.minecraft.world.Container,Directed,references,46
net.minecraft.world.inventory,net.minecraft.core.NonNullList,Directed,references,3
net.minecraft.world.inventory,net.minecraft.world.item,Directed,references,182
net.minecraft.world.inventory,net.minecraft.resources.ResourceLocation,Directed,references,7
net.minecraft.world.inventory,net.minecraft.client.renderer,Directed,references,10
net.minecraft.world.inventory,net.minecraft.world.effect,Directed,references,6
net.minecraft.world.inventory,net.minecraft.core.BlockPos,Directed,references,5
net.minecraft.world.inventory,net.minecraft.core.RegistryAccess,Directed,references,1
net.minecraft.world.inventory,net.minecraft.world.SimpleContainer,Directed,references,1
net.minecraft.world.inventory,net.minecraft.world.flag,Directed,references,3
net.minecraft.world.inventory,net.minecraft.client.GameNarrator,Directed,references,2
net.minecraft.world.inventory,net.minecraft.util.profiling,Directed,references,1
net.minecraft.world.inventory,net.minecraft.network.RegistryFriendlyByteBuf,Directed,references,1
net.minecraft.world.inventory,net.minecraft.nbt.ListTag,Directed,references,2
net.minecraft.world.inventory,net.minecraft.core.HolderLookup,Directed,references,2
net.minecraft.world.inventory,net.minecraft.server.level,Directed,references,2
net.minecraft.world.inventory,net.minecraft.server.rcon,Directed,references,1
net.minecraft.world.inventory,net.minecraft.client.RecipeBookCategories,Directed,references,1
net.minecraft.world.item,net.minecraft.world.level,Directed,references,219
net.minecraft.world.item,net.minecraft.network.chat,Directed,references,90
net.minecraft.world.item,net.minecraft.world.effect,Directed,references,11
net.minecraft.world.item,net.minecraft.world.flag,Directed,references,17
net.minecraft.world.item,net.minecraft.client.renderer,Directed,references,118
net.minecraft.world.item,net.minecraft.world.entity,Directed,references,658
net.minecraft.world.item,net.neoforged.neoforge.common,Directed,references,18
net.minecraft.world.item,net.minecraft.client.GameNarrator,Directed,references,26
net.minecraft.world.item,net.minecraft.core.RegistryAccess,Directed,references,3
net.minecraft.world.item,net.minecraft.core.Registry,Directed,references,14
net.minecraft.world.item,net.minecraft.resources.ResourceLocation,Directed,references,45
net.minecraft.world.item,net.minecraft.sounds.SoundEvent,Directed,references,22
net.minecraft.world.item,net.minecraft.world.InteractionHand,Directed,references,51
net.minecraft.world.item,net.minecraft.world.InteractionResultHolder,Directed,references,38
net.minecraft.world.item,net.minecraft.world.InteractionResult,Directed,references,37
net.minecraft.world.item,net.minecraft.data.worldgen,Directed,references,11
net.minecraft.world.item,net.minecraft.core.HolderLookup,Directed,references,57
net.minecraft.world.item,net.minecraft.core.Holder,Directed,references,4
net.minecraft.world.item,net.minecraft.resources.ResourceKey,Directed,references,25
net.minecraft.world.item,net.minecraft.core.Position,Directed,references,12
net.minecraft.world.item,net.minecraft.core.Direction,Directed,references,30
net.minecraft.world.item,net.neoforged.neoforge.fluids,Directed,references,6
net.minecraft.world.item,net.minecraft.core.BlockPos,Directed,references,47
net.minecraft.world.item,net.minecraft.nbt.CompoundTag,Directed,references,11
net.minecraft.world.item,net.minecraft.world.phys,Directed,references,46
net.minecraft.world.item,net.minecraft.world.inventory,Directed,references,18
net.minecraft.world.item,net.minecraft.network.protocol,Directed,references,2
net.minecraft.world.item,net.neoforged.neoforge.event,Directed,references,6
net.minecraft.world.item,net.minecraft.core.component,Directed,references,49
net.minecraft.world.item,net.minecraft.nbt.Tag,Directed,references,7
net.minecraft.world.item,net.minecraft.core.NonNullList,Directed,references,14
net.minecraft.world.item,net.minecraft.server.level,Directed,references,83
net.minecraft.world.item,net.minecraft.client.gui,Directed,references,5
net.minecraft.world.item,net.minecraft.util.parsing,Directed,references,7
net.minecraft.world.item,net.minecraft.commands.CommandSourceStack,Directed,references,3
net.minecraft.world.item,net.minecraft.server.packs,Directed,references,1
net.minecraft.world.item,net.minecraft.util.profiling,Directed,references,3
net.minecraft.world.item,net.minecraft.network.codec,Directed,references,12
net.minecraft.world.item,net.minecraft.network.RegistryFriendlyByteBuf,Directed,references,26
net.minecraft.world.item,net.minecraft.util.RandomSource,Directed,references,25
net.minecraft.world.item,net.minecraft.util.StringRepresentable,Directed,references,2
net.minecraft.world.item,net.minecraft.world.damagesource,Directed,references,23
net.minecraft.world.item,net.minecraft.util.valueproviders,Directed,references,1
net.minecraft.world.item,net.minecraft.core.HolderSet,Directed,references,8
net.minecraft.world.item,net.minecraft.util.Unit,Directed,references,2
net.minecraft.world.item,net.minecraft.world.DifficultyInstance,Directed,references,5
net.minecraft.world.item,net.minecraft.tags.TagEntry,Directed,references,2
net.minecraft.world.item,net.minecraft.server.rcon,Directed,references,1
net.minecraft.world.item,net.neoforged.neoforge.client,Directed,references,1
net.minecraft.world.item,net.minecraft.world.ItemInteractionResult,Directed,references,1
net.minecraft.world.item,net.minecraft.ChatFormatting,Directed,references,2
net.minecraft.world.item,net.neoforged.neoforge.registries,Directed,references,1
net.minecraft.world.ItemInteractionResult,net.minecraft.world.InteractionResult,Directed,references,1
net.minecraft.world.level,net.minecraft.network.chat,Directed,references,140
net.minecraft.world.level,net.minecraft.nbt.CompoundTag,Directed,references,381
net.minecraft.world.level,net.minecraft.core.HolderLookup,Directed,references,128
net.minecraft.world.level,net.minecraft.server.level,Directed,references,353
net.minecraft.world.level,net.minecraft.world.entity,Directed,references,691
net.minecraft.world.level,net.minecraft.world.InteractionResult,Directed,references,56
net.minecraft.world.level,net.minecraft.world.phys,Directed,references,632
net.minecraft.world.level,net.minecraft.commands.CommandSourceStack,Directed,references,8
net.minecraft.world.level,net.minecraft.util.RandomSource,Directed,references,796
net.minecraft.world.level,net.minecraft.core.BlockPos,Directed,references,2973
net.minecraft.world.level,net.minecraft.client.GameNarrator,Directed,references,36
net.minecraft.world.level,net.neoforged.neoforge.fluids,Directed,references,34
net.minecraft.world.level,net.minecraft.client.renderer,Directed,references,330
net.minecraft.world.level,net.minecraft.sounds.SoundEvent,Directed,references,65
net.minecraft.world.level,net.minecraft.core.particles,Directed,references,30
net.minecraft.world.level,net.minecraft.sounds.Music,Directed,references,4
net.minecraft.world.level,net.neoforged.neoforge.common,Directed,references,7
net.minecraft.world.level,net.minecraft.core.HolderSet,Directed,references,40
net.minecraft.world.level,net.minecraft.core.HolderGetter,Directed,references,47
net.minecraft.world.level,net.minecraft.resources.ResourceKey,Directed,references,183
net.minecraft.world.level,net.minecraft.core.Registry,Directed,references,33
net.minecraft.world.level,net.minecraft.commands.arguments,Directed,references,5
net.minecraft.world.level,net.minecraft.util.random,Directed,references,13
net.minecraft.world.level,net.minecraft.data.worldgen,Directed,references,17
net.minecraft.world.level,net.minecraft.world.item,Directed,references,647
net.minecraft.world.level,net.minecraft.core.cauldron,Directed,references,2
net.minecraft.world.level,net.minecraft.world.InteractionHand,Directed,references,25
net.minecraft.world.level,net.minecraft.world.ItemInteractionResult,Directed,references,25
net.minecraft.world.level,net.minecraft.core.Direction,Directed,references,530
net.minecraft.world.level,net.minecraft.world.MenuProvider,Directed,references,13
net.minecraft.world.level,net.minecraft.world.damagesource,Directed,references,12
net.minecraft.world.level,net.neoforged.neoforge.event,Directed,references,76
net.minecraft.world.level,net.minecraft.server.rcon,Directed,references,1
net.minecraft.world.level,net.neoforged.neoforge.client,Directed,references,1
net.minecraft.world.level,net.minecraft.core.Holder,Directed,references,7
net.minecraft.world.level,net.minecraft.util.valueproviders,Directed,references,109
net.minecraft.world.level,net.minecraft.stats.Stat,Directed,references,2
net.minecraft.world.level,net.minecraft.resources.ResourceLocation,Directed,references,88
net.minecraft.world.level,net.minecraft.world.WorldlyContainer,Directed,references,1
net.minecraft.world.level,net.minecraft.core.dispenser,Directed,references,3
net.minecraft.world.level,net.minecraft.core.Position,Directed,references,2
net.minecraft.world.level,net.minecraft.core.RegistryAccess,Directed,references,28
net.minecraft.world.level,net.minecraft.core.NonNullList,Directed,references,23
net.minecraft.world.level,net.minecraft.network.protocol,Directed,references,24
net.minecraft.world.level,net.minecraft.core.component,Directed,references,33
net.minecraft.world.level,net.minecraft.world.inventory,Directed,references,15
net.minecraft.world.level,net.minecraft.world.effect,Directed,references,11
net.minecraft.world.level,net.minecraft.CrashReportCategory,Directed,references,7
net.minecraft.world.level,net.neoforged.neoforge.attachment,Directed,references,13
net.minecraft.world.level,net.minecraft.util.FormattedCharSequence,Directed,references,2
net.minecraft.world.level,net.minecraft.core.Vec3i,Directed,references,45
net.minecraft.world.level,net.minecraft.nbt.Tag,Directed,references,14
net.minecraft.world.level,com.mojang.math.OctahedralGroup,Directed,references,4
net.minecraft.world.level,net.minecraft.BlockUtil,Directed,references,8
net.minecraft.world.level,net.minecraft.world.flag,Directed,references,6
net.minecraft.world.level,net.minecraft.client.gui,Directed,references,1
net.minecraft.world.level,net.minecraft.world.ticks,Directed,references,23
net.minecraft.world.level,net.minecraft.core.SectionPos,Directed,references,19
net.minecraft.world.level,net.minecraft.core.IdMap,Directed,references,25
net.minecraft.world.level,net.minecraft.network.FriendlyByteBuf,Directed,references,29
net.minecraft.world.level,net.minecraft.util.CrudeIncrementalIntIdentityHashBiMap,Directed,references,1
net.minecraft.world.level,net.minecraft.util.BitStorage,Directed,references,2
net.minecraft.world.level,net.minecraft.util.StaticCache2D,Directed,references,15
net.minecraft.world.level,net.minecraft.util.profiling,Directed,references,6
net.minecraft.world.level,net.minecraft.ReportedException,Directed,references,1
net.minecraft.world.level,net.minecraft.nbt.StreamTagVisitor,Directed,references,3
net.minecraft.world.level,net.minecraft.nbt.ListTag,Directed,references,9
net.minecraft.world.level,net.minecraft.util.datafix,Directed,references,4
net.minecraft.world.level,net.minecraft.resources.RegistryOps,Directed,references,1
net.minecraft.world.level,net.minecraft.core.Direction8,Directed,references,5
net.minecraft.world.level,net.minecraft.util.AbortableIterationConsumer,Directed,references,12
net.minecraft.world.level,net.minecraft.commands.execution,Directed,references,2
net.minecraft.world.level,net.minecraft.network.codec,Directed,references,3
net.minecraft.world.level,net.minecraft.network.RegistryFriendlyByteBuf,Directed,references,1
net.minecraft.world.level,net.minecraft.server.MinecraftServer,Directed,references,22
net.minecraft.world.level,net.minecraft.sounds.SoundSource,Directed,references,14
net.minecraft.world.level,net.minecraft.world.TickRateManager,Directed,references,1
net.minecraft.world.level,net.minecraft.CrashReport,Directed,references,1
net.minecraft.world.level,net.minecraft.world.scores,Directed,references,5
net.minecraft.world.level,net.minecraft.world.DifficultyInstance,Directed,references,2
net.minecraft.world.level,net.minecraft.world.Difficulty,Directed,references,11
net.minecraft.world.level,net.minecraft.util.CubicSpline,Directed,references,1
net.minecraft.world.level,net.minecraft.server.packs,Directed,references,3
net.minecraft.world.level,net.minecraft.util.eventlog,Directed,references,4
net.minecraft.world.level,net.minecraft.server.WorldLoader,Directed,references,1
net.minecraft.world.level,net.minecraft.util.ProblemReporter,Directed,references,5
net.minecraft.world.level,net.minecraft.nbt.NumericTag,Directed,references,1
net.minecraft.world.MenuProvider,net.minecraft.network.chat,Directed,references,1
net.minecraft.world.Nameable,net.minecraft.network.chat,Directed,references,3
net.minecraft.world.phys,net.minecraft.core.BlockPos,Directed,references,13
net.minecraft.world.phys,net.minecraft.world.level,Directed,references,6
net.minecraft.world.phys,net.minecraft.core.Direction,Directed,references,77
net.minecraft.world.phys,net.minecraft.world.entity,Directed,references,8
net.minecraft.world.phys,net.minecraft.world.item,Directed,references,3
net.minecraft.world.phys,net.minecraft.core.AxisCycle,Directed,references,5
net.minecraft.world.phys,net.minecraft.client.renderer,Directed,references,1
net.minecraft.world.phys,net.minecraft.core.Vec3i,Directed,references,5
net.minecraft.world.phys,net.minecraft.core.Position,Directed,references,1
net.minecraft.world.phys,net.minecraft.util.RandomSource,Directed,references,1
net.minecraft.world.RandomizableContainer,net.minecraft.resources.ResourceKey,Directed,references,4
net.minecraft.world.RandomizableContainer,net.minecraft.world.level,Directed,references,5
net.minecraft.world.RandomizableContainer,net.minecraft.core.BlockPos,Directed,references,2
net.minecraft.world.RandomizableContainer,net.minecraft.world.entity,Directed,references,2
net.minecraft.world.RandomizableContainer,net.minecraft.util.RandomSource,Directed,references,1
net.minecraft.world.RandomizableContainer,net.minecraft.nbt.CompoundTag,Directed,references,2
net.minecraft.world.RandomSequence,net.minecraft.world.level,Directed,references,3
net.minecraft.world.RandomSequence,net.minecraft.resources.ResourceLocation,Directed,references,4
net.minecraft.world.RandomSequence,net.minecraft.util.RandomSource,Directed,references,1
net.minecraft.world.RandomSequences,net.minecraft.world.level,Directed,references,2
net.minecraft.world.RandomSequences,net.minecraft.world.item,Directed,references,1
net.minecraft.world.RandomSequences,net.minecraft.resources.ResourceLocation,Directed,references,6
net.minecraft.world.RandomSequences,net.minecraft.util.RandomSource,Directed,references,3
net.minecraft.world.RandomSequences,net.minecraft.world.RandomSequence,Directed,references,3
net.minecraft.world.RandomSequences,net.minecraft.nbt.CompoundTag,Directed,references,4
net.minecraft.world.RandomSequences,net.minecraft.core.HolderLookup,Directed,references,1
net.minecraft.world.RandomSequences,net.minecraft.world.entity,Directed,references,1
net.minecraft.world.scores,net.minecraft.stats.StatType,Directed,references,1
net.minecraft.world.scores,net.minecraft.resources.ResourceLocation,Directed,references,1
net.minecraft.world.scores,net.minecraft.ChatFormatting,Directed,references,4
net.minecraft.world.scores,net.minecraft.network.chat,Directed,references,44
net.minecraft.world.scores,net.minecraft.core.HolderLookup,Directed,references,10
net.minecraft.world.scores,net.minecraft.world.entity,Directed,references,11
net.minecraft.world.scores,net.minecraft.nbt.CompoundTag,Directed,references,7
net.minecraft.world.scores,net.minecraft.nbt.ListTag,Directed,references,7
net.minecraft.world.SimpleContainer,net.minecraft.world.item,Directed,references,16
net.minecraft.world.SimpleContainer,net.minecraft.world.ContainerListener,Directed,references,2
net.minecraft.world.SimpleContainer,net.minecraft.world.entity,Directed,references,4
net.minecraft.world.SimpleContainer,net.minecraft.nbt.ListTag,Directed,references,2
net.minecraft.world.SimpleContainer,net.minecraft.core.HolderLookup,Directed,references,2
net.minecraft.world.SimpleContainer,net.minecraft.core.NonNullList,Directed,references,1
net.minecraft.world.SimpleMenuProvider,net.minecraft.world.inventory,Directed,references,2
net.minecraft.world.SimpleMenuProvider,net.minecraft.network.chat,Directed,references,2
net.minecraft.world.SimpleMenuProvider,net.minecraft.world.entity,Directed,references,2
net.minecraft.world.TickRateManager,net.minecraft.world.entity,Directed,references,1
net.minecraft.world.ticks,net.minecraft.world.item,Directed,references,8
net.minecraft.world.ticks,net.minecraft.world.level,Directed,references,10
net.minecraft.world.ticks,net.minecraft.world.entity,Directed,references,1
net.minecraft.world.ticks,net.minecraft.core.BlockPos,Directed,references,16
net.minecraft.world.ticks,net.minecraft.client.renderer,Directed,references,1
net.minecraft.world.ticks,net.minecraft.nbt.ListTag,Directed,references,4
net.minecraft.world.ticks,net.minecraft.util.profiling,Directed,references,2
net.minecraft.world.ticks,net.minecraft.core.Vec3i,Directed,references,2
net.minecraft.world.ticks,net.minecraft.nbt.Tag,Directed,references,2
net.minecraft.world.ticks,net.minecraft.nbt.CompoundTag,Directed,references,4
net.minecraft.world.WorldlyContainer,net.minecraft.core.Direction,Directed,references,3
net.minecraft.world.WorldlyContainer,net.minecraft.world.item,Directed,references,2
net.minecraft.world.WorldlyContainerHolder,net.minecraft.world.level,Directed,references,2
net.minecraft.world.WorldlyContainerHolder,net.minecraft.core.BlockPos,Directed,references,1
net.minecraft.world.WorldlyContainerHolder,net.minecraft.world.WorldlyContainer,Directed,references,1
net.minecraft.WorldVersion,net.minecraft.world.level,Directed,references,1
net.minecraft.WorldVersion,net.minecraft.server.packs,Directed,references,1
net.neoforged.neoforge.attachment,net.minecraft.core.HolderLookup,Directed,references,9
net.neoforged.neoforge.attachment,net.minecraft.client.particle,Directed,references,9
net.neoforged.neoforge.attachment,net.minecraft.nbt.CompoundTag,Directed,references,6
net.neoforged.neoforge.attachment,net.minecraft.world.level,Directed,references,7
net.neoforged.neoforge.attachment,net.minecraft.client.renderer,Directed,references,2
net.neoforged.neoforge.attachment,net.neoforged.neoforge.client,Directed,references,6
net.neoforged.neoforge.attachment,net.neoforged.neoforge.event,Directed,references,4
net.neoforged.neoforge.attachment,net.neoforged.neoforge.network,Directed,references,1
net.neoforged.neoforge.attachment,net.minecraft.server.level,Directed,references,12
net.neoforged.neoforge.attachment,net.minecraft.network.protocol,Directed,references,2
net.neoforged.neoforge.attachment,net.minecraft.core.RegistryAccess,Directed,references,1
net.neoforged.neoforge.attachment,net.minecraft.network.RegistryFriendlyByteBuf,Directed,references,4
net.neoforged.neoforge.attachment,net.minecraft.network.codec,Directed,references,2
net.neoforged.neoforge.capabilities,net.minecraft.resources.ResourceLocation,Directed,references,16
net.neoforged.neoforge.capabilities,net.neoforged.neoforge.event,Directed,references,44
net.neoforged.neoforge.capabilities,net.minecraft.core.Direction,Directed,references,2
net.neoforged.neoforge.capabilities,net.minecraft.world.entity,Directed,references,4
net.neoforged.neoforge.capabilities,net.minecraft.core.BlockPos,Directed,references,9
net.neoforged.neoforge.capabilities,net.minecraft.world.level,Directed,references,7
net.neoforged.neoforge.capabilities,net.minecraft.server.level,Directed,references,4
net.neoforged.neoforge.capabilities,net.neoforged.neoforge.client,Directed,references,5
net.neoforged.neoforge.capabilities,net.minecraft.world.item,Directed,references,2
net.neoforged.neoforge.client,com.mojang.blaze3d.vertex,Directed,references,106
net.neoforged.neoforge.client,net.minecraft.world.phys,Directed,references,12
net.neoforged.neoforge.client,net.minecraft.world.level,Directed,references,218
net.neoforged.neoforge.client,net.minecraft.client.renderer,Directed,references,325
net.neoforged.neoforge.client,net.minecraft.commands.SharedSuggestionProvider,Directed,references,2
net.neoforged.neoforge.client,net.minecraft.commands.CommandBuildContext,Directed,references,3
net.neoforged.neoforge.client,net.minecraft.commands.CommandSourceStack,Directed,references,6
net.neoforged.neoforge.client,net.minecraft.commands.CommandSource,Directed,references,1
net.neoforged.neoforge.client,net.minecraft.resources.ResourceLocation,Directed,references,432
net.neoforged.neoforge.client,net.minecraft.resources.ResourceKey,Directed,references,15
net.neoforged.neoforge.client,net.minecraft.world.entity,Directed,references,60
net.neoforged.neoforge.client,net.minecraft.core.RegistryAccess,Directed,references,1
net.neoforged.neoforge.client,net.minecraft.world.scores,Directed,references,1
net.neoforged.neoforge.client,net.minecraft.world.item,Directed,references,84
net.neoforged.neoforge.client,net.minecraft.server.MinecraftServer,Directed,references,1
net.neoforged.neoforge.client,net.minecraft.server.level,Directed,references,1
net.neoforged.neoforge.client,net.minecraft.client.Minecraft,Directed,references,22
net.neoforged.neoforge.client,net.minecraft.client.gui,Directed,references,275
net.neoforged.neoforge.client,net.minecraft.client.Camera,Directed,references,25
net.neoforged.neoforge.client,net.minecraft.client.DeltaTracker,Directed,references,29
net.neoforged.neoforge.client,net.minecraft.world.InteractionHand,Directed,references,7
net.neoforged.neoforge.client,net.minecraft.client.player,Directed,references,21
net.neoforged.neoforge.client,net.minecraft.client.color,Directed,references,16
net.neoforged.neoforge.client,net.minecraft.client.model,Directed,references,26
net.neoforged.neoforge.client,net.minecraft.client.sounds,Directed,references,8
net.neoforged.neoforge.client,net.minecraft.client.resources,Directed,references,135
net.neoforged.neoforge.client,net.minecraft.sounds.Music,Directed,references,7
net.neoforged.neoforge.client,net.minecraft.client.multiplayer,Directed,references,31
net.neoforged.neoforge.client,com.mojang.blaze3d.shaders,Directed,references,5
net.neoforged.neoforge.client,net.minecraft.core.Direction,Directed,references,26
net.neoforged.neoforge.client,net.minecraft.core.BlockPos,Directed,references,30
net.neoforged.neoforge.client,com.mojang.blaze3d.platform,Directed,references,23
net.neoforged.neoforge.client,net.minecraft.util.eventlog,Directed,references,5
net.neoforged.neoforge.client,net.minecraft.client.MouseHandler,Directed,references,3
net.neoforged.neoforge.client,net.minecraft.client.KeyMapping,Directed,references,11
net.neoforged.neoforge.client,net.minecraft.world.effect,Directed,references,14
net.neoforged.neoforge.client,net.minecraft.network.Connection,Directed,references,8
net.neoforged.neoforge.client,net.minecraft.client.particle,Directed,references,12
net.neoforged.neoforge.client,net.minecraft.client.Options,Directed,references,4
net.neoforged.neoforge.client,net.minecraft.network.chat,Directed,references,19
net.neoforged.neoforge.client,net.minecraft.world.inventory,Directed,references,14
net.neoforged.neoforge.client,net.minecraft.server.packs,Directed,references,20
net.neoforged.neoforge.client,net.minecraft.core.Registry,Directed,references,2
net.neoforged.neoforge.client,net.minecraft.core.HolderLookup,Directed,references,1
net.neoforged.neoforge.client,net.minecraft.client.searchtree,Directed,references,4
net.neoforged.neoforge.client,net.minecraft.util.profiling,Directed,references,3
net.neoforged.neoforge.client,net.neoforged.neoforge.network,Directed,references,1
net.neoforged.neoforge.client,net.minecraft.client.animation,Directed,references,4
net.neoforged.neoforge.client,net.neoforged.neoforge.common,Directed,references,55
net.neoforged.neoforge.client,net.neoforged.neoforge.registries,Directed,references,6
net.neoforged.neoforge.client,net.neoforged.neoforge.fluids,Directed,references,10
net.neoforged.neoforge.client,net.minecraft.core.particles,Directed,references,3
net.neoforged.neoforge.client,net.minecraft.client.RecipeBookCategories,Directed,references,12
net.neoforged.neoforge.client,com.mojang.blaze3d.audio,Directed,references,4
net.neoforged.neoforge.client,net.neoforged.neoforge.event,Directed,references,4
net.neoforged.neoforge.client,net.minecraft.util.RandomSource,Directed,references,14
net.neoforged.neoforge.client,net.minecraft.network.RegistryFriendlyByteBuf,Directed,references,1
net.neoforged.neoforge.client,com.mojang.math.Transformation,Directed,references,16
net.neoforged.neoforge.client,net.minecraft.ChatFormatting,Directed,references,2
net.neoforged.neoforge.client,net.minecraft.data.models,Directed,references,1
net.neoforged.neoforge.client,net.minecraft.client.OptionInstance,Directed,references,7
net.neoforged.neoforge.client,net.minecraft.util.FormattedCharSequence,Directed,references,3
net.neoforged.neoforge.client,net.minecraft.core.SectionPos,Directed,references,1
net.neoforged.neoforge.client,net.minecraft.data.PackOutput,Directed,references,5
net.neoforged.neoforge.client,net.minecraft.data.CachedOutput,Directed,references,4
net.neoforged.neoforge.client,net.minecraft.util.Unit,Directed,references,2
net.neoforged.neoforge.common,net.minecraft.world.item,Directed,references,244
net.neoforged.neoforge.common,net.neoforged.neoforge.client,Directed,references,201
net.neoforged.neoforge.common,net.minecraft.server.level,Directed,references,33
net.neoforged.neoforge.common,net.minecraft.world.phys,Directed,references,18
net.neoforged.neoforge.common,net.minecraft.util.RandomSource,Directed,references,4
net.neoforged.neoforge.common,net.neoforged.neoforge.event,Directed,references,81
net.neoforged.neoforge.common,net.minecraft.network.chat,Directed,references,20
net.neoforged.neoforge.common,net.minecraft.commands.arguments,Directed,references,4
net.neoforged.neoforge.common,net.minecraft.world.inventory,Directed,references,11
net.neoforged.neoforge.common,net.minecraft.world.entity,Directed,references,187
net.neoforged.neoforge.common,net.minecraft.world.Difficulty,Directed,references,3
net.neoforged.neoforge.common,net.minecraft.world.damagesource,Directed,references,22
net.neoforged.neoforge.common,net.minecraft.world.InteractionHand,Directed,references,9
net.neoforged.neoforge.common,net.minecraft.world.level,Directed,references,471
net.neoforged.neoforge.common,net.minecraft.core.BlockPos,Directed,references,185
net.neoforged.neoforge.common,net.minecraft.client.renderer,Directed,references,86
net.neoforged.neoforge.common,net.minecraft.world.InteractionResult,Directed,references,7
net.neoforged.neoforge.common,net.minecraft.world.Container,Directed,references,5
net.neoforged.neoforge.common,net.minecraft.resources.ResourceKey,Directed,references,47
net.neoforged.neoforge.common,net.minecraft.core.Direction,Directed,references,34
net.neoforged.neoforge.common,net.minecraft.network.protocol,Directed,references,70
net.neoforged.neoforge.common,net.neoforged.neoforge.fluids,Directed,references,25
net.neoforged.neoforge.common,net.minecraft.util.CrudeIncrementalIntIdentityHashBiMap,Directed,references,2
net.neoforged.neoforge.common,net.minecraft.network.syncher,Directed,references,4
net.neoforged.neoforge.common,net.minecraft.resources.ResourceLocation,Directed,references,80
net.neoforged.neoforge.common,net.minecraft.nbt.CompoundTag,Directed,references,25
net.neoforged.neoforge.common,net.minecraft.world.effect,Directed,references,10
net.neoforged.neoforge.common,net.minecraft.util.datafix,Directed,references,1
net.neoforged.neoforge.common,net.minecraft.commands.SharedSuggestionProvider,Directed,references,1
net.neoforged.neoforge.common,net.minecraft.core.HolderLookup,Directed,references,69
net.neoforged.neoforge.common,net.minecraft.core.Registry,Directed,references,11
net.neoforged.neoforge.common,net.minecraft.resources.RegistryOps,Directed,references,2
net.neoforged.neoforge.common,net.minecraft.client.particle,Directed,references,60
net.neoforged.neoforge.common,net.minecraft.tags.TagManager,Directed,references,1
net.neoforged.neoforge.common,net.minecraft.data.recipes,Directed,references,4
net.neoforged.neoforge.common,net.minecraft.advancements.Advancement,Directed,references,3
net.neoforged.neoforge.common,net.minecraft.core.HolderSet,Directed,references,13
net.neoforged.neoforge.common,net.minecraft.core.component,Directed,references,37
net.neoforged.neoforge.common,net.minecraft.server.packs,Directed,references,18
net.neoforged.neoforge.common,net.minecraft.data.PackOutput,Directed,references,33
net.neoforged.neoforge.common,net.minecraft.data.advancements,Directed,references,1
net.neoforged.neoforge.common,net.minecraft.data.CachedOutput,Directed,references,12
net.neoforged.neoforge.common,net.neoforged.neoforge.registries,Directed,references,20
net.neoforged.neoforge.common,net.minecraft.core.RegistrySetBuilder,Directed,references,6
net.neoforged.neoforge.common,net.minecraft.util.eventlog,Directed,references,2
net.neoforged.neoforge.common,net.minecraft.advancements.critereon,Directed,references,4
net.neoforged.neoforge.common,net.minecraft.data.tags,Directed,references,59
net.neoforged.neoforge.common,net.minecraft.core.WritableRegistry,Directed,references,1
net.neoforged.neoforge.common,net.minecraft.util.ProblemReporter,Directed,references,1
net.neoforged.neoforge.common,net.minecraft.client.multiplayer,Directed,references,1
net.neoforged.neoforge.common,net.minecraft.data.loot,Directed,references,3
net.neoforged.neoforge.common,net.neoforged.neoforge.network,Directed,references,3
net.neoforged.neoforge.common,net.minecraft.core.particles,Directed,references,4
net.neoforged.neoforge.common,net.minecraft.core.dispenser,Directed,references,1
net.neoforged.neoforge.common,net.minecraft.network.Connection,Directed,references,2
net.neoforged.neoforge.common,net.minecraft.data.models,Directed,references,5
net.neoforged.neoforge.common,net.minecraft.util.thread,Directed,references,2
net.neoforged.neoforge.common,net.minecraft.commands.CommandSourceStack,Directed,references,1
net.neoforged.neoforge.common,net.minecraft.world.scores,Directed,references,1
net.neoforged.neoforge.common,net.neoforged.neoforge.entity,Directed,references,2
net.neoforged.neoforge.common,net.minecraft.network.FriendlyByteBuf,Directed,references,10
net.neoforged.neoforge.common,net.minecraft.network.codec,Directed,references,4
net.neoforged.neoforge.common,net.minecraft.core.Holder,Directed,references,2
net.neoforged.neoforge.common,net.minecraft.client.gui,Directed,references,1
net.neoforged.neoforge.common,net.neoforged.neoforge.capabilities,Directed,references,6
net.neoforged.neoforge.common,net.minecraft.network.RegistryFriendlyByteBuf,Directed,references,4
net.neoforged.neoforge.common,net.minecraft.world.MenuProvider,Directed,references,3
net.neoforged.neoforge.common,net.minecraft.server.players,Directed,references,1
net.neoforged.neoforge.common,net.minecraft.network.PacketSendListener,Directed,references,3
net.neoforged.neoforge.common,net.minecraft.server.network,Directed,references,1
net.neoforged.neoforge.common,net.minecraft.tags.TagBuilder,Directed,references,6
net.neoforged.neoforge.common,net.minecraft.tags.TagEntry,Directed,references,1
net.neoforged.neoforge.common,com.mojang.math.Transformation,Directed,references,8
net.neoforged.neoforge.common,net.minecraft.util.profiling,Directed,references,2
net.neoforged.neoforge.common,net.minecraft.util.random,Directed,references,1
net.neoforged.neoforge.common,net.neoforged.neoforge.data,Directed,references,1
net.neoforged.neoforge.common,net.neoforged.neoforge.server,Directed,references,2
net.neoforged.neoforge.common,net.minecraft.nbt.Tag,Directed,references,4
net.neoforged.neoforge.common,net.minecraft.stats.Stat,Directed,references,1
net.neoforged.neoforge.common,net.minecraft.server.MinecraftServer,Directed,references,4
net.neoforged.neoforge.common,net.minecraft.network.PacketListener,Directed,references,1
net.neoforged.neoforge.common,net.minecraft.world.flag,Directed,references,1
net.neoforged.neoforge.common,net.minecraft.core.RegistryAccess,Directed,references,4
net.neoforged.neoforge.common,net.minecraft.advancements.AdvancementRequirements,Directed,references,5
net.neoforged.neoforge.common,net.minecraft.client.Minecraft,Directed,references,2
net.neoforged.neoforge.common,net.minecraft.sounds.Music,Directed,references,1
net.neoforged.neoforge.common,net.minecraft.nbt.ListTag,Directed,references,4
net.neoforged.neoforge.data,net.minecraft.data.DataGenerator,Directed,references,4
net.neoforged.neoforge.data,net.neoforged.neoforge.common,Directed,references,6
net.neoforged.neoforge.data,net.minecraft.server.packs,Directed,references,5
net.neoforged.neoforge.data,net.minecraft.world.level,Directed,references,13
net.neoforged.neoforge.data,net.minecraft.core.HolderLookup,Directed,references,5
net.neoforged.neoforge.data,net.minecraft.client.particle,Directed,references,5
net.neoforged.neoforge.data,net.minecraft.util.eventlog,Directed,references,2
net.neoforged.neoforge.data,net.minecraft.client.renderer,Directed,references,1
net.neoforged.neoforge.data,net.minecraft.data.tags,Directed,references,4
net.neoforged.neoforge.data,net.neoforged.neoforge.client,Directed,references,3
net.neoforged.neoforge.data,net.minecraft.core.RegistrySetBuilder,Directed,references,6
net.neoforged.neoforge.data,net.minecraft.resources.ResourceKey,Directed,references,4
net.neoforged.neoforge.data,net.minecraft.data.PackOutput,Directed,references,3
net.neoforged.neoforge.energy,net.neoforged.neoforge.common,Directed,references,3
net.neoforged.neoforge.energy,net.minecraft.core.component,Directed,references,3
net.neoforged.neoforge.energy,net.minecraft.core.HolderLookup,Directed,references,2
net.neoforged.neoforge.energy,net.minecraft.client.particle,Directed,references,2
net.neoforged.neoforge.energy,net.minecraft.nbt.Tag,Directed,references,2
net.neoforged.neoforge.entity,net.minecraft.network.RegistryFriendlyByteBuf,Directed,references,2
net.neoforged.neoforge.entity,net.minecraft.server.level,Directed,references,1
net.neoforged.neoforge.entity,net.minecraft.network.protocol,Directed,references,2
net.neoforged.neoforge.entity,net.minecraft.world.entity,Directed,references,2
net.neoforged.neoforge.entity,net.neoforged.neoforge.client,Directed,references,2
net.neoforged.neoforge.event,net.minecraft.server.packs,Directed,references,13
net.neoforged.neoforge.event,net.minecraft.resources.ResourceLocation,Directed,references,8
net.neoforged.neoforge.event,net.neoforged.neoforge.client,Directed,references,234
net.neoforged.neoforge.event,net.minecraft.core.Position,Directed,references,1
net.neoforged.neoforge.event,net.minecraft.server.ReloadableServerResources,Directed,references,3
net.neoforged.neoforge.event,net.minecraft.core.RegistryAccess,Directed,references,11
net.neoforged.neoforge.event,net.neoforged.neoforge.common,Directed,references,50
net.neoforged.neoforge.event,net.minecraft.core.HolderLookup,Directed,references,7
net.neoforged.neoforge.event,net.minecraft.client.particle,Directed,references,4
net.neoforged.neoforge.event,net.minecraft.util.profiling,Directed,references,2
net.neoforged.neoforge.event,net.minecraft.world.item,Directed,references,194
net.neoforged.neoforge.event,net.minecraft.world.level,Directed,references,186
net.neoforged.neoforge.event,net.minecraft.resources.ResourceKey,Directed,references,21
net.neoforged.neoforge.event,net.minecraft.core.NonNullList,Directed,references,6
net.neoforged.neoforge.event,net.neoforged.neoforge.attachment,Directed,references,5
net.neoforged.neoforge.event,net.minecraft.world.flag,Directed,references,1
net.neoforged.neoforge.event,net.minecraft.commands.CommandSourceStack,Directed,references,6
net.neoforged.neoforge.event,net.minecraft.world.Difficulty,Directed,references,4
net.neoforged.neoforge.event,net.minecraft.world.entity,Directed,references,332
net.neoforged.neoforge.event,net.minecraft.core.BlockPos,Directed,references,72
net.neoforged.neoforge.event,net.minecraft.client.renderer,Directed,references,34
net.neoforged.neoforge.event,net.minecraft.core.Holder,Directed,references,1
net.neoforged.neoforge.event,net.minecraft.core.SectionPos,Directed,references,2
net.neoforged.neoforge.event,net.minecraft.world.damagesource,Directed,references,14
net.neoforged.neoforge.event,net.minecraft.world.phys,Directed,references,23
net.neoforged.neoforge.event,net.minecraft.server.level,Directed,references,53
net.neoforged.neoforge.event,net.minecraft.world.effect,Directed,references,17
net.neoforged.neoforge.event,net.minecraft.core.particles,Directed,references,3
net.neoforged.neoforge.event,net.minecraft.world.DifficultyInstance,Directed,references,5
net.neoforged.neoforge.event,net.minecraft.world.InteractionHand,Directed,references,20
net.neoforged.neoforge.event,net.minecraft.util.RandomSource,Directed,references,7
net.neoforged.neoforge.event,net.minecraft.advancements.AdvancementProgress,Directed,references,3
net.neoforged.neoforge.event,net.minecraft.world.InteractionResultHolder,Directed,references,3
net.neoforged.neoforge.event,net.minecraft.world.inventory,Directed,references,10
net.neoforged.neoforge.event,net.minecraft.util.eventlog,Directed,references,8
net.neoforged.neoforge.event,net.minecraft.world.Container,Directed,references,3
net.neoforged.neoforge.event,net.minecraft.client.gui,Directed,references,13
net.neoforged.neoforge.event,net.minecraft.core.Direction,Directed,references,15
net.neoforged.neoforge.event,net.minecraft.world.InteractionResult,Directed,references,8
net.neoforged.neoforge.event,net.minecraft.network.protocol,Directed,references,1
net.neoforged.neoforge.event,net.minecraft.network.Connection,Directed,references,2
net.neoforged.neoforge.event,net.minecraft.world.ItemInteractionResult,Directed,references,3
net.neoforged.neoforge.event,net.minecraft.sounds.SoundSource,Directed,references,7
net.neoforged.neoforge.event,net.minecraft.util.Unit,Directed,references,2
net.neoforged.neoforge.event,net.minecraft.commands.Commands,Directed,references,6
net.neoforged.neoforge.event,net.minecraft.commands.CommandBuildContext,Directed,references,3
net.neoforged.neoforge.event,net.minecraft.server.players,Directed,references,3
net.neoforged.neoforge.event,net.minecraft.server.MinecraftServer,Directed,references,13
net.neoforged.neoforge.event,net.minecraft.util.random,Directed,references,3
net.neoforged.neoforge.event,net.minecraft.stats.Stat,Directed,references,4
net.neoforged.neoforge.event,net.minecraft.nbt.CompoundTag,Directed,references,5
net.neoforged.neoforge.event,net.minecraft.core.component,Directed,references,2
net.neoforged.neoforge.event,net.minecraft.server.ServerScoreboard,Directed,references,2
net.neoforged.neoforge.event,net.minecraft.util.datafix,Directed,references,2
net.neoforged.neoforge.fluids,net.minecraft.world.level,Directed,references,122
net.neoforged.neoforge.fluids,net.minecraft.world.entity,Directed,references,26
net.neoforged.neoforge.fluids,net.minecraft.core.BlockPos,Directed,references,37
net.neoforged.neoforge.fluids,net.neoforged.neoforge.client,Directed,references,40
net.neoforged.neoforge.fluids,net.minecraft.core.Direction,Directed,references,4
net.neoforged.neoforge.fluids,net.neoforged.neoforge.attachment,Directed,references,1
net.neoforged.neoforge.fluids,net.minecraft.world.item,Directed,references,36
net.neoforged.neoforge.fluids,net.minecraft.core.component,Directed,references,25
net.neoforged.neoforge.fluids,net.minecraft.client.renderer,Directed,references,17
net.neoforged.neoforge.fluids,net.minecraft.core.HolderLookup,Directed,references,7
net.neoforged.neoforge.fluids,net.minecraft.client.particle,Directed,references,7
net.neoforged.neoforge.fluids,net.minecraft.nbt.CompoundTag,Directed,references,4
net.neoforged.neoforge.fluids,net.neoforged.neoforge.capabilities,Directed,references,1
net.neoforged.neoforge.fluids,net.minecraft.core.HolderSet,Directed,references,6
net.neoforged.neoforge.fluids,net.minecraft.nbt.Tag,Directed,references,5
net.neoforged.neoforge.fluids,net.neoforged.neoforge.common,Directed,references,5
net.neoforged.neoforge.fluids,net.minecraft.world.phys,Directed,references,1
net.neoforged.neoforge.fluids,net.minecraft.core.particles,Directed,references,1
net.neoforged.neoforge.fluids,net.minecraft.world.InteractionHand,Directed,references,4
net.neoforged.neoforge.fluids,net.neoforged.neoforge.items,Directed,references,2
net.neoforged.neoforge.forge,net.minecraft.client.Options,Directed,references,2
net.neoforged.neoforge.forge,net.minecraft.CrashReport,Directed,references,1
net.neoforged.neoforge.forge,net.minecraft.client.gui,Directed,references,2
net.neoforged.neoforge.gametest,net.minecraft.core.BlockPos,Directed,references,2
net.neoforged.neoforge.gametest,net.minecraft.server.ServerScoreboard,Directed,references,3
net.neoforged.neoforge.internal,net.minecraft.server.packs,Directed,references,2
net.neoforged.neoforge.internal,net.minecraft.client.multiplayer,Directed,references,1
net.neoforged.neoforge.items,net.neoforged.neoforge.common,Directed,references,1
net.neoforged.neoforge.items,net.minecraft.core.component,Directed,references,1
net.neoforged.neoforge.items,net.minecraft.world.item,Directed,references,111
net.neoforged.neoforge.items,net.neoforged.neoforge.client,Directed,references,4
net.neoforged.neoforge.items,net.minecraft.world.inventory,Directed,references,1
net.neoforged.neoforge.items,net.minecraft.core.NonNullList,Directed,references,1
net.neoforged.neoforge.items,net.minecraft.core.HolderLookup,Directed,references,2
net.neoforged.neoforge.items,net.minecraft.client.particle,Directed,references,2
net.neoforged.neoforge.items,net.minecraft.nbt.CompoundTag,Directed,references,2
net.neoforged.neoforge.items,net.minecraft.world.level,Directed,references,8
net.neoforged.neoforge.items,net.minecraft.world.entity,Directed,references,17
net.neoforged.neoforge.items,net.minecraft.core.BlockPos,Directed,references,3
net.neoforged.neoforge.items,net.minecraft.core.Direction,Directed,references,4
net.neoforged.neoforge.items,net.neoforged.neoforge.registries,Directed,references,1
net.neoforged.neoforge.items,net.minecraft.world.Container,Directed,references,2
net.neoforged.neoforge.items,net.minecraft.world.WorldlyContainer,Directed,references,2
net.neoforged.neoforge.logging,net.minecraft.SystemReport,Directed,references,1
net.neoforged.neoforge.logging,net.minecraft.CrashReport,Directed,references,1
net.neoforged.neoforge.logging,net.minecraft.util.eventlog,Directed,references,2
net.neoforged.neoforge.mixins,net.neoforged.neoforge.client,Directed,references,1
net.neoforged.neoforge.mixins,net.minecraft.resources.ResourceKey,Directed,references,1
net.neoforged.neoforge.network,net.minecraft.network.protocol,Directed,references,104
net.neoforged.neoforge.network,net.minecraft.network.codec,Directed,references,29
net.neoforged.neoforge.network,net.neoforged.neoforge.event,Directed,references,27
net.neoforged.neoforge.network,net.minecraft.resources.ResourceKey,Directed,references,1
net.neoforged.neoforge.network,net.minecraft.core.Registry,Directed,references,1
net.neoforged.neoforge.network,net.minecraft.network.RegistryFriendlyByteBuf,Directed,references,12
net.neoforged.neoforge.network,net.neoforged.neoforge.registries,Directed,references,46
net.neoforged.neoforge.network,net.minecraft.resources.ResourceLocation,Directed,references,21
net.neoforged.neoforge.network,net.minecraft.server.network,Directed,references,4
net.neoforged.neoforge.network,net.minecraft.network.Connection,Directed,references,22
net.neoforged.neoforge.network,net.minecraft.world.level,Directed,references,11
net.neoforged.neoforge.network,net.minecraft.client.renderer,Directed,references,3
net.neoforged.neoforge.network,net.neoforged.neoforge.common,Directed,references,7
net.neoforged.neoforge.network,net.neoforged.neoforge.client,Directed,references,8
net.neoforged.neoforge.network,net.minecraft.world.inventory,Directed,references,1
net.neoforged.neoforge.network,net.minecraft.network.ConnectionProtocol,Directed,references,13
net.neoforged.neoforge.network,net.minecraft.server.level,Directed,references,6
net.neoforged.neoforge.network,net.minecraft.world.entity,Directed,references,2
net.neoforged.neoforge.network,net.minecraft.network.FriendlyByteBuf,Directed,references,9
net.neoforged.neoforge.network,net.minecraft.network.PacketListener,Directed,references,1
net.neoforged.neoforge.registries,net.minecraft.resources.ResourceLocation,Directed,references,62
net.neoforged.neoforge.registries,net.minecraft.resources.ResourceKey,Directed,references,87
net.neoforged.neoforge.registries,net.neoforged.neoforge.event,Directed,references,23
net.neoforged.neoforge.registries,net.minecraft.core.Registry,Directed,references,87
net.neoforged.neoforge.registries,net.neoforged.neoforge.network,Directed,references,3
net.neoforged.neoforge.registries,net.neoforged.neoforge.common,Directed,references,15
net.neoforged.neoforge.registries,net.minecraft.core.RegistryAccess,Directed,references,4
net.neoforged.neoforge.registries,net.minecraft.server.packs,Directed,references,5
net.neoforged.neoforge.registries,net.minecraft.util.profiling,Directed,references,4
net.neoforged.neoforge.registries,net.minecraft.client.renderer,Directed,references,36
net.neoforged.neoforge.registries,net.minecraft.resources.RegistryOps,Directed,references,1
net.neoforged.neoforge.registries,net.minecraft.resources.RegistryDataLoader,Directed,references,10
net.neoforged.neoforge.registries,net.minecraft.world.item,Directed,references,8
net.neoforged.neoforge.registries,net.neoforged.neoforge.client,Directed,references,33
net.neoforged.neoforge.registries,net.minecraft.core.Direction,Directed,references,2
net.neoforged.neoforge.registries,net.minecraft.core.Holder,Directed,references,1
net.neoforged.neoforge.registries,net.minecraft.core.HolderOwner,Directed,references,4
net.neoforged.neoforge.registries,net.minecraft.core.component,Directed,references,5
net.neoforged.neoforge.registries,net.minecraft.world.level,Directed,references,6
net.neoforged.neoforge.registries,net.minecraft.core.IdMapper,Directed,references,1
net.neoforged.neoforge.registries,net.minecraft.world.entity,Directed,references,6
net.neoforged.neoforge.registries,net.minecraft.core.HolderSet,Directed,references,9
net.neoforged.neoforge.registries,net.minecraft.network.codec,Directed,references,5
net.neoforged.neoforge.registries,net.minecraft.network.RegistryFriendlyByteBuf,Directed,references,5
net.neoforged.neoforge.registries,net.minecraft.util.RandomSource,Directed,references,3
net.neoforged.neoforge.registries,net.minecraft.core.HolderLookup,Directed,references,4
net.neoforged.neoforge.registries,net.minecraft.core.MappedRegistry,Directed,references,1
net.neoforged.neoforge.resource,net.neoforged.neoforge.common,Directed,references,5
net.neoforged.neoforge.resource,net.minecraft.core.HolderLookup,Directed,references,2
net.neoforged.neoforge.resource,net.minecraft.client.particle,Directed,references,2
net.neoforged.neoforge.resource,net.minecraft.server.packs,Directed,references,44
net.neoforged.neoforge.resource,net.minecraft.resources.ResourceLocation,Directed,references,1
net.neoforged.neoforge.server,net.minecraft.world.level,Directed,references,17
net.neoforged.neoforge.server,net.minecraft.commands.CommandSourceStack,Directed,references,42
net.neoforged.neoforge.server,net.minecraft.core.Registry,Directed,references,5
net.neoforged.neoforge.server,net.minecraft.resources.ResourceLocation,Directed,references,8
net.neoforged.neoforge.server,net.minecraft.resources.ResourceKey,Directed,references,4
net.neoforged.neoforge.server,net.minecraft.network.chat,Directed,references,4
net.neoforged.neoforge.server,net.neoforged.neoforge.client,Directed,references,11
net.neoforged.neoforge.server,net.minecraft.core.component,Directed,references,2
net.neoforged.neoforge.server,net.minecraft.ChatFormatting,Directed,references,2
net.neoforged.neoforge.server,net.minecraft.world.entity,Directed,references,1
net.neoforged.neoforge.server,net.minecraft.network.FriendlyByteBuf,Directed,references,2
net.neoforged.neoforge.server,net.minecraft.commands.CommandBuildContext,Directed,references,1
net.neoforged.neoforge.server,net.minecraft.commands.synchronization,Directed,references,1
net.neoforged.neoforge.server,net.minecraft.core.BlockPos,Directed,references,1
net.neoforged.neoforge.server,net.minecraft.server.level,Directed,references,9
net.neoforged.neoforge.server,net.minecraft.server.MinecraftServer,Directed,references,11
net.neoforged.neoforge.server,net.minecraft.world.TickRateManager,Directed,references,1
net.neoforged.neoforge.server,net.minecraft.server.dedicated,Directed,references,2
net.neoforged.neoforge.server,net.minecraft.client.renderer,Directed,references,1
net.neoforged.neoforge.server,net.minecraft.core.Holder,Directed,references,1
